"","","","","","","","","","","","","","","","","","","","","Discount","","","","Surcharge","","","","","","","","","","","","","","","","","","","","","","","","","","","","","","","","","","Location","","","","","","","","","Customer","","","","","","","","","","","","","","","","","","","","","","","","","Job","","","","","","","","","","","","","","","","",""
"#ID","Status","Status Type","Customer","Parent Customer","Invoice Title","Parent Job","Parent Job Title","Related Estimate","Pre-Tax Subtotal [Excluding Discounts & Surcharges]","Pre-Tax Subtotal [Including Discounts & Surcharges]","Invoice Total","Cost Basis","Profit Margin","Profit Margin Percent","Amount Paid","Amount Due","Total Product Price","Total Service Price","Paid in full","Title","Description","Type","Amount","Title","Description","Type","Amount","Invoiced Date","Sent At","Due Date","Accepted Day","Related Estimate Accepted Date","Created Date","Created Date Year","Created Date Month","Invoice Notes","Internal Notes","Reference","Tags","Tax Rate","Tax","Tax Amount Paid","Tax Amount Remaining","Total Product Cost (Excluding Tax)","Total Service Cost (Excluding Tax)","Total Product Cost (Including Tax)","Total Service Cost (Including Tax)","Invoice Creator","Commission Recipient","Direct Invoice Commission Method","Direct Invoice Commission %","Direct Invoice Commission Total","Overall Commission Total","First Payment Date","Last Payment Date","Related Project","Related Project Status","Location Address","City","State","Zip Code","QB Originated","QuickBooks Class","Business Unit","P.O. Number","IME Work Order Number","Customer Specific Markup Rate","Lead Partner","Membership Status","Membership Credits","Membership Type","Membership Discount Tier","Feedback Score","Feedback Message","Customer #","Customer Phone","Customer Email","Customer Phone 2","Customer Email 2","Customer Assigned To","Customer Lead Source","Customer Pipeline Status","Customer Next Steps","Customer Notes","Customer Job Notes","Customer Created Date","Customer Tags","Customer Display Name","Customer Company Name","Customer First name","Customer Last Name","IME Work Order Number (Old)","PO Number","Special Location Access Info","nothing","Business Unit","Cancellation Reason","Name of Requestor","TGL","Job Feedback Score","Job Feedback Message","Lowes - Water Heaters","Status","Notes","Assigned Team Members","Assigned Teams","Field Notes","Tags","Assigned Workflow"
"78100","Invoiced","Invoiced","Cotton Lane Commerce Park - BB#","CBRE - Main","Cotton Lane Commerce Park - BB# - Estimate - List Station Issue","#26267 - List Station Issue","List Station Issue","Cotton Lane Commerce Park - BB# - Estimate - List Station Issue","739","739","739","187.4","551.6","75","0","739","219","520","No","","","","0","","","","0","Jul 20, 2026","","Aug 27, 2026","Tue Jul 28 2026 08:25:48 GMT-0700","Mon Jul 20 2026 10:17:27 GMT-0700","Tue Jul 28 2026 08:25:48 GMT-0700","2026","July 2026","","","","","0","0","0","0","125","62.4","125","62.4","Chris Marrs","Hunter Howell","","30","165.48","NaN","","","-","-","4200 South Cotton Lane, Goodyear, Arizona 85338","Goodyear","Arizona","85338","No","AZ Service","","","","","Lowe's","Free","","Residential","Tier 1 - 8%","","","17364526","(602) 577-8163","zachary.jaburg@cbre.com","","","Kris Driggs","","","","","","Wed Jul 01 2026 08:17:34 GMT-0700","Phoenix,VIP","Cotton Lane Commerce Park - BB#","Cotton Lane Commerce Park - BB#","Zachary","Jaburg","","","","","PHX - Plumbing","","Zachary","","","","","Pending Site Visits","Zachary requested a quote from us. He sent us a quote from plumb smart","Hunter Howell","MFH - Plumbing","Confirmed found section of schedule 80 blown off flange 
We will need to cut section out and replaced it","VIP","Default Workflow"
"78092","Invoiced","Invoiced","Parq on 5th","BH Management Services LLC","Unit 706-3 - Washer and Bathroom Sink Backup","#26675 - Clogged Drain :Plumbing","Clogged Drain :Plumbing","","238","238","238","28.68","209.32","88","0","238","-1","239","No","","","","0","","","","0","Jul 20, 2026","","Aug 26, 2026","","","Mon Jul 27 2026 17:54:23 GMT-0700","2026","July 2026","","","","","0","0","0","0","0","28.68","0","28.68","Jarren Heward","Jarren Heward","","30","71.4","NaN","","","-","-","805 West Brown Street, Tempe, Arizona 85281","Tempe","Arizona","85281","No","AZ Service:MFH","","","","","Lowe's","Free","","Residential","Tier 1 - 8%","","","12967316","(480) 781-7035","raphael.demeo@livebh.com","","bree.macfarlane@livebh.com","Logen Uknavage","Referral","","","","","Tue Oct 28 2025 12:55:01 GMT-0700","BH Mgmt,MFH,Commercial","Parq on 5th","Parq on 5th","Raphiel","Demeo","","","","","MFH - Plumbing","","Raphael","","","","","Completed","Unit 706-3
Washer/bathroom sink backing up
POC Raphael","Carmen Tripodi","Swiss Army Knife","Upon arrival, tenant mentioned that there was water on the carpet in front of the washer, and that the bathroom sink would also back up, and she saw lint in the sink. Ran a 3/8 cable through the washer drain line. Hit one blockage and after some time, made it through. Hit another possible blockage, and it took less time to go through. Ran the cable multiple feet past. Ran the sink and saw no issues. Ran a small amount of water through the washer drain line and had no issues.","","Default Workflow"
"78090","Invoiced","Invoiced","PHX West, LLC c/o CBRE, Inc.","CBRE - Main","PHX West, LLC c/o CBRE, Inc. - Invoice - Descaling - Jetting","#26086 - Descaling - Jetting","Descaling - Jetting","","24383","24383","24383","4086.56","20296.44","83","0","24383","150","24233","No","","","","0","","","","0","Jul 24, 2026","","Aug 26, 2026","","","Mon Jul 27 2026 17:16:20 GMT-0700","2026","July 2026","","","","","0","0","0","0","75","4011.56","75","4011.56","Dominic Cruz","Dominic Cruz","Multiple commissions applied (view Commission Report to see specific type breakdown)","Multiple commissions applied (view Commission Report to see specific % breakdown)","6291.9","NaN","","","South Mountain","Accepted","1825 East Buckeye Road, Phoenix, Arizona 85034","Phoenix","Arizona","85034","No","AZ Service","","","","","Lowe's","Free","","Residential","Tier 1 - 8%","","","6724723","(602) 488-9257","amy.sexton@cbre.com","","","Kris Driggs","","","","","","Tue Apr 23 2024 16:10:56 GMT-0700","Commercial,VIP","PHX West, LLC c/o CBRE, Inc.","PHX West, LLC c/o CBRE, Inc.","Amy","Sexton","","","","","PHX - Plumbing","","Amy","","","","","Completed","South Mountain - Descaling and jetting","Casey Villani, Michael Balderrama, Steve Walpole, Roman Twardoz","PHX - Plumbing, Swiss Army Knife","","","Default Workflow"
"78072","Sent","Sent","Chewy Distribution","","Chewy Distribution - Invoice - Plumbing Inspection","#24033 - Plumbing Inspection","Plumbing Inspection","","923","923","923","149.8","773.2","84","0","923","63","860","No","","","","0","","","","0","Jul 23, 2026","","Sep 10, 2026","","","Mon Jul 27 2026 14:16:53 GMT-0700","2026","July 2026","","","","","0","0","0","0","25","124.8","25","124.8","Chris Marrs","Adam George","","0","0","NaN","","","-","-","255 S 143rd Avenue, Goodyear, AZ 85338","Goodyear","AZ","85338","No","AZ Service","","","","","Lowe's","Free","","Residential","Tier 1 - 8%","","","6724734","(602) 566-3928","cellerman@chewy.com","","","Kris Driggs","Cushman & Wakefield","","","Every estimate $5000 or more may need to be itemized for all material being used.","","Tue Apr 23 2024 16:10:57 GMT-0700","VIP,Commercial,Net 45,Coupa","Chewy Distribution","Chewy Distribution","Chris","Ellerman","","","","","PHX - Plumbing","","Chris","","","","","Completed","This is the weekly maintenance visit. We are to invoice $215 for each visit, unless there is work performed. 
PO CHI167572 is only valid 5/1-7/31","Adam George","PHX - Plumbing","Men's urinal #7- Replaced diaphragm and actuator motor head.
Women's inbound stall 8- replaced diaphragm
Women's inbound stall 7 - Replaced diaphragm, vacuum breaker, and actuator head; sanded and cleaned every seal surface. Unit is still continuously running; will need to replace head body due to the put-in not allowing the diaphragm to seat properly. Will provide estimate for this. PoC said it is fine to repair this next service
Men's inbound far sink- replaced faucet as solenoid seal has failed, allowing faucet to continuously
Men's outbound stall 4. Seeing eye cover and button were broken; replaced with new.

Purchased 5 vacuum breakers with poc concent; cost $21
4 hours in site","VIP","Default Workflow"
"78043","Sent","Sent","Sunrise Circle","Native American Connections","After Hours - Invoice - Active Water Leak :Plumbing","#27341 - Active Water Leak :Plumbing","Active Water Leak :Plumbing","","89","89","89","10.68","78.32","88","0","89","0","89","No","","","","0","","","","0","Jul 25, 2026","","Aug 26, 2026","","","Mon Jul 27 2026 11:43:11 GMT-0700","2026","July 2026","","","","","0","0","0","0","0","10.68","0","10.68","Chris Marrs","","","0","0","NaN","","","-","-","2922 North 39th Street, Phoenix, Arizona 85018","Phoenix","Arizona","85018","No","AZ Service:MFH","","","","","Lowe's","Free","","Residential","Tier 1 - 8%","","","17640173","602-390-3742","","","","","","","","","","Mon Jul 27 2026 12:58:00 GMT-0700","","Sunrise Circle","Sunrise Circle","Hector","","","","","","MFH - Plumbing","","Hector","","","","","Completed","Sunrise Circle (NAC)
Unit 104 has a leak above the sink
POC Hector: 602-390-3742","Jordan Wise","MFH - Plumbing","Arrived 9:40pm - Finished 10pm 
Once inside unit tenant led me to leak and it was just the condensate drain from her AC above her sink that drips every now and then I informed her this is normal, but she says she has never seen it drip before I recommended to the maintenance guy that it might be worth getting an HVAC technician out here to make sure her AC unit is running properly. He said he will do that.","","Default Workflow"
"78041","Sent","Sent","505 West","Harbor Group Management Co., LLC","505 West - Invoice - No Cool :HVAC","#27315 - No Cool :HVAC","No Cool :HVAC","","323","323","323","56.2","266.8","83","0","323","63","260","No","","","","0","","","","0","Jul 25, 2026","Mon Jul 27 2026 11:36:39 GMT-0700","Aug 26, 2026","","","Mon Jul 27 2026 11:35:59 GMT-0700","2026","July 2026","","","","","0","0","0","0","25","31.2","25","31.2","Jarren Heward","Jarren Heward","","30","96.9","NaN","","","-","-","505 West Baseline Road, Tempe, Arizona 85283","Tempe","Arizona","85283","No","MFH:MFH - HVAC","","","","","Lowe's","Free","","Residential","Tier 1 - 8%","","","15570187","480-577-2649","jpelayo@harborgroupmanagement.com","","","Logen Uknavage","","","","","Can't be on property after 6p. If we have to be, call Jesus to verify
Goodman condensers only for this property - R32 ONLY","Thu Apr 02 2026 10:44:15 GMT-0700","Harbor","505 West","505 West","Jesus","Maintenance supervisor","","","","","MFH - HVAC","","Anthony","","","","","Completed","Can't be on property after 6p. If we have to be, call Jesus to verify
Goodman condensers only for this property - R32 ONLY
Unit 1167
AC is leaking, possible condensate clog
POC Anthony","Jacob Martinez","MFH - HVAC","Service & Diagnostics Report
​Initial Assessment: System was running with low suction pressure and a lukewarm suction line. Pan overflow was cleared completely with nitrogen.
​Diagnostic Findings: Added R-22, which caused head pressure to spike immediately alongside high superheat—confirming a severe system restriction rather than low charge.
​Current Equipment: Old R-22 system (recommend full replacement).
​Replacement Recommendation & Logistics
​System Specs: 2-Ton first co Split System Full Install (Recommend Goodman R-32).
​Primary Estimate: Full 2-Ton Split System Installation.
​Crane & Rigging Requirements:
​Overhead power lines rule out setting up a crane on the main street. Very large crane with extended reach to clear buildinds and obstacles from parking lot","","Default Workflow"
"78038","Sent","Sent","Colter Park","Harbor Group Management Co., LLC","Unit 70 - Angle Stop Repair","#27331 - Active Water Leak :Plumbing","Active Water Leak :Plumbing","","450","450","450","111","339","75","0","450","150","300","No","","","","0","","","","0","Jul 25, 2026","","Aug 26, 2026","","","Mon Jul 27 2026 11:22:23 GMT-0700","2026","July 2026","","","","RealPage","0","0","0","0","75","36","75","36","Jarren Heward","Jarren Heward","","30","135","NaN","","","-","-","909 West Colter Street, Phoenix, Arizona 85013","Phoenix","Arizona","85013","No","AZ Service:MFH","","","","","Lowe's","Free","","Residential","Tier 1 - 8%","","","15508690","(480) 640-7388","fswanson@harborgroupmanagement.com","","","Logen Uknavage","","","","","","Mon Mar 30 2026 09:43:16 GMT-0700","Harbor","Colter Park","Colter Park","Feljie","Swanson","","85893007","","","MFH - Plumbing","","","","","","","Completed","Unit 70
POC: Anthony 602-880-8228
Unit is vacant - Key will be left in chiller room, lockbox code 8579
If we have any issues finding the key please call Anthony
Angle stop is leaking, POC couldnt remember which sink but said there is a bucket under it","Jordan Wise","MFH - Plumbing","Arrived 7:30pm - Finished 9pm 
Once at unit gained access and assessed leak found no supply line was connected on dishwasher line for hot angle stop and it did not fully shut off causing it to drip. Had to leave for parts at 7:45 PM. Was back in site at 8:40pm. Went on roof shut down water waited for drain down and made repair. After repair was made, turned on water, tested for leaks all was good locked up unit and returned keys to mechanical room.
1- 1/2” dual sharkbite angle stop
1- 1/2” sharkbite coupling 
1- supply line 
1 foot 1/2” copper pipe","","Default Workflow"
"78036","Sent","Sent","Capri on Camelback","Harbor Group Management Co., LLC","Capri on Camelback - Invoice - Fan Coil - Flush Valves","#27349 - Fan Coil - Flush Valves","Fan Coil - Flush Valves","","1470","1470","1470","152.2","1317.8","90","0","1470","350","1120","No","","","","0","","","","0","Jul 26, 2026","","Aug 26, 2026","","","Mon Jul 27 2026 11:18:11 GMT-0700","2026","July 2026","","","","","0","0","0","0","170","134.4","170","134.4","Chris Marrs","","","0","441","NaN","","","-","-","5115 North 40th Street, Phoenix, Arizona 85018","Phoenix","Arizona","85018","No","AZ Service:MFH","","","","","Lowe's","Free","","Residential","Tier 1 - 8%","","","17009572","(602) 882-8579","tgeorge@harborgroupmanagement.com","","","Logen Uknavage","Referral","","","","","Tue Jun 02 2026 16:45:17 GMT-0700","MFH,Commercial","Capri on Camelback","Capri on Camelback","Travis","George","","","","","MFH - Plumbing","","Juan","","","","","Completed","Need to install flush valves and flush the coil","Jordan Wise","MFH - Plumbing","Arrived 4:20pm - Finished 5:30pm
Once inside unit inspected coil found location where I wanted to install flush valves shut down water and installed valves as needed. Turned on water tested for leaks. All is good flushed from new valves. Tons of air came out and also dirty water continued to flush multiple buckets until air was depleted from system, and water was clear afterwards took temperatures and is cooling much better now got a 16° split.
2- 1/2” hose bibs","","Default Workflow"
"78034","Sent","Sent","Avalon Hills","Avenue 5","Unit 2279 - Toilet Installation","#27213 - Fixture Issues :Plumbing","Fixture Issues :Plumbing","","350","350","350","38.4","311.6","89","0","350","30","320","No","","","","0","","","","0","Jul 24, 2026","","Aug 26, 2026","","","Mon Jul 27 2026 11:12:54 GMT-0700","2026","July 2026","","","","","0","0","0","0","0","38.4","0","38.4","Jarren Heward","Jarren Heward","","30","105","NaN","","","-","-","3535 W Tierra Buena Ln, Phoenix, AZ 85053","","","85053","No","AZ Service:MFH","","","","","Lowe's","Free","","Residential","Tier 1 - 8%","","","15125379","(844) 427-1958","avalonhills@avenue5apt.com","","pm.avalonhills@avenue5apt.com","Logen Uknavage","","","","Avenue 5 property picked up by Logen","","Fri Feb 27 2026 11:05:58 GMT-0700","","Avalon Hills","Avalon Hills","","","","","","","MFH - Plumbing","","EJ","","","","","Completed","Unit 2279
Customer supplied toilet install
NTE $350
POC EJ. Call when en route","Julian Guidry","MFH - Plumbing","Called out to install customer supplied toilet, the existing toilet was cracked and broken, shut off water at angle stop, unscrewed toilet and removed it, cleaned up flange and removed old wax, installed new bolts and wax ring and set toilet, toilet didnt come with all the necessary bolts and nuts for the install so i had to go to van marcke, tested flush and no leaks","","Default Workflow"
"78033","Invoiced","Invoiced","Venue on Camelback","BH Management Services LLC","Venue on Camelback - Invoice - Active Water Leak :Plumbing","#27173 - Active Water Leak :Plumbing","Active Water Leak :Plumbing","","2525","2525","2525","540","1985","79","0","2525","525","2000","No","","","","0","","","","0","Jul 24, 2026","","Aug 26, 2026","","","Mon Jul 27 2026 11:05:33 GMT-0700","2026","July 2026","","","","","0","0","0","0","300","240","300","240","Jarren Heward","Jarren Heward","","30","757.5","NaN","","","-","-","1930 East Camelback Road, Phoenix, Arizona 85016","Phoenix","Arizona","85016","No","AZ Service:MFH","","","","","Lowe's","Free","","Residential","Tier 1 - 8%","","","12805541","(480) 340-2646","andres.marquez@livebh.com","","","Logen Uknavage","","","","","","Thu Oct 16 2025 15:10:12 GMT-0700","Commercial,MFH,BH Mgmt","Venue on Camelback","Venue on Camelback","Andres","Marquez","","","","","MFH - Plumbing","","Andreas","","","","","Completed","Unit 217
When they use the bathroom sink, it is dripping in to 117. Can't find anything themselves, possibly in the wall
POC Andreas","Adam George, Jordan Wise","PHX - Plumbing, MFH - Plumbing","Leak on main bathroom stack: what appears to be a section of 4"" cast iron has split running through the slab between unit 117 and unit 217","","Default Workflow"
"78031","Sent","Sent","Colter Park","Harbor Group Management Co., LLC","Colter Park - Invoice - Fan Coil - No cool","#27212 - Fan Coil - No cool","Fan Coil - No cool","","270","270","270","33","237","88","0","270","-5","275","No","","","","0","","","","0","Jul 24, 2026","","Aug 26, 2026","","","Mon Jul 27 2026 10:55:50 GMT-0700","2026","July 2026","","","","RealPage","0","0","0","0","0","33","0","33","Chris Marrs","","","0","0","NaN","","","-","-","909 West Colter Street, Phoenix, Arizona 85013","Phoenix","Arizona","85013","No","AZ Service:MFH","","","","","Lowe's","Free","","Residential","Tier 1 - 8%","","","15508690","(480) 640-7388","fswanson@harborgroupmanagement.com","","","Logen Uknavage","","","","","","Mon Mar 30 2026 09:43:16 GMT-0700","Harbor","Colter Park","Colter Park","Feljie","Swanson","","85893000","","","MFH - Plumbing","","","","","","","Completed","Unit 378
Fan coil is not cooling
POC Anthony","Jordan Wise","MFH - Plumbing","Arrived 1:25pm - Finished 1:45pm
Once at unit inspected fan coil and found leak to be caused by backed up drain pan. Cleared drain and al is good now.","","Default Workflow"
"78028","Sent","Sent","**44 Monroe","Greystar","**44 Monroe - Estimate","#27079 - Fixture Issues :Plumbing","Fixture Issues :Plumbing","**44 Monroe - Estimate","12150","12150","12150","5461.6","6688.4","55","0","12150","5850","6300","No","","","","0","","","","0","Jul 24, 2026","","Aug 26, 2026","","","Mon Jul 27 2026 10:42:10 GMT-0700","2026","July 2026","","","","","0","0","0","0","4900","561.6","4900","561.6","Chris Marrs","Hunter Howell","","30","2006.52","NaN","","","-","-","44 West Monroe Street, Phoenix, AZ 85003","Phoenix","AZ","85003","No","AZ Service:MFH","","","","","Lowe's","Free","","Residential","Tier 1 - 8%","","","6724719","480-818-0717","sarah.odaniel@greystar.com","","44monroemaint@greystar.com","Kris Driggs","Cushman & Wakefield","","","","Call Dominic Meza regarding work","Tue Apr 23 2024 16:10:56 GMT-0700","Commercial,VIP","**44 Monroe","**44 Monroe","Sarah","ODaniel","","","","","MFH - Plumbing","","Dominic","","","","","Completed","Call Dominic Meza regarding work 
16th Floor Mechanical Room - PRV replacement
Show up at 830 for shutdown at 9. Dominic will not be there. Contact front off number for access.
Parts at hughes across the street from shop","Hunter Howell","MFH - Plumbing","Findings
Found PRV leaking and not functioning properly.
Includes
Turned water off to section
Drained system
Removed and replaced PRV
Restored water
Leak tested
Tested for proper function
Cleaned up
Excludes
Work beyond listed scope
Water damage","","Default Workflow"
"78027","Sent","Sent","Colter Park","Harbor Group Management Co., LLC","Unit 192 - Fan Coil Service","#27211 - Fan Coil - No cool","Fan Coil - No cool","","340","340","340","42","298","88","0","340","-10","350","No","","","","0","","","","0","Jul 24, 2026","","Aug 26, 2026","","","Mon Jul 27 2026 10:39:32 GMT-0700","2026","July 2026","","","","RealPage","0","0","0","0","0","42","0","42","Jarren Heward","Jarren Heward","","30","102","NaN","","","-","-","909 West Colter Street, Phoenix, Arizona 85013","Phoenix","Arizona","85013","No","AZ Service:MFH","","","","","Lowe's","Free","","Residential","Tier 1 - 8%","","","15508690","(480) 640-7388","fswanson@harborgroupmanagement.com","","","Logen Uknavage","","","","","","Mon Mar 30 2026 09:43:16 GMT-0700","Harbor","Colter Park","Colter Park","Feljie","Swanson","","85893082","","","MFH - Plumbing","","","","","","","Completed","Unit 192
Fan coil is not cooling
POC Anthony","Jordan Wise","MFH - Plumbing","Arrived 3pm - Finished 3:30pm
Once inside unit took temperatures at 94° flushed coil of dirty water until clear got temps down to 63°. Everything is cooling good now.","","Default Workflow"
"78025","Sent","Sent","Argenta Apartments","29th Street Communities","Argenta Apartments - Invoice - Active Water Leak :Plumbing","#27059 - Active Water Leak :Plumbing","Active Water Leak :Plumbing","","800","800","800","124.8","675.2","84","0","800","0","800","No","","","","0","","","","0","Jul 24, 2026","","Aug 26, 2026","","","Mon Jul 27 2026 10:29:53 GMT-0700","2026","July 2026","","","","","0","0","0","0","0","124.8","0","124.8","Chris Marrs","","","0","0","NaN","","","-","-","4104 East Broadway Road, Mesa, Arizona 85206","Mesa","Arizona","85206","No","AZ Service:MFH","","","","","Lowe's","Free","","Residential","Tier 1 - 8%","","","9808428","(925) 324-7595","diana.march@29scliving.com","","sean.obrien@29scliving.com","Logen Uknavage","Referral","Won","","","","Fri Mar 21 2025 08:24:30 GMT-0700","","Argenta Apartments","Argenta Apartments","Diana","March","","287682","","","MFH - Plumbing","","Sean","","","","","Completed","Unit 1068
Slab leak- surfacing in 2nd bedroom
POC Sean
**POC requesting we confirm leak and provide estimate if it is a slab leak","Brodyn Janshen","MFH - Plumbing","Arrived on site waited for office to give me keys after 15 minutes I got the keys and found the unit, the water is coming up from the floor in the bedroom to the right when you walk in. At the entrance of the bedroom, under the door. The wall behind the shower valve is dry, and the cabinet is also dry. There’s about a 1.5 foot by 1.5 foot section of the carpet that is wet, beyond that is all dry.  Found 1 inch ball valves on the east side of the building. 

The scope of work would include 
Clear work space 
Remove section of carpet 
Break flooring to dirt 
Dig down to access pipe
Fix and repair any compromised pipe
Leak test 
Backfill
Rough patch of concrete 
Clean up work area","","Default Workflow"
"78021","Sent","Sent","Colter Park","Harbor Group Management Co., LLC","Colter Park - Invoice - Fan Coil - No cool","#27210 - Fan Coil - No cool","Fan Coil - No cool","","295","295","295","48.8","246.2","83","0","295","55","240","No","","","","0","","","","0","Jul 24, 2026","","Aug 26, 2026","","","Mon Jul 27 2026 10:22:11 GMT-0700","2026","July 2026","","","","RealPage","0","0","0","0","20","28.8","20","28.8","Jarren Heward","Jarren Heward","","30","88.5","NaN","","","-","-","909 West Colter Street, Phoenix, Arizona 85013","Phoenix","Arizona","85013","No","AZ Service:MFH","","","","","Lowe's","Free","","Residential","Tier 1 - 8%","","","15508690","(480) 640-7388","fswanson@harborgroupmanagement.com","","","Logen Uknavage","","","","","","Mon Mar 30 2026 09:43:16 GMT-0700","Harbor","Colter Park","Colter Park","Feljie","Swanson","","85892455","","","MFH - Plumbing","","","","","","","Pending Site Visits","Unit 177
Fan coil is not cooling
POC Anthony","Jordan Wise","MFH - Plumbing","Arrived 12:15pm - Finished 1:15pm
Once at unit inspected fan coil and found lines were improperly wrapped removed all insulation to at was affected and wrapped lines properly, Leak is now gone. Cleaned up work area before heading to next call.
1- roll of foam tape","","Default Workflow"
"78018","Sent","Sent","Colter Park","Harbor Group Management Co., LLC","Colter Park - Invoice - Fan Coil Leak","#27219 - Fan Coil Leak","Fan Coil Leak","","345","345","345","56","289","84","0","345","45","300","No","","","","0","","","","0","Jul 24, 2026","","Aug 26, 2026","","","Mon Jul 27 2026 10:17:27 GMT-0700","2026","July 2026","","","","RealPage","0","0","0","0","20","36","20","36","Jarren Heward","Jarren Heward","","30","103.5","NaN","","","-","-","909 West Colter Street, Phoenix, Arizona 85013","Phoenix","Arizona","85013","No","AZ Service:MFH","","","","","Lowe's","Free","","Residential","Tier 1 - 8%","","","15508690","(480) 640-7388","fswanson@harborgroupmanagement.com","","","Logen Uknavage","","","","","","Mon Mar 30 2026 09:43:16 GMT-0700","Harbor","Colter Park","Colter Park","Feljie","Swanson","","85892627","","","MFH - Plumbing","","Josh","","","","","Completed","Unit 309
Fan coil water leak
POC Josh","Jordan Wise","MFH - Plumbing","Arrived 10am - Finished 11:40am
Once on site gained access to unit, inside unit inspected coil and found lines were improperly wrapped. Left for foam tape. Took awhile to find once back on site wrapped lines as needed and no more leak is present cleaned up work area before heading to next call. 
1- roll of foam tape","","Default Workflow"
"78016","Sent","Sent","Capri on Camelback","Harbor Group Management Co., LLC","Capri on Camelback - Invoice - Active Water Leak :Plumbing","#27239 - Active Water Leak :Plumbing","Active Water Leak :Plumbing","","750","750","750","166","584","78","0","750","200","550","No","","","","0","","","","0","Jul 24, 2026","","Aug 26, 2026","","","Mon Jul 27 2026 10:14:41 GMT-0700","2026","July 2026","","","","","0","0","0","0","100","66","100","66","Jarren Heward","Hunter Howell","","30","225","NaN","","","-","-","5115 North 40th Street, Phoenix, Arizona 85018","Phoenix","Arizona","85018","No","AZ Service:MFH","","","","","Lowe's","Free","","Residential","Tier 1 - 8%","","","17009572","(602) 882-8579","tgeorge@harborgroupmanagement.com","","","Logen Uknavage","Referral","","","","","Tue Jun 02 2026 16:45:17 GMT-0700","MFH,Commercial","Capri on Camelback","Capri on Camelback","Travis","George","","","","","MFH - Plumbing","","Juan","","","","","Completed","A403
Tub is leaking down to A303
POC Juan","Hunter Howell","MFH - Plumbing","Findings
Found waste and overflow leaking.
Includes
Moved refrigerator to gain access
Removed trim
Cut access hole behind refrigerator to access the waste and overflow
Jackhammered through concrete as needed for access
Removed and replaced the failed waste and overflow assembly
Leak tested
Reinstalled trim
Cleaned up
Excludes
Concrete repair
Drywall, texture, and paint repairs
Flooring repairs
Water damage restoration
Work beyond listed scope","","Default Workflow"
"78015","Paid","Paid","Emelie Brechbiel","","Emelie Brechbiel - Invoice - Sink :Lowes Simple Installs","#26978 - Sink :Lowes Simple Installs","Sink :Lowes Simple Installs","","50","50","50","5","45","90","50","0","0","50","Yes","","","","0","","","","0","Jul 24, 2026","","Aug 11, 2026","","","Mon Jul 27 2026 10:13:04 GMT-0700","2026","July 2026","","","","Add On,Lowes","0","0","0","0","0","5","0","5","Ashley Reed","Erik Tange","","0","18","NaN","Mon Jul 27 2026 05:00:00 GMT-0700","Mon Jul 27 2026 05:00:00 GMT-0700","-","-","4024 North 85th Avenue, Phoenix, Arizona 85037","Phoenix","Arizona","85037","No","Lowes:Simple Installs","","","","","Lowe's","Free","","Residential","Tier 1 - 8%","","","14534720","(623) 330-7671","emeliebrechbiel@yahoo.com","","","","IMS","","","","","Wed Feb 04 2026 13:04:28 GMT-0700","Lowes - Simple Installs","Emelie Brechbiel","","Emelie","Brechbiel","","413219746","","","Lowes - Simple Installs","","","","","","","Canceled","Simple installs- HEX Drop-in 30-in x 18-in Stainless steel Single bowl Kitchen Sink/ 1-1/2-in Plastic Triple bowl continuous waste slip joint
RECONNECT HOT WATER DISPENSER FEE
RECONNECT UNDERCOUNTER FILTER FEE

The sink is at the customers home, we need to pick up the  1-1/2-in Plastic Triple bowl continuous waste slip joint from the store

1620 NORTH 75TH AVENUE,
Phoenix, AZ 85035
Store: #1042
Phone: (623) 845-6292

Delivery Fee: PR32437494
Trip fee: PR32479147","Erik Tange","Lowes","New sink is too small in the side to side for current countertop opening. 
I informed customer of the situation, and a new replacement sink will be found and scheduled for install at a later date.

Sink and drain plumbing were returned by Erik to the store @ 1620 N 75 ave.

Countertop may need to be cut front to back to accommodate new sink. If that happens, customer will find a company to do so.

NO RECONNECT HOT WATER DISPENSER FEE is needed
NO RECONNECT UNDERCOUNTER FILTER FEE is needed.

I would suggest to add 2x angle stop replacement though. Exsisting angle stops are gate vales and should be replaced. (1) dual outlet angle stop, & (1) single outlet angle stop would be needed.","Lowes,Pick up from Lowes","Default Workflow"
"78013","Sent","Sent","Colter Park","Harbor Group Management Co., LLC","Unit 158 - Fan Coil Service","#27205 - Fan Coil - No cool","Fan Coil - No cool","","340","340","340","42","298","88","0","340","-10","350","No","","","","0","","","","0","Jul 24, 2026","","Aug 26, 2026","","","Mon Jul 27 2026 10:07:32 GMT-0700","2026","July 2026","","","","RealPage","0","0","0","0","0","42","0","42","Jarren Heward","Jarren Heward","","30","102","NaN","","","-","-","909 West Colter Street, Phoenix, Arizona 85013","Phoenix","Arizona","85013","No","","","","","","Lowe's","Free","","Residential","Tier 1 - 8%","","","15508690","(480) 640-7388","fswanson@harborgroupmanagement.com","","","Logen Uknavage","","","","","","Mon Mar 30 2026 09:43:16 GMT-0700","Harbor","Colter Park","Colter Park","Feljie","Swanson","","85892608","","","MFH - Plumbing","","","","","","","Completed","Unit 158
Fan coil is not cooling
POC Anthony","Benito Valdez","MFH - Plumbing","Upon entry my first temp would not go below 63°,I pulled the blower motor assembly and cleaned the coils and the temp came down to 58°","","Default Workflow"
"78012","Invoiced","Invoiced","Colter Park","Harbor Group Management Co., LLC","Unit 98 - Fan Coil Service","#27207 - Fan Coil - No cool","Fan Coil - No cool","","340","340","340","42","298","88","0","340","-10","350","No","","","","0","","","","0","Jul 24, 2026","","Aug 26, 2026","","","Mon Jul 27 2026 10:05:15 GMT-0700","2026","July 2026","","","","RealPage","0","0","0","0","0","42","0","42","Jarren Heward","Jarren Heward","","30","102","NaN","","","-","-","909 West Colter Street, Phoenix, Arizona 85013","Phoenix","Arizona","85013","No","AZ Service:MFH","","","","","Lowe's","Free","","Residential","Tier 1 - 8%","","","15508690","(480) 640-7388","fswanson@harborgroupmanagement.com","","","Logen Uknavage","","","","","","Mon Mar 30 2026 09:43:16 GMT-0700","Harbor","Colter Park","Colter Park","Feljie","Swanson","","85892335","","","MFH - Plumbing","","","","","","","Completed","Unit 98
Fan coil is not cooling
POC Josh","Benito Valdez","MFH - Plumbing","Upon entry temp at register would not fall below 72°
New Blower motor assembly was installed about a month ago,tennant stated it worked good for about a week, i first flushed the system  and then pull the blower motor assembly to check the coils. they were dirty so I  cleaned the coils ,the temp started to come down to 58°","","Default Workflow"
"78009","Sent","Sent","Colter Park","Harbor Group Management Co., LLC","Unit 309 - Fan Coil Leak Repair","#27214 - Fan coil Leaking","Fan coil Leaking","","270","270","270","33","237","88","0","270","-5","275","No","","","","0","","","","0","Jul 24, 2026","","Aug 26, 2026","","","Mon Jul 27 2026 09:55:28 GMT-0700","2026","July 2026","","","","","0","0","0","0","0","33","0","33","Jarren Heward","Jarren Heward","","30","81","NaN","","","-","-","909 West Colter Street, Phoenix, Arizona 85013","Phoenix","Arizona","85013","No","AZ Service:MFH","","","","","Lowe's","Free","","Residential","Tier 1 - 8%","","","15508690","(480) 640-7388","fswanson@harborgroupmanagement.com","","","Logen Uknavage","","","","","","Mon Mar 30 2026 09:43:16 GMT-0700","Harbor","Colter Park","Colter Park","Feljie","Swanson","","85892124","","","MFH - Plumbing","","","","","","","Completed","Unit 309
Fan coil leak
POC Josh","Benito Valdez","MFH - Plumbing","Condensate pan backed up,vacuumed from underneath the bathroom lav and cleared blockage","","Default Workflow"
"78007","Sent","Sent","505 West","Harbor Group Management Co., LLC","Unit 2122 Warranty compressor","#27172 - No Cool :HVAC","No Cool :HVAC","505 West - Estimate - No Cool :HVAC","1700","1700","1700","1380.73","319.27","19","0","1700","0","1700","No","","","","0","","","","0","Jul 24, 2026","Mon Jul 27 2026 09:51:24 GMT-0700","Aug 26, 2026","Mon Jul 27 2026 09:49:54 GMT-0700","Thu Jul 23 2026 16:36:15 GMT-0700","Mon Jul 27 2026 09:49:55 GMT-0700","2026","July 2026","","","","Warranty Install","0","0","0","0","0","204","0","204","Chuy Torres","","","32","102.16","NaN","","","-","-","505 West Baseline Road, Tempe, Arizona 85283","Tempe","Arizona","85283","No","MFH:MFH - HVAC","","","","","Lowe's","Free","","Residential","Tier 1 - 8%","","","15570187","480-577-2649","jpelayo@harborgroupmanagement.com","","","Logen Uknavage","","","","","Can't be on property after 6p. If we have to be, call Jesus to verify
Goodman condensers only for this property - R32 ONLY","Thu Apr 02 2026 10:44:15 GMT-0700","Harbor","505 West","505 West","Jesus","Maintenance supervisor","","","","","MFH - HVAC","","","","","","","Completed","Can't be on property after 6p. If we have to be, call Jesus to verify
Goodman condensers only for this property - R32 only
Unit 2022
Unitn isnot cooling 
Poc Jesus","Chuy Torres, Riley Torres, Hector Aguirre","MFH - HVAC","---

## **Field Service Report: Compressor Failure & Warranty Replacement**

**Date:** July 23, 2026  
**Unit:** 2122  
**Status:** Arrived on-site, diagnosed a fatal electrical failure (grounded compressor), noted that the equipment appears to be under warranty, and initiated the scheduling process for replacement per the property's request.

### **Diagnostic Findings**
* **Initial Assessment:** Responded to a service call for a cooling issue and evaluated the outdoor HVAC equipment.
* **Component Failure:** Tested the compressor electrically and found that it is **grounded out** (shorted to ground). The internal motor windings have failed and made contact with the compressor shell, resulting in a dead short. 

### **Recommendations & Next Steps**
* **Replacement Required:** A grounded compressor is a catastrophic, unrepairable failure. The component is officially condemned.
* **Warranty Status:** Checked the equipment data plates and it **looks like the unit is still under warranty**.
* **Action Item:** The **property wants to schedule the replacement**. I am submitting these findings to the office to verify the exact warranty coverage, order the replacement compressor, and get the installation officially on the schedule.

---

**Status: Unit Condemned (Grounded Compressor) — Pending Warranty Replacement Scheduling**","","Default Workflow"
"78005","Sent","Sent","505 West","Harbor Group Management Co., LLC","Unit 2049 - Full HVAC System Replacement","#27106 - No Cool :HVAC","No Cool :HVAC","Unit 2049 - Diagnostic Findings & System Replacement Recommendation","3950","3950","3950","4273.11","-323.1099999999997","-8","0","3950","1593.34","2356.66","No","","","","0","","","","0","Jul 24, 2026","Mon Jul 27 2026 09:45:09 GMT-0700","Aug 26, 2026","Mon Jul 27 2026 09:43:05 GMT-0700","Thu Jul 23 2026 16:17:05 GMT-0700","Mon Jul 27 2026 09:43:05 GMT-0700","2026","July 2026","","","","","0","0","0","0","1067.54","1810.73","1067.54","1810.73","Joey Reyes","","","30","1185","NaN","","","-","-","505 West Baseline Road, Tempe, Arizona 85283","Tempe","Arizona","85283","No","MFH:MFH - HVAC","","","","","Lowe's","Free","","Residential","Tier 1 - 8%","","","15570187","480-577-2649","jpelayo@harborgroupmanagement.com","","","Logen Uknavage","","","","","Can't be on property after 6p. If we have to be, call Jesus to verify
Goodman condensers only for this property - R32 ONLY","Thu Apr 02 2026 10:44:15 GMT-0700","Harbor","505 West","505 West","Jesus","Maintenance supervisor","","","","","MFH - HVAC","","Anthony","","","","","Completed","Can't be on property after 6p. If we have to be, call Jesus to verify
Goodman condensers only for this property - R32 ONLY
Unit 2049 Building 19
Have to access building from the east side, to get to the roof. Unit is on west side
Unit is humming. Possibly needs to be recharged
POC Anthony","Chuy Torres, Riley Torres, Hector Aguirre","MFH - HVAC","---

## **Field Service Report: Compressor Valve Failure & Replacement Estimate**

**Date:** July 22, 2026  
**Unit:** 20494  
**Status:** Arrived on-site, diagnosed fatal mechanical damage (failed internal compressor valves) on an older 2-ton 14 SEER system, and recommended a full system replacement.

### **Diagnostic Findings**
* **Initial Assessment:** Responded to a no-cooling call and evaluated the indoor and outdoor HVAC equipment.
* **System Evaluation:** Inspected the equipment, noting it is an older **2-ton, 14 SEER system**.
* **Component Failure:** Hooked up the gauges and tested the compressor. Determined that the internal **compressor valves are shot**. The compressor is running electrically but is not pumping correctly, meaning it can no longer compress the refrigerant to create the pressure differential required for cooling.

### **Recommendations & Next Steps**
* **System Replacement Recommended:** Because the internal mechanical valves have completely failed and the system is older, repairing or replacing just the compressor is not a viable or cost-effective option. I highly **recommend a full system replacement**.
* **Equipment Specs & Action Item:** I am submitting these findings to the office to generate a formal replacement bid. The quote should be built for the following matched equipment:
  * **Indoor:** 2-ton First Company air handler
  * **Outdoor:** 2-ton straight cool Goodman condenser

---

**Status: Unit Condemned (Failed Compressor Valves) — Pending Full System Replacement","","Default Workflow"
"78004","Sent","Sent","Argenta Apartments","29th Street Communities","Unit 1182 - AC Diagnostic","#27218 - No Cool :HVAC","No Cool :HVAC","","260","260","260","31.2","228.8","88","0","260","0","260","No","","","","0","","","","0","Jul 24, 2026","","Aug 26, 2026","","","Mon Jul 27 2026 09:40:56 GMT-0700","2026","July 2026","","","","","0","0","0","0","0","31.2","0","31.2","Jarren Heward","Jarren Heward","","30","78","NaN","","","-","-","4104 East Broadway Road, Mesa, Arizona 85206","Mesa","Arizona","85206","No","MFH:MFH - HVAC","","","","","Lowe's","Free","","Residential","Tier 1 - 8%","","","9808428","(925) 324-7595","diana.march@29scliving.com","","sean.obrien@29scliving.com","Logen Uknavage","Referral","Won","","","","Fri Mar 21 2025 08:24:30 GMT-0700","","Argenta Apartments","Argenta Apartments","Diana","March","","","","","MFH - HVAC","","Sean","","","","","Pending Site Visits","Unit 1182
AC No cool
POC Sean

Equipment @ Baker Mesa

Reference #	1001521731
PO #	27218","Chuy Torres, Riley Torres, Hector Aguirre","MFH - HVAC","Here is the finalized, official report for the office:

---

## **Field Service Report: R-22 System Restriction & Replacement Estimate**

**Date:** July 26, 2026  
**Unit:** 1112  
**Status:** Arrived on-site and diagnosed multiple failure points on an older R-22 system, including a seized fan motor and a severe refrigerant restriction. Applied temporary fixes, but ultimately condemned the unit and recommended a full system replacement.

### **Diagnostic Findings & Repairs**
* **Initial Assessment:** Responded to a no-cooling call and evaluated the older **R-22 HVAC system**.
* **Motor Failure:** Found the condenser fan motor was mechanically seized. Was able to manually free up the motor to get it spinning and working for the time being.
* **System Restriction:** Hooked up gauges and noted the system is holding extremely **high head pressure**, indicating a refrigerant restriction. 
* **Coil Maintenance:** Attempted to drop the head pressure by thoroughly cleaning the outdoor **condensing coils**, but the system is still running with abnormally high head pressure despite the clean coil and spinning fan. 

### **Recommendations & Next Steps**
* **System Condemned:** Between the obsolete R-22 refrigerant, the failing fan motor, and the internal restriction causing high head pressure, pouring money into repairs is not cost-effective. I highly **recommend a full system replacement**.
* **Action Item:** Submitting these findings to the office to generate a formal replacement bid. The quote should be built for the following matched equipment:
  * **Indoor:** 2-ton First Company air handler
  * **Outdoor:** 2-ton straight cool condenser

---

**Status: Temporary Fix in Place — Pending Full System Replacement","","Default Workflow"
"78003","Invoiced","Invoiced","Colter Park","Harbor Group Management Co., LLC","Unit 115 - Fan Coil Leak Diagnosis & Replacement Estimate","#26868 - Fan Coil","Fan Coil","Unit 115 - Fan Coil Leak Diagnosis & Replacement Estimate","2485","2485","2485","942","1543","62","0","2485","1185","1300","No","","","","0","","","","0","Jul 24, 2026","","Aug 26, 2026","Mon Jul 27 2026 09:39:12 GMT-0700","Thu Jul 23 2026 08:49:58 GMT-0700","Mon Jul 27 2026 09:39:12 GMT-0700","2026","July 2026","","","","","0","0","0","0","786","156","786","156","Joey Reyes","Joey Reyes","","30","745.5","NaN","","","-","-","909 West Colter Street, Phoenix, Arizona 85013","Phoenix","Arizona","85013","No","AZ Service:MFH","","","","","Lowe's","Free","","Residential","Tier 1 - 8%","","","15508690","(480) 640-7388","fswanson@harborgroupmanagement.com","","","Logen Uknavage","","","","","","Mon Mar 30 2026 09:43:16 GMT-0700","Harbor","Colter Park","Colter Park","Feljie","Swanson","","","","","MFH - Plumbing","","Josh","","","","","Completed","Unit 115
Fan coil leaking
POC Josh","Benito Valdez, Roman Twardoz","MFH - Plumbing, Swiss Army Knife","Fan coil condensate pan was almost full, I vacuumed out line from under the sink and cleared blockage, fan coil has an internal leak dripping from duct work
Serial number is G= 2000
8hbc3 lh
Recommend replacement

* fan coil is above the closet area,shelves may need to be removed before install *","","Default Workflow"
"78002","Sent","Sent","Argenta Apartments","29th Street Communities","Office Unit - Condensate Leak Repair","#27318 - No Cool :HVAC","No Cool :HVAC","","323","323","323","56.2","266.8","83","0","323","63","260","No","","","","0","","","","0","Jul 24, 2026","","Aug 26, 2026","","","Mon Jul 27 2026 09:37:14 GMT-0700","2026","July 2026","","","","","0","0","0","0","25","31.2","25","31.2","Jarren Heward","Jarren Heward","","30","96.9","NaN","","","-","-","4104 East Broadway Road, Mesa, Arizona 85206","Mesa","Arizona","85206","No","MFH:MFH - HVAC","","","","","Lowe's","Free","","Residential","Tier 1 - 8%","","","9808428","(925) 324-7595","diana.march@29scliving.com","","sean.obrien@29scliving.com","Logen Uknavage","Referral","Won","","","","Fri Mar 21 2025 08:24:30 GMT-0700","","Argenta Apartments","Argenta Apartments","Diana","March","","","","","MFH - HVAC","","Sean","","","","","Completed","Office Unit
AC is leaking and appears to be a clogged drain pan
Call Sean when you arrive. He will get us access if it is after 6p.","Chuy Torres","MFH - HVAC","---

## **Field Service Report: Condensate Backup & Drain Clearing**

**Date:** July 26, 2026  
**Location:** Main Office / Leasing Office  
**Status:** Arrived on-site to address a water leak from the office A/C. Diagnosed clogged condensate drain lines on two air handlers backing up into the secondary drain pans. Cleared the lines with high-pressure CO2 and restored proper drainage.

### **Diagnostic Findings**
* **Initial Assessment:** Responded to a service call for an active water leak coming from the office air conditioning equipment.
* **System Evaluation:** Inspected the equipment and found that the primary **condensate drain lines for two air handlers were clogged**. The restrictions caused the water to overflow the primary drains and back up into the **secondary drain pans**.

### **Repairs Performed**
* **Drain Clearing:** Hooked up the **CO2** cartridge and blasted the blocked drain lines with high pressure to successfully blow out the clogs and completely clear the restrictions in both systems.

### **Final Status**
* **Verification:** Poured water directly into the drain pans to thoroughly water-test the newly cleared lines on both units. Confirmed that the water is flowing freely and the systems are **draining properly** with absolutely no backups.
* **Outcome:** **Restored operation; the leak is resolved and both systems are draining as designed at this time.**

---

**Status: Drains Cleared & Tested — Ticket","","Default Workflow"
"77998","Sent","Sent","Marcos De Niza c/o Dunlap & MaGee","","Marcos De Niza c/o Dunlap & MaGee - Invoice - Clogged Drain :Plumbing","#27185 - Clogged Drain :Plumbing","Clogged Drain :Plumbing","","370","370","370","45","325","88","0","370","-5","375","No","","","","0","","","","0","Jul 23, 2026","","Aug 26, 2026","","","Mon Jul 27 2026 09:31:35 GMT-0700","2026","July 2026","","","","","0","0","0","0","0","45","0","45","Chris Marrs","Hunter Howell","","0","0","NaN","","","-","-","305 West Pima Street, Phoenix, AZ 85003","Phoenix","AZ","85003","No","AZ Service:MFH","","","","","Lowe's","Free","","Residential","Tier 1 - 8%","","","6747384","602-859-2293","brad@dunlap-sites.com","(602) 254-6663","asstmanager@marcosdeniza.org","Logen Uknavage","Cushman & Wakefield","","","","","Thu Apr 25 2024 17:54:12 GMT-0700","MFH,Commercial","Marcos De Niza c/o Dunlap & MaGee","Marcos De Niza c/o Dunlap & MaGee","Brad","","","","","","MFH - Plumbing","","Brad","","","","","Completed","Contact Brad only for approval
Unit 516
Brad advised 516 is still backing up","Julian Guidry, Hunter Howell","MFH - Plumbing","Cleared line through the cleanout outback hit something very hard. I was able to break it up and get past it and clear the back up, but I recommend camera the line if this continues to happen.","Recall","Default Workflow"
"77996","Invoiced","Invoiced","Westmount at the District","BH Management Services LLC","Westmount at the District - Invoice - Active Water Leak :Plumbing","#27179 - Active Water Leak :Plumbing","Active Water Leak :Plumbing","","325","325","325","75.42","249.57999999999998","77","0","325","125","200","No","","","","0","","","","0","Jul 23, 2026","","Aug 26, 2026","","","Mon Jul 27 2026 09:27:20 GMT-0700","2026","July 2026","","","","","0","0","0","0","51.42","24","51.42","24","Chris Marrs","Hunter Howell","","30","74.87","NaN","","","-","-","949 South Longmore, Mesa, Arizona 85202","Mesa","Arizona","85202","No","AZ Service:MFH","","","","","Lowe's","Free","","Residential","Tier 1 - 8%","","","17213548","(405) 520-2330","richard.atwood@livebh.com","","","Logen Uknavage","","New Prospect","","","","Wed Jun 17 2026 16:45:31 GMT-0700","","Westmount at the District","Westmount at the District","Richard","Atwood","","","","","MFH - Plumbing","","Sonny","","","","","Completed","Unit 121
Sonny is installing a water heater and messed up a line. Will need us out to correct. Please call him when you arrive
POC Sonny","Hunter Howell","MFH - Plumbing","Findings
Found supply line leaking.
Includes
Turned water off to unit
Drained system
Removed leaking supply line
Installed customer-supplied supply line
Restored water
Leak tested
Cleaned up
Excludes
Warranty on customer-supplied parts
Work beyond listed scope
Water damage","","Default Workflow"
"77995","Sent","Sent","ATI Restoration","","ATI Restoration - Invoice - Fixture Issues :Plumbing","#27181 - Fixture Issues :Plumbing","Fixture Issues :Plumbing","","260","260","260","31.2","228.8","88","0","260","0","260","No","","","","0","","","","0","Jul 23, 2026","","Aug 26, 2026","","","Mon Jul 27 2026 09:23:45 GMT-0700","2026","July 2026","","","","","0","0","0","0","0","31.2","0","31.2","Chris Marrs","Hunter Howell","","30","68.64","NaN","","","-","-","6644 East Baywood Avenue, Mesa, Arizona 85206","Mesa","Arizona","85206","No","AZ Service","","","","","Lowe's","Free","","Residential","Tier 1 - 8%","","","15944328","","phxinvoices@atirestoration.com","","","Chris Marrs","Referral","","","","","Tue Apr 21 2026 09:12:25 GMT-0700","Commercial,VIP","ATI Restoration","ATI Restoration","","","","","","","PHX - Plumbing","","Abraham","","","","","Completed","Abraham has requested that we come back out to install the sink in room 358","Hunter Howell","MFH - Plumbing","Findings
Existing sink required reinstallation.
Includes
Reinstalled existing sink
Reconnected plumbing connections as needed
Leak tested
Tested for proper operation
Cleaned up
Excludes
Work beyond listed scope
Repairs to existing sink, faucet, or drain components unless noted
Water damage
Drywall, texture, and paint repairs","","Default Workflow"
"77994","Sent","Sent","Marcos De Niza c/o Dunlap & MaGee","","Unit 621 - Toilet Leak Repair","#27130 - Fixture Issues :Plumbing","Fixture Issues :Plumbing","","295","295","295","46.2","248.8","84","0","295","35","260","No","","","","0","","","","0","Jul 23, 2026","","Aug 26, 2026","","","Mon Jul 27 2026 09:18:40 GMT-0700","2026","July 2026","","","","","0","0","0","0","15","31.2","15","31.2","Jarren Heward","Jarren Heward","","30","88.5","NaN","","","-","-","305 West Pima Street, Phoenix, AZ 85003","Phoenix","AZ","85003","No","AZ Service:MFH","","","","","Lowe's","Free","","Residential","Tier 1 - 8%","","","6747384","602-859-2293","brad@dunlap-sites.com","(602) 254-6663","asstmanager@marcosdeniza.org","Logen Uknavage","Cushman & Wakefield","","","","","Thu Apr 25 2024 17:54:12 GMT-0700","MFH,Commercial","Marcos De Niza c/o Dunlap & MaGee","Marcos De Niza c/o Dunlap & MaGee","Brad","","","","","","MFH - Plumbing","","Brad","","","","","Completed","Contact Brad only for approval
Unit 621
Brad requested to have the toilet flange replaced","Julian Guidry","MFH - Plumbing","Flamge was in good shape no replacement needed, the issue was the wax ring, it was too short so when the toilet was set there was no seal being made as the toilet didnt touch the wax ring, i installed new bolts and a double layered wax ring to ensure toilet seals at the base, reconnected the sloan valve and tested for leaks, none found, checked in and out with brad.","","Default Workflow"
"77993","Sent","Sent","Colter Park","Harbor Group Management Co., LLC","Unit 376 - Fan Coil Leak Repair","#27142 - Fan Coil - Leak","Fan Coil - Leak","","295","295","295","48.8","246.2","83","0","295","55","240","No","","","","0","","","","0","Jul 23, 2026","","Aug 26, 2026","","","Mon Jul 27 2026 09:14:53 GMT-0700","2026","July 2026","","","","","0","0","0","0","20","28.8","20","28.8","Jarren Heward","Jarren Heward","","30","88.5","NaN","","","-","-","909 West Colter Street, Phoenix, Arizona 85013","Phoenix","Arizona","85013","No","AZ Service:MFH","","","","","Lowe's","Free","","Residential","Tier 1 - 8%","","","15508690","(480) 640-7388","fswanson@harborgroupmanagement.com","","","Logen Uknavage","","","","","","Mon Mar 30 2026 09:43:16 GMT-0700","Harbor","Colter Park","Colter Park","Feljie","Swanson","","85891883","","","MFH - Plumbing","","","","","","","Completed","Fan coil leaking","Julian Guidry","MFH - Plumbing","Inspected fan coil and there was water lines not wrapped so water was just leaking through from the condensation, wrapped exposed pipe and saw no more leaks.","","Default Workflow"
"77992","Sent","Sent","Argenta Apartments","29th Street Communities","Argenta Apartments - Invoice - Boiler","#27161 - Boiler","Boiler","","285","285","285","33.6","251.4","88","0","285","5","280","No","","","","0","","","","0","Jul 23, 2026","","Aug 26, 2026","","","Mon Jul 27 2026 09:14:12 GMT-0700","2026","July 2026","","","","","0","0","0","0","0","33.6","0","33.6","Chris Marrs","Hunter Howell","","30","75.42","NaN","","","-","-","4104 East Broadway Road, Mesa, Arizona 85206","Mesa","Arizona","85206","No","AZ Service:MFH","","","","","Lowe's","Free","","Residential","Tier 1 - 8%","","","9808428","(925) 324-7595","diana.march@29scliving.com","","sean.obrien@29scliving.com","Logen Uknavage","Referral","Won","","","","Fri Mar 21 2025 08:24:30 GMT-0700","","Argenta Apartments","Argenta Apartments","Diana","March","","","","","MFH - Plumbing","","Sean","","","","","Completed","North Boiler
Per Sean, the north boiler was reset. There was something about an airflow issue. Their troubleshooting hasn't resolved anything
POC Sean","Hunter Howell","MFH - Plumbing","Resealed, boiler and adjusted blower motor","","Default Workflow"
"77991","Sent","Sent","Colter Park","Harbor Group Management Co., LLC","Unit 84 - Fan Coil Leak Repair","#27118 - Fan coil - Leak","Fan coil - Leak","","295","295","295","48.8","246.2","83","0","295","55","240","No","","","","0","","","","0","Jul 23, 2026","","Aug 26, 2026","","","Mon Jul 27 2026 09:12:46 GMT-0700","2026","July 2026","","","","","0","0","0","0","20","28.8","20","28.8","Jarren Heward","Jarren Heward","","30","88.5","NaN","","","-","-","909 West Colter Street, Phoenix, Arizona 85013","Phoenix","Arizona","85013","No","AZ Service:MFH","","","","","Lowe's","Free","","Residential","Tier 1 - 8%","","","15508690","(480) 640-7388","fswanson@harborgroupmanagement.com","","","Logen Uknavage","","","","","","Mon Mar 30 2026 09:43:16 GMT-0700","Harbor","Colter Park","Colter Park","Feljie","Swanson","","85891773","","","MFH - Plumbing","","Josh","","","","","Completed","Unit 84
Josh called in fan coil leaking. It is cooling
POC Josh","Julian Guidry","MFH - Plumbing","Inspected the coil for unit 84 immediately noticed none of the waterlines were wrapped in just dripping onto the ceiling leaking through. I wrapped the lines up to the drain pan so no more water will be leak to the ceiling.","","Default Workflow"
"77987","Sent","Sent","Marcos De Niza c/o Dunlap & MaGee","","Marcos De Niza c/o Dunlap & MaGee - Invoice - Clogged Drain :Plumbing","#27195 - Clogged Drain :Plumbing","Clogged Drain :Plumbing","","89","89","89","10.68","78.32","88","0","89","0","89","No","","","","0","","","","0","Jul 23, 2026","","Aug 26, 2026","","","Mon Jul 27 2026 08:54:58 GMT-0700","2026","July 2026","","","","","0","0","0","0","0","10.68","0","10.68","Chris Marrs","","","0","0","NaN","","","-","-","305 West Pima Street, Phoenix, AZ 85003","Phoenix","AZ","85003","No","AZ Service:MFH","","","","","Lowe's","Free","","Residential","Tier 1 - 8%","","","6747384","602-859-2293","brad@dunlap-sites.com","(602) 254-6663","asstmanager@marcosdeniza.org","Logen Uknavage","Cushman & Wakefield","","","","","Thu Apr 25 2024 17:54:12 GMT-0700","MFH,Commercial","Marcos De Niza c/o Dunlap & MaGee","Marcos De Niza c/o Dunlap & MaGee","Brad","","","","","","MFH - Plumbing","","Brad","","","","","Completed","Contact Brad only for approval
Unit 704
Tub is backing up","Brodyn Janshen","MFH - Plumbing","Arrived on site located unit 702 not 704 went inside. The tenant said that the first maintenance worker did not fix it and call it in, but the second worker came in and did fix it. I ran the tub to verify that it was draining properly and it was. I called Brad to let him know.","","Default Workflow"
"77986","Invoiced","Invoiced","Colter Park","Harbor Group Management Co., LLC","Colter Park - Invoice - Fan Coil","#27150 - Fan Coil","Fan Coil","","89","89","89","10.68","78.32","88","0","89","0","89","No","","","","0","","","","0","Jul 23, 2026","","Aug 26, 2026","","","Mon Jul 27 2026 08:50:45 GMT-0700","2026","July 2026","","","","","0","0","0","0","0","10.68","0","10.68","Chris Marrs","","","0","26.7","NaN","","","-","-","909 West Colter Street, Phoenix, Arizona 85013","Phoenix","Arizona","85013","No","AZ Service:MFH","","","","","Lowe's","Free","","Residential","Tier 1 - 8%","","","15508690","(480) 640-7388","fswanson@harborgroupmanagement.com","","","Logen Uknavage","","","","","","Mon Mar 30 2026 09:43:16 GMT-0700","Harbor","Colter Park","Colter Park","Feljie","Swanson","","","","","MFH - Plumbing","","","","","","","Completed","Unit 177
Per Chris this unit is having an issue with the fan coil
POC Josh","Benito Valdez","MFH - Plumbing","System is good for a chiller property, no visual issue upon inspection","","Default Workflow"
"77984","Invoiced","Invoiced","Estates on Maryland","BH Management Services LLC","Estates on Maryland - Invoice - Active Water Leak :Plumbing","#27114 - Active Water Leak :Plumbing","Active Water Leak :Plumbing","","285","285","285","62.02","222.98","78","0","285","5","280","No","","","","0","","","","0","Jul 22, 2026","","Aug 26, 2026","","","Mon Jul 27 2026 08:42:06 GMT-0700","2026","July 2026","","","","","0","0","0","0","0","33.6","0","33.6","Chris Marrs","","","29","64.66","NaN","","","-","-","1802 West Maryland Avenue, Phoenix, Arizona 85015","Phoenix","Arizona","85015","No","AZ Service:MFH","","","","","Lowe's","Free","","Residential","Tier 1 - 8%","","","12632084","","brian.nielsen@livebh.com","","","Logen Uknavage","Referral","","","","","Mon Oct 06 2025 13:27:51 GMT-0700","MFH,Commercial,BH Mgmt","Estates on Maryland","Estates on Maryland","Brian","Nielsen","","","","","MFH - Plumbing","","Brian","","","","","Completed","Unit 2033/1033
Brian called in to let us know there is a leak between the units in the guest bathrooms
POC Brian","Adam George","PHX - Plumbing","Tub in 2033 was leaking from the spud where a failed gasket was evident. Cut out the spud and replaced it with a new tubular spud gasket and putty. This resolved the first leak, but it made the second leak apparent from the overflow. Pulled the overflow cover and found that the overflow is 1/2"" too high, and someone caulked it in, causing the tub to crack around the overflow from flexing and motion","","Default Workflow"
"77983","Sent","Sent","505 West","Harbor Group Management Co., LLC","505 West - Invoice - Fixture Issues :Plumbing","#27102 - Fixture Issues :Plumbing","Fixture Issues :Plumbing","","295","295","295","59","236","80","0","295","95","200","No","","","","0","","","","0","Jul 22, 2026","Mon Jul 27 2026 08:35:38 GMT-0700","Aug 26, 2026","","","Mon Jul 27 2026 08:34:30 GMT-0700","2026","July 2026","","","","","0","0","0","0","35","24","35","24","Chris Marrs","Adam George","","29","68.44","NaN","","","-","-","505 West Baseline Road, Tempe, Arizona 85283","Tempe","Arizona","85283","No","AZ Service:MFH","","","","","Lowe's","Free","","Residential","Tier 1 - 8%","","","15570187","480-577-2649","jpelayo@harborgroupmanagement.com","","","Logen Uknavage","","","","","Can't be on property after 6p. If we have to be, call Jesus to verify
Goodman condensers only for this property - R32 ONLY","Thu Apr 02 2026 10:44:15 GMT-0700","Harbor","505 West","505 West","Jesus","Maintenance supervisor","","85889742","","","MFH - Plumbing","","","","","","","Completed","Can't be on property after 6p. If we have to be, call Jesus to verify
Goodman condensers only for this property - R32 ONLY
Unit 1136
Toilet flange need to be replaced
POC Jesus","Adam George","PHX - Plumbing","The toilet mounting bolts were missing on arrival. The toilet flange is old but still serviceable. Set new mounting bolts, mounted a new wax ring, and caulked in","","Default Workflow"
"77981","Invoiced","Invoiced","Westmount at the District","BH Management Services LLC","Westmount at the District - Invoice - No Cool :HVAC","#27343 - No Cool :HVAC","No Cool :HVAC","","260","260","260","31.2","228.8","88","0","260","0","260","No","","","","0","","","","0","Jul 25, 2026","","Aug 25, 2026","","","Sun Jul 26 2026 22:52:28 GMT-0700","2026","July 2026","","","","","0","0","0","0","0","31.2","0","31.2","Chuy Torres","Chuy Torres","","32","73.21","NaN","","","-","-","949 South Longmore, Mesa, Arizona 85202","Mesa","Arizona","85202","No","MFH:MFH - HVAC","","","","","Lowe's","Free","","Residential","Tier 1 - 8%","","","17213548","(405) 520-2330","richard.atwood@livebh.com","","","Logen Uknavage","","New Prospect","","","","Wed Jun 17 2026 16:45:31 GMT-0700","","Westmount at the District","Westmount at the District","Richard","Atwood","","","","","MFH - HVAC","","Saul","","","","","Completed","No Cool unit 203
POC Saul","Chuy Torres","MFH - HVAC","---

## **Field Service Report: Incorrect Blower Rotation & Frozen Coil**

**Date:** July 25, 2026  
**Unit:** 203  
**Status:** Arrived on-site to evaluate a no-cooling call after maintenance had previously replaced the indoor blower motor. Found the new motor was installed/wired backwards, causing the system to freeze. Corrected the rotation, thawed the coil, and restored operation.

### **Diagnostic Findings**
* **Initial Assessment:** Responded to a service call for a system not cooling. Noted that on-site maintenance had previously replaced the indoor **blower motor**.
* **System Evaluation:** Inspected the indoor equipment and found the evaporator coil was **frozen solid**. 
* **Root Cause:** Checked the newly installed blower motor and found it was operating in reverse, **spinning the blower wheel backwards**. Because the wheel was spinning the wrong direction, the system was pushing virtually zero airflow across the coil, which caused the system to freeze up completely.

### **Repairs Performed**
* **System Thawing:** Turned off the cooling cycle and safely **thawed out the system** to clear the ice from the evaporator coil.
* **Motor Correction:** Adjusted the wiring/reversing plug on the blower motor to correct the rotation so it pulls air in the proper direction.

### **Final Status**
* **Verification:** Restarted the system in cooling mode. Confirmed that the blower wheel is now spinning correctly, airflow is strong, and the system is operating without freezing.
* **Outcome:** **Restored operation; the system is working properly at this time.**

---

**Status: Blower Rotation Corrected & System Thawed — Ticket","","Default Workflow"
"77979","Sent","Sent","Heritage district","AIR Communities","Unit 2144 - TXV Adjustment, Coil Maintenance & System Check","#27326 - No Cool :HVAC","No Cool :HVAC","","670","670","670","137.4","532.6","79","0","670","150","520","No","","","","0","","","","0","Jul 25, 2026","","Aug 25, 2026","","","Sun Jul 26 2026 22:45:59 GMT-0700","2026","July 2026","","","","","0","0","0","0","75","62.4","75","62.4","Chuy Torres","Chuy Torres","","32","170.43","NaN","","","-","-","275 West Juniper Avenue, Gilbert, Arizona 85233","Gilbert","Arizona","85233","No","MFH:MFH - HVAC","","","","","Lowe's","Free","","Residential","Tier 1 - 8%","","","16169568","(480) 217-6717","susan.kucherer@aircommunities.com","","","Logen Uknavage","Referral","","","","","Thu Apr 30 2026 16:10:28 GMT-0700","Coupa","Heritage district","Heritage district","","","","","","","MFH - HVAC","","","","","","","Completed","Unit not cooling","Chuy Torres","MFH - HVAC","---

## **Field Service Report: TXV Adjustment, Maintenance & Thermostat Relocation**

**Date:** July 25, 2026  
**Unit:** 2144  
**Status:** Arrived on-site for a no-cooling call. Diagnosed a restricted TXV and high head pressure. Adjusted the valve, cleaned the outdoor coil, and restored proper operation. Also identified poor thermostat placement causing continuous running.

### **Diagnostic Findings & Repairs**
* **Initial Assessment:** Responded to a service call for a unit not cooling and evaluated the HVAC equipment.
* **Refrigerant Cycle Adjustments:** Hooked up gauges and found the system had a restricted Thermostatic Expansion Valve (TXV). Fortunately, this system features an adjustable TXV. I successfully adjusted the valve to open it up and restore proper refrigerant flow and pressures.
* **Coil Maintenance:** Noted that the system was also running with high head pressure. Thoroughly cleaned the outdoor condensing coil to restore proper airflow and heat rejection, which successfully brought the head pressure back down to normal operating ranges.
* **System Status:** After adjusting the TXV and washing the coil, the system pressures are fully normalized and it is pushing a textbook **20-degree air split**.

### **Recommendations & Next Steps**
* **Thermostat Relocation Required:** Found that the indoor thermostat is installed directly next to a window. The solar heat gain from the window is constantly heating up the thermostat casing, causing it to read artificially high. Because of this false reading, the system never satisfies and runs constantly. 
* **Action Item:** I highly recommend **relocating the thermostat** to an interior wall away from direct sunlight and drafts to ensure the system cycles properly and efficiently.

---

**Status: Cooling Restored — Pending Thermostat Relocation Quote**

---","","Default Workflow"
"77978","Sent","Sent","Heritage district","AIR Communities","Heritage district - Invoice - Active Water Leak :Plumbing","#27183 - Active Water Leak :Plumbing","Active Water Leak :Plumbing","","670","670","670","137.4","532.6","79","0","670","150","520","No","","","","0","","","","0","Jul 25, 2026","","Aug 25, 2026","","","Sun Jul 26 2026 22:41:43 GMT-0700","2026","July 2026","","","","","0","0","0","0","75","62.4","75","62.4","Chuy Torres","Chuy Torres","","32","170.43","NaN","","","-","-","275 West Juniper Avenue, Gilbert, Arizona 85233","Gilbert","Arizona","85233","No","MFH:MFH - HVAC","","","","","Lowe's","Free","","Residential","Tier 1 - 8%","","","16169568","(480) 217-6717","susan.kucherer@aircommunities.com","","","Logen Uknavage","Referral","","","","","Thu Apr 30 2026 16:10:28 GMT-0700","Coupa","Heritage district","Heritage district","","","","","","","MFH - Plumbing","","Mike Weis","","","","","Completed","Unit 1023
AC leak, Rusted pan, they have it leaking into a bucket, not terrible and can wait until tomorrow.","Chuy Torres","MFH - HVAC","## **Field Service Report: Condensate Leak & Drain Line Re-piping**

**Date:** July 25, 2026  
**Unit:** 1023
**Status:** Arrived on-site to address a condensate leak caused by an improperly pitched drain line. Cut access holes in the kitchen drywall, re-piped the line to ensure proper slope, and verified proper drainage.

### **Diagnostic Findings**
* **Initial Assessment:** Responded to a service call to investigate an active **condensate leak** at the indoor equipment.
* **System Evaluation:** Inspected the plumbing and found that the primary drain line inside the wall/ceiling was not pitched correctly. The lack of proper downward slope was causing the condensation to back up and leak.

### **Repairs Performed**
* **Plumbing Access:** Safely **cut two access holes in the kitchen drywall** to reach the concealed drain line.
* **Drain Re-piping:** Cut out the poorly sloped section of PVC. Installed **new couplers** and completely **re-piped the line**, straightening it out to ensure it now has the correct pitch for gravity drainage.

### **Final Status**
* **Verification:** Poured water into the system to thoroughly **water-test** the newly pitched line. Confirmed that the water is flowing freely through the new couplers and the system is **draining properly** with no backups.
* **Outcome:** **Restored operation; the leak is permanently resolved. Note: Property management/maintenance will need to schedule drywall patching and paint for the two access holes in the kitchen.**

---

**Status: Drain Line Re-pitched & Tested — Pending Drywall Repair**

---","","Default Workflow"
"77977","Sent","Sent","Agave Ridge Apartments","29th Street Communities","Agave Ridge Apartments - Invoice - Active Water Leak :Plumbing","#27120 - Active Water Leak :Plumbing","Active Water Leak :Plumbing","","325","325","325","38.4","286.6","88","0","325","5","320","No","","","","0","","","","0","Jul 21, 2026","","Aug 25, 2026","","","Sun Jul 26 2026 18:25:30 GMT-0700","2026","July 2026","","","","","0","0","0","0","0","38.4","0","38.4","Chris Marrs","Hunter Howell","","30","85.98","NaN","","","-","-","1609 West Glendale Avenue, Phoenix, Arizona 85021","Phoenix","Arizona","85021","No","AZ Service:MFH","","","","","Lowe's","Free","","Residential","Tier 1 - 8%","","","13751174","602 688-1527","agaveridge@29scliving.com","","","Logen Uknavage","","","","","","Tue Dec 16 2025 14:50:31 GMT-0700","","Agave Ridge Apartments","Agave Ridge Apartments","","","","","","","MFH - Plumbing","","Nick","","","","","Completed","Unit 273 Water leak
Nick called in about a water leak from 273 that has caused a bubble in 173
POC Nick
Stop at the office before we get started.","Hunter Howell","MFH - Plumbing","Findings
Found a water-filled bubble in the ceiling located in the center of the master bedroom.
Cut an inspection opening in the ceiling to investigate the source.
No active plumbing leaks or plumbing-related issues were found.
Based on the location and findings, it appears the water likely originated from an upstairs floor spill that migrated through the ceiling assembly.
Unable to inspect the upstairs unit because no adult was present.
Includes 
Cut an inspection opening in the ceiling.
Inspected exposed plumbing and surrounding area for leaks.
Documented findings.
Cleaned up work area.
Excludes
Water damage restoration.
Drywall, texture, and paint repairs.
Further investigation or repairs within the upstairs unit.
Work beyond the listed scope.","","Default Workflow"
"77971","Paid","Paid","Wyatt Prentice","","Wyatt Prentice - Estimate - Leak Detection","#26590 - Leak Detection","Leak Detection","Wyatt Prentice - Estimate - Leak Detection","10830","10830","10830","2365.6","8464.4","78","10830","0","1950","8880","Yes","","","","0","","","","0","Jul 26, 2026","","Aug 25, 2026","Sun Jul 26 2026 10:44:16 GMT-0700","Wed Jul 15 2026 11:49:43 GMT-0700","Sun Jul 26 2026 10:44:16 GMT-0700","2026","July 2026","","","","","0","0","0","0","1300","1065.6","1300","1065.6","AJ Diaz","AJ Diaz","","26","3249","NaN","Sun Jul 26 2026 05:00:00 GMT-0700","Sun Jul 26 2026 05:00:00 GMT-0700","-","-","1006 West Palm Circle, Safford, Arizona 85546","Safford","Arizona","85546","No","","","","","","Lowe's","Free","","Residential","Tier 1 - 8%","","","17467177","520-370-6185","wyattp151617@gmail.com","","","","Google Search","","","","","Fri Jul 10 2026 10:09:35 GMT-0700","Resi","Wyatt Prentice","","Wyatt","Prentice","","","","","Gila Valley - Plumbing","","Wyatt P","","","","","Completed","Has noticed a wet spot for a couple of days in hallway","AJ Diaz, David Edholm","Gila Valley","","Resi,Gila Valley","Default Workflow"
"77966","Sent","Sent","505 West","Harbor Group Management Co., LLC","Unit 2018 - Condensate Leak Repair","#27299 - No Cool :HVAC","No Cool :HVAC","","323","323","323","56.2","266.8","83","0","323","63","260","No","","","","0","","","","0","Jul 24, 2026","Mon Jul 27 2026 09:36:04 GMT-0700","Aug 25, 2026","","","Sun Jul 26 2026 00:39:38 GMT-0700","2026","July 2026","","","","","0","0","0","0","25","31.2","25","31.2","Chuy Torres","Chuy Torres","","32","85.37","NaN","","","-","-","505 West Baseline Road, Tempe, Arizona 85283","Tempe","Arizona","85283","No","MFH:MFH - HVAC","","","","","Lowe's","Free","","Residential","Tier 1 - 8%","","","15570187","480-577-2649","jpelayo@harborgroupmanagement.com","","","Logen Uknavage","","","","","Can't be on property after 6p. If we have to be, call Jesus to verify
Goodman condensers only for this property - R32 ONLY","Thu Apr 02 2026 10:44:15 GMT-0700","Harbor","505 West","505 West","Jesus","Maintenance supervisor","","","","","MFH - HVAC","","Anthony","","","","","Completed","Can't be on property after 6p. If we have to be, call Jesus to verify
Goodman condensers only for this property - R32 ONLY
Unit 2018
Ac condensate leak
POC Anthony","Chuy Torres","MFH - HVAC","## **Field Service Report: Condensate Backup & Drain Clearing**

**Date:** July 26, 2026  
**Unit:** 20184  
**Status:** Arrived on-site, diagnosed an active condensate leak caused by a clogged drain line, cleared the restriction, and restored proper drainage.

### **Diagnostic Findings**
* **Initial Assessment:** Responded to a service call to investigate an active **condensate leak** at the indoor equipment.
* **System Evaluation:** Inspected the HVAC unit and found that a restriction in the primary condensate drain line was causing water to back up and overflow.

### **Repairs Performed**
* **Drain Clearing:** Hooked up the **CO2** cartridge and blasted the drain line with high pressure to successfully blow out the clog and completely clear the restriction. 

### **Final Status**
* **Verification:** Poured water directly into the drain pan to thoroughly water-test the newly cleared line. Confirmed that the water is flowing freely and the system is **draining properly** with absolutely no backups.
* **Outcome:** **Restored operation; the leak is resolved and the system is draining as designed at this time.**

---

**Status: Drain Cleared & Tested — Ticket Closed**","","Default Workflow"
"77965","Sent","Sent","505 West","Harbor Group Management Co., LLC","Unit 1022 - Condensate Leak Service","#27298 - No Cool :HVAC","No Cool :HVAC","","323","323","323","56.2","266.8","83","0","323","63","260","No","","","","0","","","","0","Jul 24, 2026","Mon Jul 27 2026 09:30:26 GMT-0700","Aug 25, 2026","","","Sun Jul 26 2026 00:36:52 GMT-0700","2026","July 2026","","","","","0","0","0","0","25","31.2","25","31.2","Chuy Torres","Chuy Torres","","32","85.37","NaN","","","-","-","505 West Baseline Road, Tempe, Arizona 85283","Tempe","Arizona","85283","No","MFH:MFH - HVAC","","","","","Lowe's","Free","","Residential","Tier 1 - 8%","","","15570187","480-577-2649","jpelayo@harborgroupmanagement.com","","","Logen Uknavage","","","","","Can't be on property after 6p. If we have to be, call Jesus to verify
Goodman condensers only for this property - R32 ONLY","Thu Apr 02 2026 10:44:15 GMT-0700","Harbor","505 West","505 West","Jesus","Maintenance supervisor","","","","","MFH - HVAC","","Anthony","","","","","Completed","Can't be on property after 6p. If we have to be, call Jesus to verify
Goodman condensers only for this property - R32 ONLY
Unit 1022
Ac condensate leak
POC Anthony","Chuy Torres","MFH - HVAC","---

## **Field Service Report: Condensate Leak & Drain Pan Estimate**

**Date:** July 26, 2026  
**Unit:** 10224  
**Status:** Arrived on-site to address an active condensate leak. Cleared the drain line but found the primary drain pan is severely rusted and requires replacement. 

### **Diagnostic Findings & Repairs**
* **Initial Assessment:** Responded to a service call to investigate an active **condensate leak** at the indoor equipment.
* **Drain Clearing:** Successfully **cleared the drain line** to remove any immediate blockages and stop the active backup.
* **Component Inspection:** Evaluated the indoor equipment and found that the primary **drain pan is rusted** out and structurally compromised. 

### **Recommendations & Next Steps**
* **Replacement Required:** While the drain line is clear for now, the rusted pan is a massive liability and will continue to cause leaks. It **needs to be replaced**.
* **Action Item:** I am submitting these findings to the office to generate a quote and order a replacement drain pan for a **2-ton First Company** air handler.

---

**Status: Temporary Relief (Drain Cleared) — Pending 2-Ton First Co. Drain Pan Replacement**","","Default Workflow"
"77964","Sent","Sent","505 West","Harbor Group Management Co., LLC","Unit 1072 - Condensate Leak Repair","#27232 - No Cool :HVAC","No Cool :HVAC","","323","323","323","56.2","266.8","83","0","323","63","260","No","","","","0","","","","0","Jul 24, 2026","Mon Jul 27 2026 09:28:08 GMT-0700","Aug 25, 2026","","","Sun Jul 26 2026 00:33:23 GMT-0700","2026","July 2026","","","","","0","0","0","0","25","31.2","25","31.2","Chuy Torres","Chuy Torres","","32","85.37","NaN","","","-","-","505 West Baseline Road, Tempe, Arizona 85283","Tempe","Arizona","85283","No","MFH:MFH - HVAC","","","","","Lowe's","Free","","Residential","Tier 1 - 8%","","","15570187","480-577-2649","jpelayo@harborgroupmanagement.com","","","Logen Uknavage","","","","","Can't be on property after 6p. If we have to be, call Jesus to verify
Goodman condensers only for this property - R32 ONLY","Thu Apr 02 2026 10:44:15 GMT-0700","Harbor","505 West","505 West","Jesus","Maintenance supervisor","","","","","MFH - HVAC","","Jesus","","","","","Completed","Can't be on property after 6p. If we have to be, call Jesus to verify
Goodman condensers only for this property - R32 ONLY
Unit 1072
AC condensate leak
POC Jesus","Chuy Torres","MFH - HVAC","---

## **Field Service Report: Condensate Backup & Drain Clearing**

**Date:** July 26, 2026  
**Unit:** 10724  
**Status:** Arrived on-site, diagnosed an active condensate leak caused by a clogged drain line, cleared the blockage with high-pressure CO2, and restored proper drainage.

### **Diagnostic Findings**
* **Initial Assessment:** Responded to a service call to investigate an active **condensate leak** at the indoor equipment.
* **System Evaluation:** Inspected the HVAC unit and found that a restriction in the primary condensate drain line was causing water to back up and spill over.

### **Repairs Performed**
* **Drain Clearing:** Hooked up the **CO2** cartridge and blasted the drain line with high pressure to successfully blow out the clog and completely clear the restriction.

### **Final Status**
* **Verification:** Poured water directly into the drain pan to thoroughly water-test the newly cleared line. Confirmed that the water is flowing freely and the system is **draining properly** with absolutely no backups.
* **Outcome:** **Restored operation; the leak is resolved and the system is draining as designed at this time.**

---

**Status: Drain Cleared & Tested — Ticket Closed**

---","","Default Workflow"
"77963","Sent","Sent","505 West","Harbor Group Management Co., LLC","Unit 2129 - Leak Investigation","#27231 - No Cool :HVAC","No Cool :HVAC","","260","260","260","31.2","228.8","88","0","260","0","260","No","","","","0","","","","0","Jul 24, 2026","Mon Jul 27 2026 09:26:18 GMT-0700","Aug 25, 2026","","","Sun Jul 26 2026 00:22:56 GMT-0700","2026","July 2026","","","","","0","0","0","0","0","31.2","0","31.2","Chuy Torres","Chuy Torres","","32","73.21","NaN","","","-","-","505 West Baseline Road, Tempe, Arizona 85283","Tempe","Arizona","85283","No","MFH:MFH - HVAC","","","","","Lowe's","Free","","Residential","Tier 1 - 8%","","","15570187","480-577-2649","jpelayo@harborgroupmanagement.com","","","Logen Uknavage","","","","","Can't be on property after 6p. If we have to be, call Jesus to verify
Goodman condensers only for this property - R32 ONLY","Thu Apr 02 2026 10:44:15 GMT-0700","Harbor","505 West","505 West","Jesus","Maintenance supervisor","","","","","MFH - HVAC","","Jesus","","","","","Completed","Can't be on property after 6p. If we have to be, call Jesus to verify
Goodman condensers only for this property - R32 ONLY
Unit 2129
AC condensate leak
POC Jesus","Chuy Torres","MFH - HVAC","---

## **Field Service Report: Reported Leak (Not HVAC Related)**

**Date:** July 26, 2026  
**Unit:** 2129  
**Status:** Arrived on-site for a reported condensate leak. Fully inspected the HVAC system and verified it is not leaking. Diagnosed the issue as an active roof leak requiring a roofing contractor.

### **Diagnostic Findings**
* **Initial Assessment:** Responded to a service call to investigate a reported **condensate leak** causing water intrusion in the unit.
* **System Evaluation:** Thoroughly inspected the indoor HVAC equipment. Verified that the **condensate drain pan is completely dry and intact**, and the system is not leaking any water.
* **Root Cause:** Traced the source of the water intrusion and determined it is an **actual roof leak** coming from the building's structure, completely unrelated to the HVAC equipment.

### **Recommendations & Next Steps**
* **Roofer Required:** Because the HVAC equipment is fully cleared and functioning perfectly, I explained that this is a structural issue. 
* **Action Item:** The property management needs to **contact a roofing contractor** to patch the roof and repair the structural leak.

---

**Status: HVAC Cleared (Active Roof Leak) — Pending Roofer**

---","","Default Workflow"
"77962","Sent","Sent","505 West","Harbor Group Management Co., LLC","Unit 2111 - AC Leak Repair","#27336 - HVAC - Leak","HVAC - Leak","","453","453","453","71.8","381.2","84","0","453","63","390","No","","","","0","","","","0","Jul 25, 2026","Mon Jul 27 2026 11:40:09 GMT-0700","Aug 24, 2026","","","Sat Jul 25 2026 21:42:56 GMT-0700","2026","July 2026","","","","","0","0","0","0","25","46.8","25","46.8","Jacob Martinez","Jacob Martinez","","30","114.36","NaN","","","-","-","505 West Baseline Road, Tempe, Arizona 85283","Tempe","Arizona","85283","No","MFH:MFH - HVAC","","","","","Lowe's","Free","","Residential","Tier 1 - 8%","","","15570187","480-577-2649","jpelayo@harborgroupmanagement.com","","","Logen Uknavage","","","","","Can't be on property after 6p. If we have to be, call Jesus to verify
Goodman condensers only for this property - R32 ONLY","Thu Apr 02 2026 10:44:15 GMT-0700","Harbor","505 West","505 West","Jesus","Maintenance supervisor","","","","","MFH - HVAC","","","","","","","Completed","Can't be on property after 6p. If we have to be, call Jesus to verify
Goodman condensers only for this property - R32 ONLY

Anthony called in an AC leak
POC Anthony 602-880-8228","Jacob Martinez","MFH - HVAC","Summary of Findings & Service Performed:
Upon arrival, found the primary drain pan overflowing and dripping heavily. Inspection revealed both the drain pan and the PVC condensate line were back-pitched, preventing natural drainage.
​Corrective Actions Taken:
​Adjusted the pan set-screws to re-establish a proper slope.
​Installed plumber’s tape to lift and properly pitch the PVC drain line.
​Flushed and cleared the condensate line using high-pressure nitrogen.
​System Status: Tested unit operation; condensate is now draining freely and properly.","","Default Workflow"
"77959","Invoiced","Invoiced","Hillstone Residences at Canyon Trails","","Hillstone Residences at Canyon Trails - Invoice - Job for Hillstone Residences at Canyon Trails","#26531 - Job for Hillstone Residences at Canyon Trails","Job for Hillstone Residences at Canyon Trails","","2300","2300","2300","1440.8","859.2","37","0","2300","1960","340","No","","","","0","","","","0","Jul 25, 2026","","Aug 24, 2026","","","Sat Jul 25 2026 16:11:36 GMT-0700","2026","July 2026","","","","","0","0","0","0","1400","40.8","1400","40.8","Jasper Castaneda","Jasper Castaneda","","30","257.76","NaN","","","-","-","1050 South 173rd Avenue, Goodyear, Arizona 85338","Goodyear","Arizona","85338","No","","","","","","Lowe's","Free","","Residential","Tier 1 - 8%","","","15755210","(623) 230-2400","mindy.price2@assetliving.com","928-614-5090","riley.sparkman@assetliving.com","Logen Uknavage","","","","","","Mon Apr 13 2026 08:25:28 GMT-0700","","Hillstone Residences at Canyon Trails","Hillstone Residences at Canyon Trails","Riley","","","","","","Pool Repair","","Riley","","","","","Pending Site Visits","Splash Pad
Inclusions

Scope of Work

Cycle and test Rain Deck RD500-0 controller programs (A, B, C, D) to isolate zone-specific
versus system-wide pressure drops.
Inspect the surge tank / holding tank for proper operational water levels.
Examine the pump strainer basket for debris blockages.
Test the pump suction line for cavitation or air leaks.


Filtration System Service
Inspect the main system filter.
Perform a thorough backwash and rinse cycle
Remove, flush, and re-seat filter media Valve Manifold & Hydraulic Inspection 
Inspect the 24V solenoid valve manifold.
Ensure flow control stems are properly adjusted for maximum flow.
If specific zones are restricted, disassemble the affected valve(s) and flush trapped grit/
debris from the diaphragm.

Nozzle Descaling & Hard Water Treatment
Inspect all brass and plastic surface nozzles for calcium and scale buildup (common with
local hard water).
Manually clear orifices and/or utilize commercial descaler to dissolve calcium blockages
causing backpressure.


*If descaling and debris removal does not relsove issue 
Secondary will be provided based on findings during our advanced diagnostics*

Exclusions 
Any additional work
POC Riley","Benito Valdez, Jasper Castaneda","MFH - Plumbing, Pools","Arrived on site, call will be turned over to nexlvl pool dept

763-221-0400 Minday Cell","","Default Workflow"
"77957","Invoiced","Invoiced","Carlton Penn","","Carlton Penn - Estimate - Clogged Drain :Plumbing","#26582 - Clogged Drain :Plumbing","Clogged Drain :Plumbing","Carlton Penn - Estimate - Clogged Drain :Plumbing","1345.44","1345.44","1345.44","316.5","1028.94","76","0","1345.44","287.94","1057.5","No","","","","0","","","","0","Jul 25, 2026","","Aug 24, 2026","","Mon Jul 27 2026 12:41:51 GMT-0700","Sat Jul 25 2026 13:56:51 GMT-0700","2026","July 2026","","","","Check","0","0","0","0","150","166.5","150","166.5","AJ Diaz","David Edholm","","26","267.52","NaN","","","-","-","9827 East Sanchez Road, Safford, AZ 85546","Safford","AZ","85546","No","AZ Service:Gila Valley","","","","","Lowe's","Free","","Residential","Tier 1 - 8%","","","6724768","(520) 507-4494","carltonpenn63@gmail.com","","","","","","","","","Tue Apr 23 2024 16:10:58 GMT-0700","Resi,Gila Valley","Carlton Penn","","Carlton","Penn","","","","","Gila Valley - Plumbing","","Destinee","","","","","Completed","REMINDER TO USE CAMERA AND LOOK FOR SEWER/GENERAL PIPE REPLACEMENT OPPORTUNITIES. 

Reason for call? clogged/backed up toilet bring wax ring. AFTER HOURS $150

Who will be present to meet the technician? Unknown

Where is the primary location of the clogged drain? Bathroom

Are there any other drains that are backing up? UNknown

Are you on a septic system? If so, when was the last time it was pumped? Unknown

Is there anything else you would like technician to look at while they are there? N/A

How did you hear about NexLvl Services? Unknown

Per Destinee: book Aj tomorrow 8-10am after hours 150 clogged/backed up toilet bring wax ring.","AJ Diaz, David Edholm","Gila Valley","","Gila Valley,Resi","Default Workflow"
"77955","Invoiced","Invoiced","Bharat Kabaria","","Bharat Kabaria - Estimate","#27117 - Water Heater Install :Lowes Water Heaters","Water Heater Install :Lowes Water Heaters","Bharat Kabaria - Estimate","1598","1598","1598","928","670","42","0","1598","936","662","No","","","","0","","","","0","Jul 25, 2026","","Aug 24, 2026","Sat Jul 25 2026 12:31:49 GMT-0700","Wed Jul 22 2026 12:50:33 GMT-0700","Sat Jul 25 2026 12:31:49 GMT-0700","2026","July 2026","","","","Lowes","0","0","0","0","688","240","688","240","Travis Germain","Travis Germain","","2.35","37.55","NaN","","","-","-","3882 E Jude Ln, Gilbert, AZ 85298","Gilbert","AZ","85298","No","Lowes","","","","","Lowe's","Free","","Residential","Tier 1 - 8%","","","17463847","(602) 819-0244","bkabaria@hotmail.com","","","Travis Germain","IME","1st Attempt","","ESTIMATE_APPOINTMENT | APPOINTMENT_SET","ESTIMATE_APPOINTMENT | APPOINTMENT_SET","Thu Jul 09 2026 16:25:38 GMT-0700","","Bharat Kabaria","","Bharat","Kabaria","","41437288","Garage","","Lowes - Water Heaters","","","","","","","Completed","WH962540
10-2pm

Notes and Details (Addon bundles, other details):","Tanner LaForge","Lowes","7/25

Uninstall, haul away, and dump old water heater.
Install New ***50 Gallon Gas Tall Water Heater**6 Year Warranty into Garage.
Remove old supply lines and ball valve.
Install 2 new supply lines, new ball valve and drip pan
**New T&P Line
**reuse sediment trap
Test to ensure everything is working properly","Lowes,In Warehouse","Default Workflow"
"77954","Sent","Sent","The Urban","","The Urban - Estimate - Pool Cleaning","#26580 - Pool Cleaning","Pool Cleaning","The Urban - Estimate - Pool Cleaning","870","870","870","420.4","449.6","52","0","870","700","170","No","","","","0","","","","0","Jul 25, 2026","Mon Jul 27 2026 14:44:38 GMT-0700","Aug 24, 2026","Sat Jul 25 2026 12:20:52 GMT-0700","Mon Jul 20 2026 14:19:30 GMT-0700","Sat Jul 25 2026 12:20:52 GMT-0700","2026","July 2026","","","","","0","0","0","0","400","20.4","400","20.4","Jasper Castaneda","Jasper Castaneda","","30","134.88","NaN","","","-","-","3601 East McDowell Road, Phoenix, Arizona 85008","Phoenix","Arizona","85008","No","AZ Service:Pools","","","","","Lowe's","Free","","Residential","Tier 1 - 8%","","","6992096","954-540-9251","justin.wilson@assetliving.com","","","Kris Driggs","Existing Customer","New Prospect","","Greystar","","Mon Jun 03 2024 16:41:27 GMT-0700","VIP,Commercial","The Urban","The Urban","Justin","Wilson","","","","","Pool Repair","","Destinee","","","","","Completed","Initial visit/pool inspection
They have 2 pools on site.
1 pool needs shock constantly to keep
1 pool turned green, and it has been changed to yellow.  
He is wanting us to look at everything.","Jasper Castaneda","Pools","","Commercial","Default Workflow"
"77953","Invoiced","Invoiced","Kirsten Smith","","Kirsten Smith - Estimate","#27023 - Water Heater Install :Lowes Water Heaters","Water Heater Install :Lowes Water Heaters","Kirsten Smith - Estimate","1785","1785","1785","1096","689","39","0","1785","1100","685","No","","","","0","","","","0","Jul 25, 2026","","Aug 24, 2026","Sat Jul 25 2026 11:28:21 GMT-0700","Mon Jul 20 2026 18:00:11 GMT-0700","Sat Jul 25 2026 11:28:21 GMT-0700","2026","July 2026","","","","Lowes","0","0","0","0","826","270","826","270","Gina Neisius","Gina Neisius","","30","535.5","NaN","","","-","-","256 W Swan Dr, Chandler, AZ 85286","Chandler","AZ","85286","No","Lowes","","","41419279","","Lowe's","Free","","Residential","Tier 1 - 8%","","","17580682","(602) 615-1215","fulhausmama@gmail.com","","","Gina Neisius","IME","New Prospect","","ESTIMATE_APPOINTMENT | APPOINTMENT_SET","ESTIMATE_APPOINTMENT | APPOINTMENT_SET","Sun Jul 19 2026 18:33:34 GMT-0700","","Kirsten Smith","","Kirsten","Smith","","41419279","garage","","Lowes - Water Heaters","","","","","","","Completed","#962544
8am-12pm

Notes and Details (Addon bundles, other details):","Tanner LaForge","Lowes","7/25

Uninstall, haul away, and dump old water heater.
Install New 50 Gallon Gas Water Heater w/12 yr warranty into Garage.
Remove old supply lines and ball valve.
Install 2 new supply lines, new ball valve and drip pan
New sediment trap. New t&p line
Test to ensure everything is working properly.

68 psi","In Warehouse,Lowes","Default Workflow"
"61983245","Invoiced","Invoiced","OnQ Property Management","","","No parent Job","","","150","150","150","0","150","100","0","150","0","150","No","","","","0","","","","0","Jul 25, 2026","","Jul 25, 2026","","","Sat Jul 25 2026 00:01:42 GMT-0700","2026","July 2026","We appreciate your business and prompt payment","","","","0","0","0","0","0","0","0","0","Jed Green","","","30","45","NaN","","","-","-","3860 East Horseshoe Place, Chandler, Arizona 85249","Chandler","Arizona","85249","Yes","","","","","","Lowe's","Free","","Residential","Tier 1 - 8%","","","6709822","(480) 571-6840","elissa@onqpm.com","","nntiwari@gmail.com","","","","","","","Tue Apr 23 2024 06:32:40 GMT-0700","Pools","OnQ Property Management","OnQ Property Management","Elissa","Compton","","","","","","","","","","","","","","","","","","Default Workflow"
"77946","Invoiced","Invoiced","John Owen","","john owen - Estimate","#27038 - Water Heater Install :Lowes Water Heaters","Water Heater Install :Lowes Water Heaters","john owen - Estimate","1680.45","1680.45","1680.45","1010","670.45","40","0","1680.45","984","696.45","No","","","","0","","","","0","Jul 24, 2026","","Aug 23, 2026","Fri Jul 24 2026 19:54:01 GMT-0700","Wed Jul 22 2026 10:28:30 GMT-0700","Fri Jul 24 2026 19:54:01 GMT-0700","2026","July 2026","","","","Needs Permit,Lowes","0","0","0","0","770","240","770","240","Gina Neisius","Gina Neisius","","30","504.13","NaN","","","-","-","7602 e 38th st, Tucson, AZ 85730","Tucson","AZ","85730","No","Lowes","","","41427599","","Lowe's","Free","","Residential","Tier 1 - 8%","","","17591980","(520) 490-9404","jowen8500@hotmail.com","","","Gina Neisius","IME","New Prospect","","ESTIMATE_APPOINTMENT | APPOINTMENT_SET","ESTIMATE_APPOINTMENT | APPOINTMENT_SET","Tue Jul 21 2026 08:45:58 GMT-0700","","John Owen","","John","Owen","","41427599","closet","","Lowes - Water Heaters","","","","","","","Completed","#1325036
10-2pm

Order #300902203264669009

Lowes Store Address: 7105 EAST SPEEDWAY BOULEVARD, Tucson, AZ, 85710

Notes and Details (Addon bundles, other details): Measurements - 1/2"" of space. Current heater is 18"".","Mathew Hodges","Lowes","Came out to customers house to install 40 gallon water heater that was incorrect. It had to be a 30 gallon water heater but that’s what Lowe’s gave me was a 40 gallon. I took out the old water heater loop the lines then I can turn the customers water back on. I talked to Mike to let him know what the other water heater was wrong and he had Travis to order the right water heater that was 30 gallon water heater taking together water heater back to Lowe’s to get the right one and I will be installing the water heater tomorrow sometime. Turn the water back onto test the shut off valve and supply lines to make sure there was not leaks. There’s no leaks at this time.

Came back out to customers house to install 30 gallon water heater turned off water to hook it up turned water back on to fill up the water heater and test for no leaks. There’s no leaks at this time replace gas line and supply line and install installed settlement trap turned gas on to make sure there was no leaks. There is no leaks at this time. Water heater is now working and now functioning and heating up.","Pick up from Lowes,Lowes","Default Workflow"
"77945","Paid","Paid","Doris Eligehausen","","Doris Eligehausen - Estimate - Septic Tank Pumping :Plumbing","#27206 - Septic Tank Pumping :Plumbing","Septic Tank Pumping :Plumbing","Doris Eligehausen - Estimate - Septic Tank Pumping :Plumbing","600","600","600","225","375","63","600","0","0","600","Yes","","","","0","","","","0","Jul 24, 2026","","Aug 23, 2026","","Mon Jul 27 2026 13:06:59 GMT-0700","Fri Jul 24 2026 17:43:00 GMT-0700","2026","July 2026","","","","","0","0","0","0","0","225","0","225","Jaxon Bryant","Jaxon Bryant","","30","180","NaN","Fri Jul 24 2026 05:00:00 GMT-0700","Fri Jul 24 2026 05:00:00 GMT-0700","-","-","193 e Dankworth Road, Safford, Arizona 85546","Safford","Arizona","85546","No","AZ Service:Gila Valley","","","","","Lowe's","Free","","Residential","Tier 1 - 8%","","","17623186","(928) 792-3126","drdoris@gmail.com","","","","","","","","","Fri Jul 24 2026 08:05:59 GMT-0700","","Doris Eligehausen","","Doris","Eligehausen","","","","","Gila Valley - Septic","","","","","","","Completed","Reason for call? septic backed up 

Who will be present to meet the technician? Doris

Are any drains currently backing up?  yes

How many years since its been pumped? (If unknown, quote customer a ""5-15 year hard pump"" up-charge. $125) unknown 

Do you know where the lid is located?  (If unknown, quote customer $150/per hour up-charge.) no

Is it uncovered? If not, are the lids able to be accessed with a tractor? (If needing to be dug up, quote customer $150 up-charge.) no

Is there anything else you would like technician to look at while they are there? no

How did you hear about NexLvl Services?","Jaxon Bryant","Gila Valley","","Camera,Tractor Needed","Default Workflow"
"77943","Invoiced","Invoiced","Santos  Zunigs","","Santos  Zunigs - Estimate","#27292 - Water Heater Install :Lowes Water Heaters","Water Heater Install :Lowes Water Heaters","Santos  Zunigs - Estimate","1304.75","1304.75","1304.75","725","579.75","44","0","1304.75","826","478.75","No","","","","0","","","","0","Jul 24, 2026","","Aug 8, 2026","Fri Jul 24 2026 17:30:12 GMT-0700","Fri Jul 24 2026 12:12:46 GMT-0700","Fri Jul 24 2026 17:30:12 GMT-0700","2026","July 2026","","","","Lowes","0","0","0","0","600","125","600","125","Travis Germain","Travis Germain","","2.35","30.66","NaN","","","-","-","10623 West Gross Avenue, Tolleson, Arizona 85353","Tolleson","Arizona","85353","No","Lowes","","","41446824","","Lowe's","Free","","Residential","Tier 1 - 8%","","","17624983","(480) 650-0151","","","","Travis Germain","IME","1st Attempt","","","","Fri Jul 24 2026 11:58:00 GMT-0700","Lowes","Santos  Zunigs","","Santos","Zunigs","","41446824","Garage","","Lowes - Water Heaters","","","","","","","Completed","WH816159
12-4pm
**MUST SIGN WAIVER FOR REUSING CURRENT SUPPLYS **supply lines, drip pan, ball valve***
Order #300902205264829764

Model Number #

Lowes Store Address: 1620 NORTH 75TH AVENUE, Phoenix, AZ, 85035


Notes and Details (Addon bundles, other details):","Matt Schlosser","Lowes","Scope of Work Performed**

* Removed two existing supply lines
* Removed one existing shut off valve 
* Disconnected the electrical
* Cut the T&P line
* Drained water heater and removed unit from the house

**Installation & Reconnection**

* Installed two new water supply lines
* Installed one new shut off valve.
* Installed 22-inch drain pan
* Re-ran T&P discharge line into the wall outlet
* Connected electrical to heater
* Filled water heater


**Testing & Closeout**

* Checked system for proper operation
* Registered new water heater 
* All documentation signed and payment collected","Lowes,Pick up from Lowes","Default Workflow"
"77942","Sent","Sent","Colter Park","Harbor Group Management Co., LLC","Unit 346 - Fan Coil Condensate Repair","#27152 - Fan Coil","Fan Coil","","270","270","270","33","237","88","0","270","-5","275","No","","","","0","","","","0","Jul 23, 2026","","Aug 23, 2026","","","Fri Jul 24 2026 17:28:04 GMT-0700","2026","July 2026","","","","","0","0","0","0","0","33","0","33","Jarren Heward","Jarren Heward","","30","81","NaN","","","-","-","909 West Colter Street, Phoenix, Arizona 85013","Phoenix","Arizona","85013","No","AZ Service:MFH","","","","","Lowe's","Free","","Residential","Tier 1 - 8%","","","15508690","(480) 640-7388","fswanson@harborgroupmanagement.com","","","Logen Uknavage","","","","","","Mon Mar 30 2026 09:43:16 GMT-0700","Harbor","Colter Park","Colter Park","Feljie","Swanson","","85889794","","","MFH - Plumbing","","","","","","","Completed","Unit 346
Per Chris this unit is having an issue with the fan coil
POC Josh","Benito Valdez","MFH - Plumbing","Condensate pan was overflowing, i cleared the blockage from under the sink  wiped up what i could in the ceiling and told the tennant he may see a residual drop or so until it dries","","Default Workflow"
"77941","Invoiced","Invoiced","Venue on Camelback","BH Management Services LLC","Unit 416 - Fan Coil Replacement","#27066 - Fan Coil","Fan Coil","","1798","1798","1798","788.2","1009.8","56","0","1798","1038","760","No","","","","0","","","","0","Jul 23, 2026","","Aug 23, 2026","","","Fri Jul 24 2026 17:21:18 GMT-0700","2026","July 2026","","","","","0","0","0","0","697","91.2","697","91.2","Jarren Heward","Jarren Heward","","30","539.4","NaN","","","-","-","1930 East Camelback Road, Phoenix, Arizona 85016","Phoenix","Arizona","85016","No","AZ Service:MFH","","","","","Lowe's","Free","","Residential","Tier 1 - 8%","","","12805541","(480) 340-2646","andres.marquez@livebh.com","","","Logen Uknavage","","","","","","Thu Oct 16 2025 15:10:12 GMT-0700","Commercial,MFH,BH Mgmt","Venue on Camelback","Venue on Camelback","Andres","Marquez","","","","","MFH - Plumbing","","Andres","","","","","Completed","Unit 416
Supply and install 4 HBC LH
POC Andres","Brodyn Janshen, Jordan Wise","MFH - Plumbing","Arrived 10:15am - Finished 5pm 
Once on site checked in with office and gained access to unit. Inside shut down water and removed old coil, and installed new. Tested for leaks and function all is good. Cleaned up work area and checked out with property before leaving.
1- 4hbc LH
2- 1/2” sharkbite ball valves 
2- 1/2” hose bibs 
2- 1/2” sweat tees
2- 1/2”x3/4” sweat reducers 
2- 3/4” sweat mip
2- 3/4” pvc st 90s
1- 3/4” pvc coupling 
1- 24”x24” foam board 
1- roll foam tape 
1- roll foil tape 
1 foot 3/4” pvc pipe 
1 foot 3/4” copper pipe 
3 feet 1/2” copper pipe","","Default Workflow"
"77940","Sent","Sent","Argenta Apartments","29th Street Communities","Unit 1144 - AC Diagnostic and Temporary Repair","#27196 - No Cool :HVAC","No Cool :HVAC","","260","260","260","31.2","228.8","88","0","260","0","260","No","","","","0","","","","0","Jul 23, 2026","","Aug 23, 2026","","","Fri Jul 24 2026 17:16:51 GMT-0700","2026","July 2026","","","","","0","0","0","0","0","31.2","0","31.2","Jarren Heward","Jarren Heward","","30","78","NaN","","","-","-","4104 East Broadway Road, Mesa, Arizona 85206","Mesa","Arizona","85206","No","MFH:MFH - HVAC","","","","","Lowe's","Free","","Residential","Tier 1 - 8%","","","9808428","(925) 324-7595","diana.march@29scliving.com","","sean.obrien@29scliving.com","Logen Uknavage","Referral","Won","","","","Fri Mar 21 2025 08:24:30 GMT-0700","","Argenta Apartments","Argenta Apartments","Diana","March","","","","","MFH - HVAC","","Sean","","","","","Completed","Unit 1144
Ac not cooling. Thinks it is the compressor
POC Sean","Chuy Torres","MFH - HVAC","---

## **Field Service Report: Incorrect Condenser Fan Motor & High Head Pressure**

**Date:** July 23, 2026  
**Unit:** 1144  
**Status:** Arrived on-site, diagnosed an incorrectly sized condenser fan motor and a flattened fan blade causing high head pressure on an older Trane unit. Applied a temporary fix to restore cooling and recommended replacing the motor and blade.

### **Diagnostic Findings**
* **Initial Assessment:** Responded to a service call for a cooling issue and evaluated the outdoor HVAC equipment.
* **Component Evaluation:** Inspected the older **Trane condenser** and found that the currently installed **condenser fan motor is the incorrect size/spec** for this system. It requires a **Fasco D1050** motor. 
* **Airflow Restriction:** Furthermore, the pitch on the **fan blade was flattened out**. Because of the incorrect motor and flattened blade, the system could not pull enough air through the condenser coil to reject heat, causing the system to run into high head pressure.

### **Temporary Repairs Performed**
* **Airflow Adjustments:** Manually adjusted the pitch of the fan blade and lowered its position on the shaft to help it pull more heat out of the system.
* **Maintenance:** Thoroughly cleaned the outdoor condenser coils to maximize airflow and help drop the operating pressures as much as possible.

### **Recommendations & Next Steps**
* **System Status:** After the adjustments and cleaning, the pressures are still running high, but the system is actively cooling at this time.
* **Replacement Required:** To permanently resolve the high head pressure and prevent a compressor failure, I highly **recommend replacing the condenser fan motor with the correct Fasco D1050** and installing a brand-**new fan blade** with the correct pitch. 
* **Action Item:** Submitting these findings to the office to generate a quote for the correct motor and blade.

---

**Status: Temporary Fix in Place (Cooling) — Pending Fan Motor & Blade Replacement Quote**

---","","Default Workflow"
"77937","Sent","Sent","Marcos De Niza c/o Dunlap & MaGee","","Unit 684 - Toilet Backup","#27144 - Clogged Drain :Plumbing","Clogged Drain :Plumbing","","198","198","198","23.4","174.6","88","0","198","3","195","No","","","","0","","","","0","Jul 22, 2026","","Aug 23, 2026","","","Fri Jul 24 2026 17:02:07 GMT-0700","2026","July 2026","","","","","0","0","0","0","0","23.4","0","23.4","Jarren Heward","Jarren Heward","","30","59.4","NaN","","","-","-","305 West Pima Street, Phoenix, AZ 85003","Phoenix","AZ","85003","No","AZ Service:MFH","","","","","Lowe's","Free","","Residential","Tier 1 - 8%","","","6747384","602-859-2293","brad@dunlap-sites.com","(602) 254-6663","asstmanager@marcosdeniza.org","Logen Uknavage","Cushman & Wakefield","","","","","Thu Apr 25 2024 17:54:12 GMT-0700","MFH,Commercial","Marcos De Niza c/o Dunlap & MaGee","Marcos De Niza c/o Dunlap & MaGee","Brad","","","","","","MFH - Plumbing","","","","","","","Completed","Toilet back up","Julian Guidry","MFH - Plumbing","Cleared backup with toilet auger, flushed multiple times and went down great every time. Checked in and out with Brad.","","Default Workflow"
"77936","Invoiced","Invoiced","Venue on Camelback","BH Management Services LLC","Unit 508 - Tub Waste and Overflow Replacement","#27126 - Active Water Leak :Plumbing","Active Water Leak :Plumbing","","485","485","485","86.6","398.4","82","0","485","65","420","No","","","","0","","","","0","Jul 22, 2026","","Aug 23, 2026","","","Fri Jul 24 2026 17:00:15 GMT-0700","2026","July 2026","","","","","0","0","0","0","30","50.4","30","50.4","Jarren Heward","","","30","145.5","NaN","","","-","-","1930 East Camelback Road, Phoenix, Arizona 85016","Phoenix","Arizona","85016","No","AZ Service:MFH","","","","","Lowe's","Free","","Residential","Tier 1 - 8%","","","12805541","(480) 340-2646","andres.marquez@livebh.com","","","Logen Uknavage","","","","","","Thu Oct 16 2025 15:10:12 GMT-0700","Commercial,MFH,BH Mgmt","Venue on Camelback","Venue on Camelback","Andres","Marquez","","","","","MFH - Plumbing","","Andreas","","","","","Completed","Unit 508
Andreas called about a leak in the tub from the drain whenever they use it. May have to access it from unit 408
POC Andreas","Julian Guidry","MFH - Plumbing","Tub waste and overflow was completely broken in half at the tub shoe, removed old TWO and installed a new one, used plumbers putty and gasket to make water tight seal, then tested by running tub. No leaks found.","","Default Workflow"
"77934","Sent","Sent","Colter Park","Harbor Group Management Co., LLC","Unit 68 - Blower Assembly Replacement","#27087 - Fan Coil - No Cool","Fan Coil - No Cool","","1050","1050","1050","624.4","425.6","41","0","1050","930","120","No","","","","0","","","","0","Jul 22, 2026","","Aug 23, 2026","","","Fri Jul 24 2026 16:56:08 GMT-0700","2026","July 2026","","","","","0","0","0","0","610","14.4","610","14.4","Jarren Heward","Jarren Heward","","30","315","NaN","","","-","-","909 West Colter Street, Phoenix, Arizona 85013","Phoenix","Arizona","85013","No","AZ Service:MFH","","","","","Lowe's","Free","","Residential","Tier 1 - 8%","","","15508690","(480) 640-7388","fswanson@harborgroupmanagement.com","","","Logen Uknavage","","","","","","Mon Mar 30 2026 09:43:16 GMT-0700","Harbor","Colter Park","Colter Park","Feljie","Swanson","","85889540","","","MFH - Plumbing","","Josh","","","","","Completed","Unit 68
Josh called in to advise the blower doesn't seem to blow hard enough. Not sure if it's the motor or a clogged coil
POC Josh","Jordan Wise","MFH - Plumbing","Arrived 5:10pm - Finished 7:30pm
Once inside unit took temps at 85 inspected fan coil and found blower motor was running very weak on highest speed. (4hbc LH). Informed Jesus he said due to high temps he would like me to emergency open a supply house and get it replaced tonight. Contacted ACS and they said they have one available. Left for new blower at 5:45pm. Was back on site at 6:45pm, installed new blower assembly and took temps again at 35. All is cooling good now checked out with property before leaving.
1- 4HBC blower assembly","","Default Workflow"
"77932","Sent","Sent","Colter Park","Harbor Group Management Co., LLC","Unit 175 - Fan Coil Leak Repair","#27128 - Fan Coil - Leaking","Fan Coil - Leaking","","295","295","295","48.8","246.2","83","0","295","55","240","No","","","","0","","","","0","Jul 22, 2026","","Aug 23, 2026","","","Fri Jul 24 2026 16:47:20 GMT-0700","2026","July 2026","","","","","0","0","0","0","20","28.8","20","28.8","Jarren Heward","Jarren Heward","","30","88.5","NaN","","","-","-","909 West Colter Street, Phoenix, Arizona 85013","Phoenix","Arizona","85013","No","AZ Service:MFH","","","","","Lowe's","Free","","Residential","Tier 1 - 8%","","","15508690","(480) 640-7388","fswanson@harborgroupmanagement.com","","","Logen Uknavage","","","","","","Mon Mar 30 2026 09:43:16 GMT-0700","Harbor","Colter Park","Colter Park","Feljie","Swanson","","85889581","","","MFH - Plumbing","","Josh","","","","","Completed","Unit 175
Josh called in about the fan coil leaking
POC Josh","Jordan Wise","MFH - Plumbing","Arrived 3:50pm - Finished 4:30pm
Once inside unit inspected fan coil and found lines were not wrapped, wrapped lines. All should be good now cleaned up Work area before heading to next unit.

1- roll of foam tape","","Default Workflow"
"77931","Sent","Sent","Colter Park","Harbor Group Management Co., LLC","Unit 283/281 - Bathroom Water Leak Repair","#27078 - Active Water Leak :Plumbing","Active Water Leak :Plumbing","","393","393","393","64.6","328.4","84","0","393","63","330","No","","","","0","","","","0","Jul 22, 2026","","Aug 23, 2026","","","Fri Jul 24 2026 16:44:34 GMT-0700","2026","July 2026","","","","","0","0","0","0","25","39.6","25","39.6","Jarren Heward","Jarren Heward","","30","117.9","NaN","","","-","-","909 West Colter Street, Phoenix, Arizona 85013","Phoenix","Arizona","85013","No","AZ Service:MFH","","","","","Lowe's","Free","","Residential","Tier 1 - 8%","","","15508690","(480) 640-7388","fswanson@harborgroupmanagement.com","","","Logen Uknavage","","","","","","Mon Mar 30 2026 09:43:16 GMT-0700","Harbor","Colter Park","Colter Park","Feljie","Swanson","","85889226","","","MFH - Plumbing","","Josh","","","","","Completed","Unit 283/281
Josh said there is a water leak between the two units and that they think is not related to prior work. It's in the bathrooms.
POC Josh","Jordan Wise","MFH - Plumbing","Arrived 10:30am - Finished 12:15pm
Once on site checked in with office and waited for keys to be pulled, they could not locate keys for unit 183 and want me to just inspect through 281 was able to gain entry at 11:15 AM. Once inside unit found wall above toilet to be soggy opened up wall as needed and found half inch hot pex line looks like it had been chewed through by a mouse in two spots shut down water as needed cut out problematic section and repaired turned on water. No leaks are presentcovered drywall with plastic and cleaned up work area before leaving.

1- 1/2” sharkbite ball valve","","Default Workflow"
"77929","Sent","Sent","Parq on 5th","BH Management Services LLC","Unit 824-3 - Toilet Flange Replacement","#27092 - Active Water Leak :Plumbing","Active Water Leak :Plumbing","","485","485","485","105.33","379.67","78","0","485","105","380","No","","","","0","","","","0","Jul 22, 2026","","Aug 23, 2026","","","Fri Jul 24 2026 16:34:33 GMT-0700","2026","July 2026","","","","VendorCafe","0","0","0","0","45","45.6","45","45.6","Jarren Heward","Jarren Heward","","30","145.5","NaN","","","-","-","805 West Brown Street, Tempe, Arizona 85281","Tempe","Arizona","85281","No","AZ Service:MFH","","","","","Lowe's","Free","","Residential","Tier 1 - 8%","","","12967316","(480) 781-7035","raphael.demeo@livebh.com","","bree.macfarlane@livebh.com","Logen Uknavage","Referral","","","","","Tue Oct 28 2025 12:55:01 GMT-0700","BH Mgmt,MFH,Commercial","Parq on 5th","Parq on 5th","Raphiel","Demeo","","4773688","","","MFH - Plumbing","","Raphael","","","","","Completed","Unit 824-3
townhouse upstairs that is leaking to the downstairs so it's flushed and like, the flange is kinda below the sub
POC Raphael","Hunter Howell","MFH - Plumbing","Findings:
Found the toilet flange leaking.
Includes:
Turned the water off to the toilet.
Pulled the toilet.
Removed and replaced the failed toilet flange.
Reset the toilet with a new wax ring.
Restored the water supply.
Leak tested to verify proper operation.
Cleaned up the work area.
Excludes:
Work beyond the listed scope.
Water damage.
Existing piping beyond the flange.","","Default Workflow"
"77927","Invoiced","Invoiced","Fairways at San Marcos","BH Management Services LLC","Unit 2254/1254 - Tub Leak Investigation and Repair","#27040 - Active Water Leak :Plumbing","Active Water Leak :Plumbing","","285","285","285","34.2","250.8","88","0","285","0","285","No","","","","0","","","","0","Jul 22, 2026","","Aug 23, 2026","","","Fri Jul 24 2026 16:25:00 GMT-0700","2026","July 2026","","","","","0","0","0","0","0","34.2","0","34.2","Jarren Heward","Jarren Heward","","30","85.5","NaN","","","-","-","777 West Chandler Boulevard, Chandler, Arizona 85225","Chandler","Arizona","85225","No","AZ Service:MFH","","","","","Lowe's","Free","","Residential","Tier 1 - 8%","","","12589664","","vicki.johnston@livebh.com","","","Logen Uknavage","Referral","","","","","Thu Oct 02 2025 10:01:31 GMT-0700","BH Mgmt,Commercial,MFH","Fairways at San Marcos","Fairways at San Marcos","Jeff","Holmburg","","","","","MFH - Plumbing","","Byron","","","","","Completed","Unit 2254/1254
Up to down leak - possibly coming from upstairs tub waste and overflow
POC Byron","Julian Guidry","MFH - Plumbing","Ran water through the tub shoe in the tub in 2254, ran the showerhead and splashed water on the overflow and nothing showed leaks. I then looked further and noticed the tub spout is completely separated from the cop allowing water to seep through and only when I splashed water on that did I start getting water downstairs. Re-cocked the tub, spout, and inform tenant not to use for at least six hours so it can cure.

Added a video of water flowing through tub drain for proof of no leak off the actual tub and overflow itself.","","Default Workflow"
"77926","Sent","Sent","Capri on Camelback","Harbor Group Management Co., LLC","Unit E101 - In-Wall Leak Repair","#27029 - Active Water Leak :Plumbing","Active Water Leak :Plumbing","","463","463","463","155.6","307.4","66","0","463","63","400","No","","","","0","","","","0","Jul 22, 2026","","Aug 23, 2026","","","Fri Jul 24 2026 16:21:59 GMT-0700","2026","July 2026","","","","","0","0","0","0","25","48","25","48","Jarren Heward","","","30","138.9","NaN","","","-","-","5115 North 40th Street, Phoenix, Arizona 85018","Phoenix","Arizona","85018","No","AZ Service:MFH","","","","","Lowe's","Free","","Residential","Tier 1 - 8%","","","17009572","(602) 882-8579","tgeorge@harborgroupmanagement.com","","","Logen Uknavage","Referral","","","","","Tue Jun 02 2026 16:45:17 GMT-0700","MFH,Commercial","Capri on Camelback","Capri on Camelback","Travis","George","","","","","MFH - Plumbing","","Travis","","","","","Completed","Unit E101
Leak in wall
POC Travis","Julian Guidry","MFH - Plumbing","There was a 2 inch cast-iron Santee that was blown out. Somebody had put toilet wax and metal tape around fitting to conceal leak, i removed old bands and old fitting and replaced them with new, ran sink to test and no more leaks. Covered drywall with garbage bag","","Default Workflow"
"77925","Invoiced","Invoiced","Catherine Isaak","","Catherine Isaak - Estimate","#27201 - Labor only RA :Lowes Water Heaters","Labor only RA :Lowes Water Heaters","Catherine Isaak - Estimate","1385.5","1385.5","1385.5","558","827.5","60","0","1385.5","343","1042.5","No","","","","0","","","","0","Jul 24, 2026","","Aug 23, 2026","Fri Jul 24 2026 16:06:46 GMT-0700","Thu Jul 23 2026 17:09:16 GMT-0700","Fri Jul 24 2026 16:06:46 GMT-0700","2026","July 2026","7/24 

Arrived on site to do a warranty swap for the 50 gallon gas heater. Drained and removed the tank. Replaced both supply lines and the ball valve. 

Returned the heater to home depot. Received a new tank and returned to install it. Set a new pan down. Installed an expansion tank and sediment trap 

Connected water lines and gas. Filled the heater and turned on gas. No issues with the install today.","","","Lowes","0","0","0","0","228","330","228","330","Travis Germain","Travis Germain","","2.35","32.55","NaN","","","-","-","17688 W Copper Ridge Dr, Goodyear, AZ 85338","Goodyear","AZ","85338","No","Lowes","","","41444971","","Lowe's","Free","","Residential","Tier 1 - 8%","","","17621357","(209) 712-4854","catisaak@hotmail.com","","","Travis Germain","IME","1st Attempt","","ESTIMATE_APPOINTMENT | APPOINTMENT_SET","ESTIMATE_APPOINTMENT | APPOINTMENT_SET","Thu Jul 23 2026 16:43:49 GMT-0700","","Catherine Isaak","","Catherine","Isaak","","41444971","Garage","","Lowes - Water Heaters","","","","","","","Completed","**RETURN TO HOME DEPOT**
**MAKE LAST STOP**
**MUST CALL 1 HOUR 30 MIN BEFORE**(if possible)
12-4PM
CASE# cas-2716512-n9v3q8
**RETURN TO HOME DEPOT**
CASE# cas-2716512-n9v3q8
Internet # 326590285
Model # XG50T06EC38U1
Store SKU # 1001300139","Tanner LaForge","Lowes","7/24 

Arrived on site to do a warranty swap for the 50 gallon gas heater. Drained and removed the tank. Replaced both supply lines and the ball valve. 

Returned the heater to home depot. Received a new tank and returned to install it. Set a new pan down. Installed an expansion tank and sediment trap 

Connected water lines and gas. Filled the heater and turned on gas. No issues with the install today.","RA,Pick up from Home Depot,Lowes","Default Workflow"
"77924","Invoiced","Invoiced","Westmount at Urban Trails","BH Management Services LLC","Westmount at Urban Trails - Invoice - Boiler","#26952 - Boiler","Boiler","","1765","1765","1765","416.6","1348.4","76","0","1765","585","1180","No","","","","0","","","","0","Jul 22, 2026","","Aug 24, 2026","","","Fri Jul 24 2026 16:00:07 GMT-0700","2026","July 2026","","","","","0","0","0","0","275","141.6","275","141.6","Jarren Heward","Jarren Heward","","30","529.5","NaN","","","-","-","1620 West Southern Avenue, Mesa, Arizona 85202","Mesa","Arizona","85202","No","AZ Service:MFH","","","","","Lowe's","Free","","Residential","Tier 1 - 8%","","","6991839","(505) 770-4644","lyndsay.robinson@livebh.com","","","Logen Uknavage","","New Prospect","","Greystar","","Mon Jun 03 2024 15:06:37 GMT-0700","VendorCafe,BH Mgmt,MFH","Westmount at Urban Trails","Westmount at Urban Trails","Lyndsay","Robinson","","","","","MFH - Plumbing","","","","","","","Completed","Boiler not firing. Possible ignition
POC: 915-496-8522","Adam George, Jordan Wise, Julian Guidry","PHX - Plumbing, MFH - Plumbing","Performed diagnostics on Raypac Boiler ignition failure code. Ran through troubleshooting checked amp for igniter a board should be 3.2a only getting .022amp will need to replace HSI. Performed manual reset and was able to get it to fire but doubt it will last long","","Default Workflow"
"77923","Sent","Sent","Colter Park","Harbor Group Management Co., LLC","Unit 176 - Fan Coil Line Insulation & Leak Repair","#27127 - Fan Coil - Leaking","Fan Coil - Leaking","","295","295","295","84.98","210.01999999999998","71","0","295","55","240","No","","","","0","","","","0","Jul 22, 2026","","Aug 21, 2026","","","Fri Jul 24 2026 15:56:41 GMT-0700","2026","July 2026","","","","","0","0","0","0","20","28.8","20","28.8","Joey Reyes","","","30","88.5","NaN","","","-","-","909 West Colter Street, Phoenix, Arizona 85013","Phoenix","Arizona","85013","No","AZ Service:MFH","","","","","Lowe's","Free","","Residential","Tier 1 - 8%","","","15508690","(480) 640-7388","fswanson@harborgroupmanagement.com","","","Logen Uknavage","","","","","","Mon Mar 30 2026 09:43:16 GMT-0700","Harbor","Colter Park","Colter Park","Feljie","Swanson","","85888964","","","MFH - Plumbing","","Josh","","","","","Completed","Unit 176
Josh called in about the fan coil leaking
POC Josh","Jordan Wise","MFH - Plumbing","Arrived 2:45pm - Finished 3:45pm
Once inside unit, tenant led me to spot where leak was present. Notice lines were not properly wrapped, wrapped what I could until I ran out of foam tape had to leave for more at 3 PM. Once back finished wrapping lines as needed all is good now. 
1- roll of foam tape","","Default Workflow"
"77922","Paid","Paid","Alicia Marrano","","Alicia Marrano - Invoice - Toilet :Lowes Simple Installs","#27123 - Toilet :Lowes Simple Installs","Toilet :Lowes Simple Installs","","209","209","209","21","188","90","209","0","0","209","Yes","","","","0","","","","0","Jul 24, 2026","","Aug 23, 2026","","","Fri Jul 24 2026 15:46:58 GMT-0700","2026","July 2026","","","","Lowes","0","0","0","0","0","21","0","21","Ashley Reed","","","0","0","NaN","Mon Jul 27 2026 05:00:00 GMT-0700","Mon Jul 27 2026 05:00:00 GMT-0700","-","-","1725 N BAXTER DR, TUCSON, AZ 85716","TUCSON","AZ","85716","No","Lowes:Simple Installs","","","","","","","","","","","","17582825","520-461-5893","alicia.marrano@gmail.com","null","","","IMS","","","PLUMB - ONLINE ONLY","PLUMB - ONLINE ONLY","Mon Jul 20 2026 08:00:10 GMT-0700","","Alicia Marrano","","Alicia","Marrano","","413571271","","","Lowes - Simple Installs","","","","","","","Completed","x1
Project Source Pro-flush White Elongated Chair height 12-in Rough-In WaterSense 1.28 GPF 2-piece Toilet with XL Trapway

Store: 4151 NORTH ORACLE ROAD,
Tucson, AZ 85705

- it is in the guest house.","Mathew Hodges","Lowes","Came out to customers house to install toilet remove the old toilet replaced waxing and bolts set down new toilet had to put shims underneath toilet because toilet was not level turned water onto the toilet to make sure there’s no leaks. There is no leaks at this time toilet is now functional.","Lowes,Pick up from Lowes","Default Workflow"
"77921","Sent","Sent","Sage Mesa","Sparrow Capital Partners LLC","Backflow Prevention Assembly Testing & Certification","#26765 - Backflow Test","Backflow Test","Sage Mesa - Estimate - Pool Cleaning","237","237","237","195","42","18","0","237","0","237","No","","","","0","","","","0","Jul 24, 2026","","Aug 23, 2026","","Fri Jul 24 2026 15:49:24 GMT-0700","Fri Jul 24 2026 15:46:32 GMT-0700","2026","July 2026","","","","","0","0","0","0","0","195","0","195","Logen Uknavage","Logen Uknavage","","30","71.1","NaN","","","-","-","10529 East Hampton Avenue, Mesa, Arizona 85209","Mesa","Arizona","85209","No","","","","","","Lowe's","Free","","Residential","Tier 1 - 8%","","","17413906","(480) 674-2995","scott.johnson@sparrowliving.com","","","Logen Uknavage","","","","","","Thu Jul 02 2026 09:25:45 GMT-0700","","Sage Mesa","Sage Mesa","Scott","Johnson","","","","","MFH - Plumbing","","Scott","","","","","Completed","**MSI scheduled 23rd @ 7Am
MSI- Fire backflow testing

- Reached out to Scott let him know MSI","","","","","Default Workflow"
"77920","Paid","Paid","Matthew Willoughby","","Matthew Willoughby - Invoice - Toilet :Lowes Simple Installs","#27061 - Toilet :Lowes Simple Installs","Toilet :Lowes Simple Installs","","418","418","418","42","376","90","418","0","0","418","Yes","","","","0","","","","0","Jul 24, 2026","","Aug 8, 2026","","","Fri Jul 24 2026 15:45:49 GMT-0700","2026","July 2026","","","","Lowes","0","0","0","0","0","42","0","42","Ashley Reed","Bryan Pickett","Multiple commissions applied (view Commission Report to see specific type breakdown)","Multiple commissions applied (view Commission Report to see specific % breakdown)","146","NaN","Mon Jul 27 2026 05:00:00 GMT-0700","Mon Jul 27 2026 05:00:00 GMT-0700","-","-","21071 East Longwood Drive, Queen Creek, Arizona 85142","Queen Creek","Arizona","85142","No","Lowes:Simple Installs","","","","","Lowe's","Free","","Residential","Tier 1 - 8%","","","14213250","(480) 227-2088","will0953@gmail.com","","","","IMS","","","","","Wed Jan 14 2026 12:59:00 GMT-0700","Lowes - Simple Installs","Matthew Willoughby","","Matthew","Willoughby","","413536964","","","Lowes - Simple Installs","","","","","","","Completed","Simple installs -2- American Standard Clean White Elongated Chair height 12-in Rough-In WaterSense 1.28 GPF Soft Close 2-piece Toilet/ pick up from lowe's/ no pets 

4730 S. HIGLEY ROAD,
Gilbert, AZ 85297
Store: #2808
Phone: (480) 840-6280","Bryan Pickett","Lowes","(x2) Disconnected water supply line, removed old toilet and old wax ring. Installed new waxring and new toilet. Reconnected water supply line and tested by filling tank and flushing through bowl several times while checking for leaks and moisture. No visible water, customer tested and customer satisfied.

Pickup/Delivery charge 
Toilet Install","Lowes,Pick up from Lowes","Default Workflow"
"77918","Sent","Sent","Marcos De Niza c/o Dunlap & MaGee","","Unit 516 - Clogged Toilet & Drain Clearing","#27145 - Toilet Back Up","Toilet Back Up","","270","270","270","38.8","231.2","86","0","270","30","240","No","","","","0","","","","0","Jul 22, 2026","","Aug 23, 2026","","","Fri Jul 24 2026 15:34:43 GMT-0700","2026","July 2026","","","","","0","0","0","0","10","28.8","10","28.8","Joey Reyes","Joey Reyes","","30","81","NaN","","","-","-","305 West Pima Street, Phoenix, AZ 85003","Phoenix","AZ","85003","No","AZ Service:MFH","","","","","Lowe's","Free","","Residential","Tier 1 - 8%","","","6747384","602-859-2293","brad@dunlap-sites.com","(602) 254-6663","asstmanager@marcosdeniza.org","Logen Uknavage","Cushman & Wakefield","","","","","Thu Apr 25 2024 17:54:12 GMT-0700","MFH,Commercial","Marcos De Niza c/o Dunlap & MaGee","Marcos De Niza c/o Dunlap & MaGee","Brad","","","","","","MFH - Plumbing","","","","","","","Completed","Toilet back up","Hunter Howell","MFH - Plumbing","Findings
Found the unit backed up due to a clogged drain line.
Includes
Set up drain cleaning equipment.
Opened existing cleanouts.
Ran the rooter through the drain line multiple times to clear the blockage.
Performed a drain test to verify proper flow.
Reinstalled the existing cleanout caps.
Cleaned up the work area.
Excludes
Work beyond the listed scope.
Existing pipe defects or damage.
Water damage or restoration.","","Default Workflow"
"77915","Invoiced","Invoiced","Venue on Camelback","BH Management Services LLC","Unit 049 - Fan Coil Replacement & Custom Retrofit","#27064 - Fan Coil","Fan Coil","","1798","1798","1798","788.2","1009.8","56","0","1798","1038","760","No","","","","0","","","","0","Jul 22, 2026","","Aug 21, 2026","","","Fri Jul 24 2026 15:14:40 GMT-0700","2026","July 2026","","","","","0","0","0","0","697","91.2","697","91.2","Joey Reyes","Joey Reyes","","30","539.4","NaN","","","-","-","1930 East Camelback Road, Phoenix, Arizona 85016","Phoenix","Arizona","85016","No","AZ Service:MFH","","","","","Lowe's","Free","","Residential","Tier 1 - 8%","","","12805541","(480) 340-2646","andres.marquez@livebh.com","","","Logen Uknavage","","","","","","Thu Oct 16 2025 15:10:12 GMT-0700","Commercial,MFH,BH Mgmt","Venue on Camelback","Venue on Camelback","Andres","Marquez","","","","","MFH - Plumbing","","Andres","","","","","Completed","Unit 049
Supply and install fan coil - 3HBC LH
POC Andres","Julian Guidry, Brodyn Janshen","MFH - Plumbing","Supplied and installed three HBC left-handed fan coil. Had to completely retrofitted in order to fit. Used a lot of pink foam board to build up a Plenum box for it. Securely attached water and drain lines reconnected power test everything for function.  Unit is now cooling.","","Default Workflow"
"77914","Sent","Sent","505 West","Harbor Group Management Co., LLC","Unit 2150 - AC Drain Pan Repair","#27194 - Active Water Leak :Plumbing","Active Water Leak :Plumbing","","313","313","313","41.2","271.8","87","0","313","53","260","No","","","","0","","","","0","Jul 24, 2026","Mon Jul 27 2026 09:48:27 GMT-0700","Aug 23, 2026","","","Fri Jul 24 2026 14:49:00 GMT-0700","2026","July 2026","","","","","0","0","0","0","10","31.2","10","31.2","Jacob Martinez","Jacob Martinez","","30","81.54","NaN","","","-","-","505 West Baseline Road, Tempe, Arizona 85283","Tempe","Arizona","85283","No","MFH:MFH - HVAC","","","","","Lowe's","Free","","Residential","Tier 1 - 8%","","","15570187","480-577-2649","jpelayo@harborgroupmanagement.com","","","Logen Uknavage","","","","","Can't be on property after 6p. If we have to be, call Jesus to verify
Goodman condensers only for this property - R32 ONLY","Thu Apr 02 2026 10:44:15 GMT-0700","Harbor","505 West","505 West","Jesus","Maintenance supervisor","","","","","MFH - HVAC","","Anthony","","","","","Completed","Can't be on property after 6p. If we have to be, call Jesus to verify
Goodman condensers only for this property - R32 ONLY

Unit 2150
AC pan is uneven and causing a leak. Water pooling opposite side of the drain outlet for the pan.","Jacob Martinez","MFH - HVAC","Corrective Action: Re-lagged the unit using 3-inch wood screws and installed PVC fittings as shims to establish proper pitch toward the drain.
​Note & Status: While aesthetic appearance is slightly compromised due to structural shimming, the unit is function-focused and now draining successfully with no standing water in the pan.","","Default Workflow"
"77913","Invoiced","Invoiced","Sharon Grant","","Sharon Grant - Estimate","#27223 - Water Heater Install :Lowes Water Heaters","Water Heater Install :Lowes Water Heaters","Sharon Grant - Estimate","1462","1462","1462","840","622","43","0","1462","826","636","No","","","","0","","","","0","Jul 24, 2026","","Aug 23, 2026","Fri Jul 24 2026 14:32:49 GMT-0700","Fri Jul 24 2026 09:34:25 GMT-0700","Fri Jul 24 2026 14:32:49 GMT-0700","2026","July 2026","Scope of Work Performed**

* Removed two existing supply lines
* Removed one existing shut off valve 
* Disconnected the electrical
* Cut the T&P line
* Drained water heater and removed unit from the house

**Installation & Reconnection**

* Installed two new water supply lines
* Installed one new shut off valve.
* Installed 22-inch drain pan
* Re-ran T&P discharge line into the wall outlet
* Connected electrical to heater
* Filled water heater


**Testing & Closeout**

* Checked system for proper operation
* Registered new water heater 
* All documentation signed and payment collected","","","Needs IME,Lowes","0","0","0","0","600","240","600","240","Travis Germain","Travis Germain","","2.35","34.35","NaN","","","-","-","10317 W Spanish Moss Ln, Sun City, AZ 85373","Sun City","AZ","85373","No","Lowes","","","41447244","","Lowe's","Free","","Residential","Tier 1 - 8%","","","17623751","(303) 842-1713","ssgrant22@outlook.com","","","Travis Germain","IME","1st Attempt","","ESTIMATE_APPOINTMENT | APPOINTMENT_SET","ESTIMATE_APPOINTMENT | APPOINTMENT_SET","Fri Jul 24 2026 09:14:53 GMT-0700","","Sharon Grant","","Sharon","Grant","","41447244","Laundry Room Garage","","Lowes - Water Heaters","","","","","","","Completed","WH816159
10-2pm

Order #300902205264825259

Lowes Store Address: 8497 WEST THUNDERBIRD ROAD, Peoria, AZ, 85381


Notes and Details (Addon bundles, other details):","Matt Schlosser","Lowes","Scope of Work Performed**

* Removed two existing supply lines
* Removed one existing shut off valve 
* Disconnected the electrical
* Cut the T&P line
* Drained water heater and removed unit from the house

**Installation & Reconnection**

* Installed two new water supply lines
* Installed one new shut off valve.
* Installed 22-inch drain pan
* Re-ran T&P discharge line into the wall outlet
* Connected electrical to heater
* Filled water heater


**Testing & Closeout**

* Checked system for proper operation
* Registered new water heater 
* All documentation signed and payment collected","Pick up from Lowes,Lowes","Default Workflow"
"77912","Paid","Paid","Philip Schanberger","","Philip Schanberger - Estimate - Pool Inspection","#27012 - Pool Inspection","Pool Inspection","Philip Schanberger - Estimate - Pool Inspection","890","890","890","490.88","399.12","45","890","0","720","170","Yes","","","","0","","","","0","Jul 24, 2026","Fri Jul 24 2026 14:32:48 GMT-0700","Aug 23, 2026","Fri Jul 24 2026 14:31:29 GMT-0700","Wed Jul 22 2026 14:10:34 GMT-0700","Fri Jul 24 2026 14:31:29 GMT-0700","2026","July 2026","","","","","0","0","0","0","450","20.4","450","20.4","Ian Campbell","","","5","19.95","NaN","Fri Jul 24 2026 05:00:00 GMT-0700","Fri Jul 24 2026 05:00:00 GMT-0700","-","-","2493 East Del Rio Court, Gilbert, Arizona 85295","Gilbert","Arizona","85295","No","AZ Service:Pools","","","","","Lowe's","Free","","Residential","Tier 1 - 8%","","","17588370","(602) 327-5314","jpschanberger@gmail.com","","","","","","","","","Mon Jul 20 2026 15:19:02 GMT-0700","","Philip Schanberger","","Philip","Schanberger","","","","","PHX - Plumbing","","","","","","","Completed","","Jasper Castaneda, Ian Campbell","Pools","Needs new 2hp motor.
Estimate accepted on site, Ian can come out Friday at the latest for install.","Resi","Default Workflow"
"77911","Sent","Sent","Dwell Apartment Homes","29th Street Communities","Unit 1701-2 - Fan Coil Service Call","#27068 - No Cool :HVAC","No Cool :HVAC","","89","89","89","10.68","78.32","88","0","89","0","89","No","","","","0","","","","0","Jul 24, 2026","","Aug 23, 2026","","","Fri Jul 24 2026 14:26:44 GMT-0700","2026","July 2026","","","","","0","0","0","0","0","10.68","0","10.68","Joey Reyes","Joey Reyes","","30","26.7","NaN","","","-","-","1923 North 70th Street, Scottsdale, Arizona 85257","Scottsdale","Arizona","85257","No","MFH:MFH - HVAC","","","","","Lowe's","Free","","Residential","Tier 1 - 8%","","","16450907","480-547-7130","megan.pearce@29scliving.com","","","Logen Uknavage","Referral","","","","Fan Coils","Tue May 12 2026 14:48:41 GMT-0700","Phoenix,MFH","Dwell Apartment Homes","Dwell Apartment Homes","Shannon","","","","","","MFH - HVAC","","Shannon","","","","","Completed","Unit 1701-2
HVAC side - air handler leaking water 
POC Shannon","Chuy Torres","MFH - HVAC","Canceled upon arrival","","Default Workflow"
"77909","Sent","Sent","Argenta Apartments","29th Street Communities","Unit 2069 - Full HVAC System Replacement","#26973 - No Cool :HVAC","No Cool :HVAC","Unit 2069 - Estimate: HVAC System Replacement","3637.11","3637.11","3637.11","2436.87","1200.2400000000002","33","0","3637.11","2890.85","746.26","No","","","","0","","","","0","Jul 22, 2026","","Aug 21, 2026","Fri Jul 24 2026 13:59:13 GMT-0700","Tue Jul 21 2026 10:01:04 GMT-0700","Fri Jul 24 2026 13:59:13 GMT-0700","2026","July 2026","","","","","0","0","0","0","1936.87","500","1936.87","500","Jacob Martinez","Jacob Martinez","","30","360.07","NaN","","","-","-","4104 East Broadway Road, Mesa, Arizona 85206","Mesa","Arizona","85206","No","MFH:MFH - HVAC","","","","","Lowe's","Free","","Residential","Tier 1 - 8%","","","9808428","(925) 324-7595","diana.march@29scliving.com","","sean.obrien@29scliving.com","Logen Uknavage","Referral","Won","","","","Fri Mar 21 2025 08:24:30 GMT-0700","","Argenta Apartments","Argenta Apartments","Diana","March","","287167","","","MFH - HVAC","","Sean","","","","","Completed","Unit 2069
No cool
POC Sean","Chuy Torres, Jacob Martinez, Hector Aguirre, Riley Torres","MFH - HVAC","SERVICE TICKET SUMMARY & RECOMMENDATION

Location: Unit 2069
System Type: 1.5-Ton First Co. Ceiling Mount Air Handler & Matching Outdoor Condenser
Refrigerant: R-22

DIAGNOSTIC FINDINGS:
- Compressor Status: Mechanical failure. Compressor energizes/runs but is no longer pumping (internal valves failed / lost differential pressure).
- System Status: System operates on obsolete R-22 refrigerant.

RECOMMENDATION: FULL SYSTEM REPLACEMENT
Recommend full replacement of both the indoor ceiling-mount air handler and the outdoor condensing unit with a modern, matched system.

LOGISTICS & NOTES:
- Equipment Needed: 1.5-Ton Ceiling-Mount Air Handler & Matching 1.5-Ton Outdoor Condenser.
- Site Access: Indoor unit is ceiling-mount. No crane required for outdoor condenser access.
- Justification: Major compressor failure on an obsolete R-22 system. Component-only repair is not cost-effective or practical due to refrigerant phase-out and metering compatibility. Full matched system replacement recommended.","","Default Workflow"
"77908","Paid","Paid","Jason Soule","","Jason Soule - Estimate - Fixture Issues :Plumbing","#27153 - Fixture Issues :Plumbing","Fixture Issues :Plumbing","Jason Soule - Estimate - Fixture Issues :Plumbing","700","700","700","155","545","78","700","0","125","575","Yes","","","","0","","","","0","Jul 24, 2026","Fri Jul 24 2026 14:05:46 GMT-0700","Aug 23, 2026","","","Fri Jul 24 2026 13:58:12 GMT-0700","2026","July 2026","","","","","0","0","0","0","50","105","50","105","Ian Gauvin","Ian Gauvin","","31","168.95","NaN","Fri Jul 24 2026 05:00:00 GMT-0700","Fri Jul 24 2026 05:00:00 GMT-0700","-","-","7156 West Irma Lane, Glendale, Arizona 85308","Glendale","Arizona","85308","No","","","","","","Lowe's","Free","","Residential","Tier 1 - 8%","","","17615261","(602) 418-4734","jason.soule55@gmail.com","","","","Referral","","","","","Thu Jul 23 2026 08:14:15 GMT-0700","Resi","Jason Soule","","Jason","Soule","","","","","PHX - Plumbing","","Jason","","","","","Completed","Reason for call? has a sink onsite would like it installed 

Who will be present to meet the technician?  Jason

Is there anything else you would like technician to look at while they are there? no

How did you hear about NexLvl Services? ATI referral","Ian Gauvin, Luis Ortiz","PHX - Plumbing, Swiss Army Knife","","Resi","Default Workflow"
"77907","Sent","Sent","Packaging Corp of America","","Packaging Corp-13192 - Estimate - Active Water Leak :Plumbing","#27122 - Active Water Leak :Plumbing","Active Water Leak :Plumbing","Packaging Corp-13192 - Estimate - Active Water Leak :Plumbing","2330","2330","2330","1118.6","1211.4","52","0","2330","1550","780","No","","","","0","","","","0","Jul 24, 2026","Fri Jul 24 2026 15:05:05 GMT-0700","Aug 23, 2026","","Tue Jul 28 2026 08:41:18 GMT-0700","Fri Jul 24 2026 13:57:03 GMT-0700","2026","July 2026","","","","","0","0","0","0","1025","93.6","1025","93.6","Adam George","","","29","0","NaN","","","-","-","441 South 53rd Avenue, Phoenix, AZ 85043","Phoenix","AZ","85043","No","AZ Service","","","","","Lowe's","","","","","","","6745728","(602) 657-4208","rickthomas@packagingcorp.com","","","Kris Driggs","Cushman & Wakefield","","","","","Thu Apr 25 2024 11:23:11 GMT-0700","Commercial,VIP","Packaging Corp of America","Packaging Corp of America","Richard","Thomas","","","","","PHX - Plumbing","","","","","","","Completed","Reason for call? would like a water pipe capped for restrooms","Adam George","PHX - Plumbing","lift required return visit needed","","Default Workflow"
"77906","Paid","Paid","Bob Swelgin","","Bob Swelgin - Invoice - Toilet :Lowes Simple Installs","#27070 - Toilet :Lowes Simple Installs","Toilet :Lowes Simple Installs","","174","174","174","17","157","90","174","0","0","174","Yes","","","","0","","","","0","Jul 24, 2026","","Aug 23, 2026","","","Fri Jul 24 2026 13:54:00 GMT-0700","2026","July 2026","","","","Lowes","0","0","0","0","0","17","0","17","Ashley Reed","Oak Wrench AZ Jarrod Scully (Contractor)","","0","174","NaN","Mon Jul 27 2026 05:00:00 GMT-0700","Mon Jul 27 2026 05:00:00 GMT-0700","-","-","3247 Pamela St, Prescott, AZ 86305","Prescott","AZ","86305","No","Lowes:Simple Installs","","","","","","","","","","","","17559473","310-871-2085","bobswelgin@gmail.com","null","","","IMS","","","PLUMB - GENERAL (NO SOFTENERS)","PLUMB - GENERAL (NO SOFTENERS)","Sat Jul 18 2026 08:01:02 GMT-0700","","Bob Swelgin","","Bob","Swelgin","","413428095","","","Lowes - Simple Installs","","","","","","","Completed","Simple installs -1- KOHLER Battan The Complete Solution White Elongated Chair height 12-in Rough-In WaterSense 1.28 GPF Soft Close 2-piece Toilet
201157197261710493
2300 E STATE ROUTE 69 (AZ-69),
Prescott, AZ 86301
Store: #1157     
Phone: (928) 541-8640

Delivery Fee: PR32456434","Oak Wrench AZ Jarrod Scully (Contractor)","Lowes","","Lowes,Pick up from Lowes","Default Workflow"
"77905","Paid","Paid","Catherine Isaak","","Catherine Isaak - Estimate - Labor only RA :Lowes Water Heaters","#27201 - Labor only RA :Lowes Water Heaters","Labor only RA :Lowes Water Heaters","Catherine Isaak - Estimate - Labor only RA :Lowes Water Heaters","299.48","299.48","299.48","0","299.48","100","299.48","0","299.48","0","Yes","","","","0","","","","0","Jul 24, 2026","","Aug 23, 2026","","","Fri Jul 24 2026 13:53:04 GMT-0700","2026","July 2026","","","","","0","0","0","0","0","0","0","0","Brenton Heward","","","0","0","NaN","Fri Jul 24 2026 05:00:00 GMT-0700","Fri Jul 24 2026 05:00:00 GMT-0700","-","-","17688 W Copper Ridge Dr, Goodyear, AZ 85338","Goodyear","AZ","85338","No","Lowes","","","","","Lowe's","Free","","Residential","Tier 1 - 8%","","","17621357","(209) 712-4854","catisaak@hotmail.com","","","Travis Germain","IME","1st Attempt","","ESTIMATE_APPOINTMENT | APPOINTMENT_SET","ESTIMATE_APPOINTMENT | APPOINTMENT_SET","Thu Jul 23 2026 16:43:49 GMT-0700","","Catherine Isaak","","Catherine","Isaak","","41444971","Garage","","Lowes - Water Heaters","","","","","","","Completed","**RETURN TO HOME DEPOT**
**MAKE LAST STOP**
**MUST CALL 1 HOUR 30 MIN BEFORE**(if possible)
12-4PM
CASE# cas-2716512-n9v3q8
**RETURN TO HOME DEPOT**
CASE# cas-2716512-n9v3q8
Internet # 326590285
Model # XG50T06EC38U1
Store SKU # 1001300139","Tanner LaForge","Lowes","7/24 

Arrived on site to do a warranty swap for the 50 gallon gas heater. Drained and removed the tank. Replaced both supply lines and the ball valve. 

Returned the heater to home depot. Received a new tank and returned to install it. Set a new pan down. Installed an expansion tank and sediment trap 

Connected water lines and gas. Filled the heater and turned on gas. No issues with the install today.","RA,Pick up from Home Depot,Lowes","Default Workflow"
"77902","Sent","Sent","Capri on Camelback","Harbor Group Management Co., LLC","Unit A-220 - Fan Coil Leak Repair","#27203 - Active Water Leak :Plumbing","Active Water Leak :Plumbing","Capri on Camelback - Estimate - Active Water Leak :Plumbing","540","540","540","66","474","88","0","540","-10","550","No","","","","0","","","","0","Jul 24, 2026","","Aug 23, 2026","","","Fri Jul 24 2026 13:48:07 GMT-0700","2026","July 2026","","","","","0","0","0","0","0","66","0","66","Hunter Howell","Hunter Howell","","30","142.2","NaN","","","-","-","5115 North 40th Street, Phoenix, Arizona 85018","Phoenix","Arizona","85018","No","AZ Service:MFH","","","","","Lowe's","Free","","Residential","Tier 1 - 8%","","","17009572","(602) 882-8579","tgeorge@harborgroupmanagement.com","","","Logen Uknavage","Referral","","","","","Tue Jun 02 2026 16:45:17 GMT-0700","MFH,Commercial","Capri on Camelback","Capri on Camelback","Travis","George","","","","","MFH - Plumbing","","","","","","","Completed","Unit A-220
Leak at the fan coil","Hunter Howell","MFH - Plumbing","Knocked on door multiple times with no answer tried to call poc and text him with no answer","","Default Workflow"
"77898","Sent","Sent","Argenta Apartments","29th Street Communities","Unit 1051 - Full HVAC System Replacement","#26923 - No Cool :HVAC","No Cool :HVAC","Unit 1051 - Estimate: 2-Ton First Company Split System Replacement","3856.47","3856.47","3856.47","2583.84","1272.6299999999997","33","0","3856.47","3110.21","746.26","No","","","","0","","","","0","Jul 22, 2026","","Aug 23, 2026","Fri Jul 24 2026 13:13:58 GMT-0700","Tue Jul 21 2026 09:13:40 GMT-0700","Fri Jul 24 2026 13:13:58 GMT-0700","2026","July 2026","","","","","0","0","0","0","2083.84","500","2083.84","500","Jacob Martinez","Jacob Martinez","","30","381.78","NaN","","","-","-","4104 East Broadway Road, Mesa, Arizona 85206","Mesa","Arizona","85206","No","MFH:MFH - HVAC","","","","","Lowe's","Free","","Residential","Tier 1 - 8%","","","9808428","(925) 324-7595","diana.march@29scliving.com","","sean.obrien@29scliving.com","Logen Uknavage","Referral","Won","","","","Fri Mar 21 2025 08:24:30 GMT-0700","","Argenta Apartments","Argenta Apartments","Diana","March","","287168","","","MFH - HVAC","","Shawn","","","","","Completed","Unit 1051
Ac is not cooling. Tenant froze the coil
POC Shawn","Jacob Martinez","MFH - HVAC","Upon arrival, diagnosed a severe restriction within the R-22 refrigerant system. The unit has been condemned and requires a complete replacement.
​Recommend a full installation of a 2-ton First Company split system; no crane is required for this job.","","Default Workflow"
"77897","Paid","Paid","Robert Stall","","Robert Stall - Estimate - Water Heater Install :Lowes Water Heaters","#27174 - Service Call :Lowes Water Heaters","Service Call :Lowes Water Heaters","Robert Stall - Estimate - Water Heater Install :Lowes Water Heaters","795","795","795","356.2","438.8","55","795","0","610","185","Yes","","","","0","","","","0","Jul 24, 2026","","Aug 23, 2026","Fri Jul 24 2026 13:05:10 GMT-0700","Thu Jul 23 2026 11:42:57 GMT-0700","Fri Jul 24 2026 13:05:10 GMT-0700","2026","July 2026","","","","Lowes","0","0","0","0","334","22.2","334","22.2","Travis Germain","Travis Germain","","2.35","18.68","NaN","Fri Jul 24 2026 05:00:00 GMT-0700","Fri Jul 24 2026 05:00:00 GMT-0700","-","-","7420 E Onyx Court, Scottsdale, AZ 85258","Scottsdale","AZ","85258","No","Lowes","","","00000000000","","Lowe's","Free","","Residential","Tier 1 - 8%","","","17611616","(480) 231-4040","rstall@cox.net","","","Travis Germain","IME","1st Attempt","","ESTIMATE_APPOINTMENT | APPOINTMENT_SET","ESTIMATE_APPOINTMENT | APPOINTMENT_SET","Wed Jul 22 2026 16:06:31 GMT-0700","","Robert Stall","","Robert","Stall","","","Garage","","Lowes - Water Heaters","","","","","","","Completed","New comfort system Recirc Pump Install
***MUST BE EDWARD***
Order #

Model Number #6265994

-collect payment in fieldpulse","Edward Lopez","Lowes","I picked up Grundfos Comfort System from local Van Marcke supply house. On my arrival, I was led to the master bathroom sink that was the furthest fixture from the water heater. I attempted to shut off the angle stops and had a handle break off in my hand. I suggested to replace both angle stops. I shut off water to the home and removed angle stops, ferrules and nuts. I trimmed off the quarter inch of copper pipe to accommodate seating of new angle stops. New angle stops were tightened into place and I restored water service to the home to check for leaks and found no leaks. I connected hot water, recirculating manifold, and open valve to check for leaks and found no leaks. I installed recirculating pump on the hot water outlet to water heater and check for leaks and found no leaks at this time.","Lowes","Default Workflow"
"77896","Paid","Paid","Diana Mueller","","Diana Mueller - Invoice - Faucet :Lowes Simple Installs","#27124 - Faucet :Lowes Simple Installs","Faucet :Lowes Simple Installs","","135","135","135","14","121","90","135","0","0","135","Yes","","","","0","","","","0","Jul 24, 2026","","Aug 23, 2026","","","Fri Jul 24 2026 12:57:39 GMT-0700","2026","July 2026","","","","Lowes","0","0","0","0","0","14","0","14","Ashley Reed","Erik Tange","","0","47","NaN","Mon Jul 27 2026 05:00:00 GMT-0700","Mon Jul 27 2026 05:00:00 GMT-0700","-","-","12034 W Yuma St, Avondale, AZ 85323","Avondale","AZ","85323","No","Lowes:Simple Installs","","","","","Lowe's","Free","","Residential","Tier 1 - 8%","","","17590861","(623) 451-9024","dmueller789@msn.com","","","","IMS","","","PLUMB - GENERAL (NO SOFTENERS)","PLUMB - GENERAL (NO SOFTENERS)","Tue Jul 21 2026 08:00:41 GMT-0700","","Diana Mueller","","Diana","Mueller","","413585218","","","Lowes - Simple Installs","","","","","","","Completed","Simple installs -1- Moen Caldwell Spot Resist Brushed Nickel 4-in centerset 2-handle WaterSense High-arc Residential Handle Bathroom Sink Faucet with Drain/onsite","Erik Tange","Lowes","Exsisting angle stops are 1/4 turn and work as they should. Removed faucet supply lines, removed old bathroom 3 hole faucet, disconnected p-trap, removed old drain assembly. Cleaned sink area under old faucet and drain assembly. Installed new 3 hole bathroom faucet, installed new customer provided 16"" faucet supply lines. Installed new pop uo drain assembly, reconnected p-trap. Checked for leaks, no leaks. Faucet functions as necessary. 

Pop up stopper does NOT pop back up when in the drain but does function normally outside of the drain.
I informed customer of the situation, and they will be contacting MOEN for a replacement.","Lowes,onsite","Default Workflow"
"77893","Paid","Paid","Annetta Hilbrands","","Annetta Hilbrands - Invoice - Toilet :Lowes Simple Installs","#27115 - Toilet :Lowes Simple Installs","Toilet :Lowes Simple Installs","","209","209","209","21","188","90","209","0","0","209","Yes","","","","0","","","","0","Jul 24, 2026","","Aug 23, 2026","","","Fri Jul 24 2026 12:19:47 GMT-0700","2026","July 2026","","","","Lowes","0","0","0","0","0","21","0","21","Ashley Reed","","","0","0","NaN","Mon Jul 27 2026 05:00:00 GMT-0700","Mon Jul 27 2026 05:00:00 GMT-0700","-","-","6725 E LEWIS AVE, SCOTTSDALE, AZ 85257","SCOTTSDALE","AZ","85257","No","Lowes:Simple Installs","","","","","","","","","","","","17590847","602-524-3744","jenkhbrca24@gmail.com","null","","","IMS","","","PLUMB - ONLINE ONLY","PLUMB - ONLINE ONLY","Tue Jul 21 2026 08:00:09 GMT-0700","","Annetta Hilbrands","","Annetta","Hilbrands","","413635810","","","Lowes - Simple Installs","","","","","","","Completed","Simple installs -1- KOHLER Elliston White Elongated Chair height 12-in Rough-In WaterSense 1.28 GPF Soft Close 2-piece Toilet/ pick up from lowe's/ this is for Jenifers mom/ She also purchased a new flange ring, wax ring and supply line that she has onsite

7950 EAST MCDOWELL ROAD,
Scottsdale, AZ 85257
Store: #1850
Phone: (480) 874-8120","Sean Marble","Lowes","This residence is over 65 years old Customer has cast-iron pipes removed existing toilet found that flange was indecent condition considering it was a cast-iron flange install new wax ring new floor bolts built new toilet installed no leaks caulking applied pictures and closed job complete","Lowes,Pick up from Lowes","Default Workflow"
"77892","Paid","Paid","Alison Masog","","Alison Masog - Invoice - Toilet :Lowes Simple Installs","#27046 - Toilet :Lowes Simple Installs","Toilet :Lowes Simple Installs","","174","174","174","17","157","90","174","0","0","174","Yes","","","","0","","","","0","Jul 24, 2026","","Aug 23, 2026","","","Fri Jul 24 2026 12:18:14 GMT-0700","2026","July 2026","","","","Lowes","0","0","0","0","0","17","0","17","Ashley Reed","","","0","0","NaN","Mon Jul 27 2026 05:00:00 GMT-0700","Mon Jul 27 2026 05:00:00 GMT-0700","-","-","5720 E Bramble Berry Ln, Cave Creek, AZ 85331","Cave Creek","AZ","85331","No","Lowes:Simple Installs","","","","","","","","","","","","17582826","602-697-2404","saffron347@yahoo.com","null","","","IMS","","","PLUMB - GENERAL (NO SOFTENERS)","PLUMB - GENERAL (NO SOFTENERS)","Mon Jul 20 2026 08:00:19 GMT-0700","","Alison Masog","","Alison","Masog","","413542211","","","Lowes - Simple Installs","","","","","","","Completed","Simple installs -1- KOHLER Elliston White Elongated Chair height 12-in Rough-In WaterSense 1.28 GPF Soft Close 2-piece Toilet/ pick up from lowes/ Gate code 0928 (no #)

34700 N CAVE CREEK RD,
Carefree, AZ 85377
Store: #2683
Phone: (480) 437-3540

Delivery Fee: PR32459950","Sean Marble","Lowes","Removed existing toilet flange was in good condition. New wax ring toilet built installed ran tested caulking applied no leaks job complete.","Lowes,Pick up from Lowes","Default Workflow"
"77890","Paid","Paid","ron hood","","ron hood - Invoice - Toilet/ Garbage disposal :Lowes Simple Installs","#27008 - Toilet/ Garbage disposal :Lowes Simple Installs","Toilet/ Garbage disposal :Lowes Simple Installs","","301","301","301","30","271","90","301","0","0","301","Yes","","","","0","","","","0","Jul 24, 2026","","Aug 23, 2026","","","Fri Jul 24 2026 12:16:57 GMT-0700","2026","July 2026","","","","Lowes","0","0","0","0","0","30","0","30","Ashley Reed","","","0","0","NaN","Mon Jul 27 2026 05:00:00 GMT-0700","Mon Jul 27 2026 05:00:00 GMT-0700","-","-","7630 W Edgestone St, Tucson, AZ 85735","Tucson","AZ","85735","No","Lowes:Simple Installs","","","","","","","","","","","","17529961","303-690-8099","noemailpmoc@lowes.com","null","","","IMS","","","PLUMB - GENERAL (NO SOFTENERS)","PLUMB - GENERAL (NO SOFTENERS)","Fri Jul 17 2026 08:00:26 GMT-0700","","ron hood","","ron","hood","","413354143","","","Lowes - Simple Installs","","","","","","","Completed","Simple installs -2 items- Project Source White Elongated Tall height 12-in Rough-In WaterSense 1.28 GPF Soft Close 2-piece Toilet
Moen Prep Under Sink Food Disposer, Continuous feed 1/2-HP Septic Safe Corded Garbage Disposal
Customer also stated they ordered a double wax ring so make sure you ask them for that 
Order# 201791197261930252

1800 WEST VALENCIA ROAD,
Tucson, AZ 85746
Store: #1791
Phone: (520) 741-2400

Delivery fee: PR32452291","Mathew Hodges","Lowes","Came out to customers house to install garbage disposal and toilet started with toilet inside guest bathroom remove the old toilet and waxing and bolts put in new waxing and bolts and set the toilet turned water back on had to replace the supply line 1st before turning the water on because the supply line was too short have to charge the customer in $25 to replace supply line going to be collecting that before leaving turned water onto the toilet to make sure there’s no leaks. There’s no leaks at this time caulked in the toilet, then went to the kitchen to install garbage disposal, tested everything to make sure there was no leaks. There’s no leaks at this time. Garbage disposal is now functional. Customer is happy with the work.","Lowes,Pick up from Lowes","Default Workflow"
"77889","Paid","Paid","Jessica Howard-Tilleman","","Jessica Howard-Tilleman - Invoice - Toilet :Lowes Simple Installs","#26742 - Toilet :Lowes Simple Installs","Toilet :Lowes Simple Installs","","209","209","209","21","188","90","209","0","0","209","Yes","","","","0","","","","0","Jul 24, 2026","","Aug 23, 2026","","","Fri Jul 24 2026 12:14:12 GMT-0700","2026","July 2026","","","","Lowes","0","0","0","0","0","21","0","21","Ashley Reed","Bryan Pickett","Multiple commissions applied (view Commission Report to see specific type breakdown)","Multiple commissions applied (view Commission Report to see specific % breakdown)","73","NaN","Mon Jul 27 2026 05:00:00 GMT-0700","Mon Jul 27 2026 05:00:00 GMT-0700","-","-","4816 E KACHINA TRL, PHOENIX, AZ 85044","PHOENIX","AZ","85044","No","Lowes:Simple Installs","","","","","","","","","","","","17487479","520-208-3523","jbhoward95@gmail.com","null","","","IMS","","","PLUMB - ONLINE ONLY","PLUMB - ONLINE ONLY","Sun Jul 12 2026 08:01:05 GMT-0700","","Jessica Howard-Tilleman","","Jessica","Howard-Tilleman","","412967942","","","Lowes - Simple Installs","","","","","","","Completed","x1
KOHLER Elliston White Elongated Chair height 12-in Rough-In WaterSense 1.28 GPF Soft Close 2-piece Toilet

store: 7100 WEST RAY ROAD,
Chandler, AZ 85226

Customer does have a Bidet they potentially want reinstalled for $92.50.","Bryan Pickett","Lowes","Disconnected water supply line, removed old toilet and old wax ring. Installed new waxring and new toilet. Reconnected water supply line and tested by filling tank and flushing through bowl several times while checking for leaks and moisture. No visible water, customer tested and customer satisfied.

Pickup/Delivery charge 
Toilet Install","Lowes,Pick up from Lowes","Default Workflow"
"77888","Sent","Sent","Colter Park","Harbor Group Management Co., LLC","Unit 209 - Fan Coil Service & Drain Clearing","#27044 - Fan Coil","Fan Coil","","340","340","340","42","298","88","0","340","-10","350","No","","","","0","","","","0","Jul 24, 2026","","Aug 23, 2026","","","Fri Jul 24 2026 12:11:24 GMT-0700","2026","July 2026","","","","","0","0","0","0","0","42","0","42","Joey Reyes","Joey Reyes","","30","102","NaN","","","-","-","909 West Colter Street, Phoenix, Arizona 85013","Phoenix","Arizona","85013","No","AZ Service:MFH","","","","","Lowe's","Free","","Residential","Tier 1 - 8%","","","15508690","(480) 640-7388","fswanson@harborgroupmanagement.com","","","Logen Uknavage","","","","","","Mon Mar 30 2026 09:43:16 GMT-0700","Harbor","Colter Park","Colter Park","Feljie","Swanson","","85888545","","","MFH - Plumbing","","Josh","","","","","Completed","Unit 209
Fan coil no cool
POC Josh","Jordan Wise","MFH - Plumbing","Arrived 3:35pm - Finished 5:30pm
It’s at unit took temperature at 81 flushed coil of dirty water until clear got temps down to 45. While I was up there, I also noticed drain pan primary and secondary were both backed up and leaking as well cleared drains all is good now.

Chris informed me of three units that needed checked out while I was finishing up at Colter one of the units was 183 which I was in earlier and is all good now. 

Unit 182- took temps upon entry at 73 flushed coil and temps dropped to 52 I informed Josh return grille and ceiling around coil should be replaced due to damage from previous leak.

Unit 163- unit was previously inspected and property was informed a blower motor replacement is needed. (6HBC) went back to check because tenant had called in and blower has still not been replaced spoke with Josh and he would like the bid to be sent over again.","","Default Workflow"
"77887","Invoiced","Invoiced","Tom Leard","","Tom Leard - Estimate","#27001 - Water Heater Install :Lowes Water Heaters","Water Heater Install :Lowes Water Heaters","Tom Leard - Estimate","1683","1683","1683","1009","674","40","0","1683","1025","658","No","","","","0","","","","0","Jul 24, 2026","","Aug 23, 2026","Fri Jul 24 2026 12:04:30 GMT-0700","Mon Jul 20 2026 13:24:14 GMT-0700","Fri Jul 24 2026 12:04:31 GMT-0700","2026","July 2026","Scope of Work Performed**

* Removed two existing supply lines
* Removed one existing shut off valve 
* Disconnected the ventilation and gas line
* Cut the T&P line
* Drained water heater and removed unit from the house

**Installation & Reconnection**

* Installed two new water supply lines
* Installed one new shut off valve 
* Installed 24-inch drain pan
* Re-ran T&P discharge line into the wall outlet
* Connected ventilation and gas line
* Filled water heater

**Testing & Closeout**

* Checked system for proper operation
* Registered the new water heater
* All documentation signed and payment collected","","","Lowes","0","0","0","0","769","240","769","240","Gina Neisius","Gina Neisius","","30","504.9","NaN","","","-","-","36832 N. Romping RD., Carefree, AZ 85377","Carefree","AZ","85377","No","Lowes","","","41422127","","Lowe's","Free","","Residential","Tier 1 - 8%","","","17585380","(480) 488-0192","tomflyer12@hotmail.com","","","Gina Neisius","IME","New Prospect","","ESTIMATE_APPOINTMENT | APPOINTMENT_SET","ESTIMATE_APPOINTMENT | APPOINTMENT_SET","Mon Jul 20 2026 10:29:34 GMT-0700","","Tom Leard","","Tom","Leard","","41422127","in utility closet","","Lowes - Water Heaters","","","","","","","Completed","#962543
12p-4p

Order #300902204264776201

Lowes Store Address: 16285 NORTH SCOTTSDALE RD, Scottsdale, AZ, 85254

Notes and Details (Addon bundles, other details):","Matt Schlosser","Lowes","Scope of Work Performed**

* Removed two existing supply lines
* Removed one existing shut off valve 
* Disconnected the ventilation and gas line
* Cut the T&P line
* Drained water heater and removed unit from the house

**Installation & Reconnection**

* Installed two new water supply lines
* Installed one new shut off valve 
* Installed 24-inch drain pan
* Re-ran T&P discharge line into the wall outlet
* Connected ventilation and gas line
* Filled water heater

**Testing & Closeout**

* Checked system for proper operation
* Registered the new water heater
* All documentation signed and payment collected","Pick up from Lowes,Lowes","Default Workflow"
"77883","Sent","Sent","Colter Park","Harbor Group Management Co., LLC","Unit 183 - Fan Coil Cooling Repair","#26963 - Fan Coil","Fan Coil","","340","340","340","42","298","88","0","340","-10","350","No","","","","0","","","","0","Jul 24, 2026","","Aug 23, 2026","","","Fri Jul 24 2026 11:55:30 GMT-0700","2026","July 2026","","","","","0","0","0","0","0","42","0","42","Joey Reyes","Joey Reyes","","30","102","NaN","","","-","-","909 West Colter Street, Phoenix, Arizona 85013","Phoenix","Arizona","85013","No","AZ Service:MFH","","","","","Lowe's","Free","","Residential","Tier 1 - 8%","","","15508690","(480) 640-7388","fswanson@harborgroupmanagement.com","","","Logen Uknavage","","","","","","Mon Mar 30 2026 09:43:16 GMT-0700","Harbor","Colter Park","Colter Park","Feljie","Swanson","","85888003","","","MFH - Plumbing","","Josh","","","","","Completed","Unit 183
Fan coil no cool (L/O 7/10)
POC Josh","Jordan Wise","MFH - Plumbing","Arrived 3pm - Finished 3:30pm
Once inside unit took temps at 81 flushed coil of dirty water until clear and got temps down to 63 checked out with office and maintenance before leaving property.","","Default Workflow"
"77882","Sent","Sent","Colter Park","Harbor Group Management Co., LLC","Unit 241 - Fan Coil Duct Repair","#26941 - Fan Coil - Leak","Fan Coil - Leak","","295","295","295","48.8","246.2","83","0","295","55","240","No","","","","0","","","","0","Jul 21, 2026","","Aug 23, 2026","","","Fri Jul 24 2026 11:52:56 GMT-0700","2026","July 2026","","","","","0","0","0","0","20","28.8","20","28.8","Joey Reyes","Adam George","","30","88.5","NaN","","","-","-","909 West Colter Street, Phoenix, Arizona 85013","Phoenix","Arizona","85013","No","AZ Service:MFH","","","","","Lowe's","Free","","Residential","Tier 1 - 8%","","","15508690","(480) 640-7388","fswanson@harborgroupmanagement.com","","","Logen Uknavage","","","","","","Mon Mar 30 2026 09:43:16 GMT-0700","Harbor","Colter Park","Colter Park","Feljie","Swanson","","85888410","","","MFH - Plumbing","","Travis","","","","","Completed","Unit 241
Per Travis, the coil is not connected to the duct
POC Travis","Adam George","PHX - Plumbing","Looks like a peice of flashing is missing. Spoke to Logan he said we will return monday to fix it","","Default Workflow"
"77881","Invoiced","Invoiced","Colter Park","Harbor Group Management Co., LLC","Unit 31 - Fan Coil Leak Repair","#26976 - Fan Coil","Fan Coil","","270","270","270","33","237","88","0","270","-5","275","No","","","","0","","","","0","Jul 22, 2026","","Aug 21, 2026","","","Fri Jul 24 2026 11:45:34 GMT-0700","2026","July 2026","","","","","0","0","0","0","0","33","0","33","Joey Reyes","Joey Reyes","","30","81","NaN","","","-","-","909 West Colter Street, Phoenix, Arizona 85013","Phoenix","Arizona","85013","No","AZ Service:MFH","","","","","Lowe's","Free","","Residential","Tier 1 - 8%","","","15508690","(480) 640-7388","fswanson@harborgroupmanagement.com","","","Logen Uknavage","","","","","","Mon Mar 30 2026 09:43:16 GMT-0700","Harbor","Colter Park","Colter Park","Feljie","Swanson","","85887988","","","MFH - HVAC","","Josh","","","","","Completed","Unit 31
Fan coil leak at vent
POC Josh","Jordan Wise","MFH - Plumbing","Arrived 1:30pm - Finished 2:10pm
Once at unit inspected coil and found primary inner drain pan was full and leaking into duct work. Cleared drain and also cleared secondary while I was at it. Drain pan is starting to show signs of rust and may need replaced soon as well. (6HBC RH)","","Default Workflow"
"77879","Paid","Paid","TRACY HAGAMAN","","TRACY HAGAMAN - Invoice - Toilet :Lowes Simple Installs","#27032 - Toilet :Lowes Simple Installs","Toilet :Lowes Simple Installs","","209","209","209","21","188","90","209","0","0","209","Yes","","","","0","","","","0","Jul 24, 2026","","Aug 23, 2026","","","Fri Jul 24 2026 11:39:09 GMT-0700","2026","July 2026","","","","Lowes","0","0","0","0","0","21","0","21","Ashley Reed","","","0","0","NaN","Mon Jul 27 2026 05:00:00 GMT-0700","Mon Jul 27 2026 05:00:00 GMT-0700","-","-","3741 W AMBER NICKOLE CT, PHOENIX, AZ 85086","PHOENIX","AZ","85086","No","Lowes:Simple Installs","","","","","","","","","","","","17579807","623-256-1022","trac6868@cox.net","null","","","IMS","","","PLUMB - ONLINE ONLY","PLUMB - ONLINE ONLY","Sun Jul 19 2026 08:00:36 GMT-0700","","TRACY HAGAMAN","","TRACY","HAGAMAN","","413470777","","","Lowes - Simple Installs","","","","","","","Completed","Simple installs -1- American Standard Mainstream White Round Chair height 12-in Rough-In WaterSense 1.28 GPF Soft Close 2-piece Toilet/ pick up from lowe's 

2501 W. HAPPY VALLEY RD, BDG 40,
Phoenix, AZ 85085
Store: #2557
Phone: (623) 445-9840","Sean Marble","Lowes","Removed existing toilet and replaced with new one tested ran no leaks","Lowes,Pick up from Lowes","Default Workflow"
"77877","Paid","Paid","ron hood","","ron hood - Estimate - Toilet/ Garbage disposal :Lowes Simple Installs","#27008 - Toilet/ Garbage disposal :Lowes Simple Installs","Toilet/ Garbage disposal :Lowes Simple Installs","ron hood - Estimate - Toilet/ Garbage disposal :Lowes Simple Installs","25","25","25","7.5","17.5","70","25","0","25","0","Yes","","","","0","","","","0","Jul 24, 2026","","Aug 23, 2026","Fri Jul 24 2026 11:34:53 GMT-0700","Fri Jul 24 2026 10:19:46 GMT-0700","Fri Jul 24 2026 11:34:54 GMT-0700","2026","July 2026","","","","Add On","0","0","0","0","7.5","0","7.5","0","Brenton Heward","","","0","0","NaN","Fri Jul 24 2026 05:00:00 GMT-0700","Fri Jul 24 2026 05:00:00 GMT-0700","-","-","7630 W Edgestone St, Tucson, AZ 85735","Tucson","AZ","85735","No","Lowes:Simple Installs","","","","","","","","","","","","17529961","303-690-8099","noemailpmoc@lowes.com","null","","","IMS","","","PLUMB - GENERAL (NO SOFTENERS)","PLUMB - GENERAL (NO SOFTENERS)","Fri Jul 17 2026 08:00:26 GMT-0700","","ron hood","","ron","hood","","413354143","","","Lowes - Simple Installs","","","","","","","Completed","Simple installs -2 items- Project Source White Elongated Tall height 12-in Rough-In WaterSense 1.28 GPF Soft Close 2-piece Toilet
Moen Prep Under Sink Food Disposer, Continuous feed 1/2-HP Septic Safe Corded Garbage Disposal
Customer also stated they ordered a double wax ring so make sure you ask them for that 
Order# 201791197261930252

1800 WEST VALENCIA ROAD,
Tucson, AZ 85746
Store: #1791
Phone: (520) 741-2400

Delivery fee: PR32452291","Mathew Hodges","Lowes","Came out to customers house to install garbage disposal and toilet started with toilet inside guest bathroom remove the old toilet and waxing and bolts put in new waxing and bolts and set the toilet turned water back on had to replace the supply line 1st before turning the water on because the supply line was too short have to charge the customer in $25 to replace supply line going to be collecting that before leaving turned water onto the toilet to make sure there’s no leaks. There’s no leaks at this time caulked in the toilet, then went to the kitchen to install garbage disposal, tested everything to make sure there was no leaks. There’s no leaks at this time. Garbage disposal is now functional. Customer is happy with the work.","Lowes,Pick up from Lowes","Default Workflow"
"77876","Paid","Paid","Richard Sinatra","","Richard Sinatra - Estimate - Job for Richard Sinatra","#21251 - Job for Richard Sinatra","Job for Richard Sinatra","Richard Sinatra - Estimate - Job for Richard Sinatra","300","300","300","50","250","83","300","0","0","300","Yes","","","","0","","","","0","Jul 24, 2026","Fri Jul 24 2026 11:34:49 GMT-0700","Aug 23, 2026","Fri Jul 24 2026 11:34:09 GMT-0700","Wed Feb 25 2026 09:19:35 GMT-0700","Fri Jul 24 2026 11:34:09 GMT-0700","2026","July 2026","","","","","0","0","0","0","0","50","0","50","Chuck LaPose","Ian Campbell","","40","12.5","NaN","Fri Jul 24 2026 05:00:00 GMT-0700","Fri Jul 24 2026 05:00:00 GMT-0700","-","-","29598 North Candlewood Drive, San Tan Valley, Arizona 85143","San Tan Valley","Arizona","85143","No","AZ Service:Pools","","","","","","","","","","","","6711282","(541) 260-1049","the.sinatras@hotmail.com","","","","","","","","","Tue Apr 23 2024 06:33:23 GMT-0700","Pools,Pool Cleaning","Richard Sinatra","","Richard","Sinatra","","","","","Pool Repair","","Richard Sinatra","","","","","Completed","Tech Note: Partial drain and refill to lower cya level recommended","Chuck LaPose","Pools","Remote quote to drain, refill and perform start up service.","Resi","Default Workflow"
"77875","Paid","Paid","Greg Gilliam","","Greg Gilliam - Invoice - Toilet :Lowes Simple Installs","#26986 - Toilet :Lowes Simple Installs","Toilet :Lowes Simple Installs","","174","174","174","17","157","90","174","0","0","174","Yes","","","","0","","","","0","Jul 24, 2026","","Aug 23, 2026","","","Fri Jul 24 2026 11:27:28 GMT-0700","2026","July 2026","","","","Lowes","0","0","0","0","0","17","0","17","Ashley Reed","Bryan Pickett","","0","61","NaN","Mon Jul 27 2026 05:00:00 GMT-0700","Mon Jul 27 2026 05:00:00 GMT-0700","-","-","3722 E CONSTACE WAY, PHOENIX, AZ 85042","PHOENIX","AZ","85042","No","Lowes:Simple Installs","","","","","","","","","","","","17529957","602-793-5364","noemailpmoc@lowes.com","null","","","IMS","","","PLUMB - GENERAL (NO SOFTENERS)","PLUMB - GENERAL (NO SOFTENERS)","Fri Jul 17 2026 08:00:09 GMT-0700","","Greg Gilliam","","Greg","Gilliam","","413376840","","","Lowes - Simple Installs","","","","","","","Completed","Simple installs -1- KOHLER Elliston White Elongated Tall height 12-in Rough-In WaterSense 1.28 GPF Soft Close 2-piece Toilet/ pick up from lowe's

7100 WEST RAY ROAD,
Chandler, AZ 85226
Store: #674
Phone: (480) 753-0103

Delivery Fee: PR32445648","Bryan Pickett","Lowes","Disconnected water supply line, removed old toilet and old wax ring. Installed new waxring and new toilet. Reconnected bidet seat and water supply line and tested by filling tank and flushing through bowl several times while checking for leaks and moisture. No visible water, customer tested and customer satisfied.

Pickup/Delivery charge 
Toilet Install
Bidet Reinstall","Lowes,Pick up from Lowes","Default Workflow"
"77873","Invoiced","Invoiced","Marsha Radi","","Marsha Radi - Estimate","#27033 - Water Heater Install :Lowes Water Heaters","Water Heater Install :Lowes Water Heaters","Marsha Radi - Estimate","1785","1785","1785","853","932","52","0","1785","759","1026","No","","","","0","","","","0","Jul 24, 2026","","Aug 23, 2026","Fri Jul 24 2026 11:11:12 GMT-0700","Tue Jul 21 2026 09:28:54 GMT-0700","Fri Jul 24 2026 11:11:12 GMT-0700","2026","July 2026","I picked up water heater from local Lowe’s store. On my arrival was right to the dining room where there was a utility closet containing the water heater to be replaced. Shut off power to the water heater and begin draining down water. I removed old supply lines and threaded on a threaded ball valve. Once water heater was drained down and removed and discarded it and mounted a bracket for the thermal expansion tank. I’m out at the thermal expansion tank and connected to two cold water supply. Set water heater into place on top of new drip pan, connected power, connected auto supply lines, connected temperature and pressure, relief the temperature and pressure valve, filled water heater with water to check the leaks and found no leaks at this time. I restored power to water heater and found the operational before I left.","","","Lowes,Needs Permit","0","0","0","0","553","300","553","300","Gina Neisius","Gina Neisius","","30","535.5","NaN","","","-","-","9355 N 91st St, #105, Scottsdale, AZ 85258","Scottsdale","AZ","85258","No","Lowes","","","41419399","","Lowe's","Free","","Residential","Tier 1 - 8%","","","17580822","(801) 712-1916","maradi56@gmail.com","","","Gina Neisius","IME","New Prospect","","ESTIMATE_APPOINTMENT | APPOINTMENT_SET","ESTIMATE_APPOINTMENT | APPOINTMENT_SET","Sun Jul 19 2026 20:18:32 GMT-0700","","Marsha Radi","","Marsha","Radi","","41419399","laundry closet","","Lowes - Water Heaters","","","","","","","Completed","WH816158
8-12
Her unit # is 105- Go to Village 1 and take the 1st right. Her condo is 3 or 4 units down. 

Order #300902204264776000

Lowes Store Address: 7950 EAST MCDOWELL ROAD, Scottsdale, AZ, 85257

Notes and Details (Addon bundles, other details):","Edward Lopez","Lowes","I picked up water heater from local Lowe’s store. On my arrival was right to the dining room where there was a utility closet containing the water heater to be replaced. Shut off power to the water heater and begin draining down water. I removed old supply lines and threaded on a threaded ball valve. Once water heater was drained down and removed and discarded it and mounted a bracket for the thermal expansion tank. I’m out at the thermal expansion tank and connected to two cold water supply. Set water heater into place on top of new drip pan, connected power, connected auto supply lines, connected temperature and pressure, relief the temperature and pressure valve, filled water heater with water to check the leaks and found no leaks at this time. I restored power to water heater and found the operational before I left.","Lowes,Pick up from Lowes","Default Workflow"
"77872","Sent","Sent","Colter Park","Harbor Group Management Co., LLC","Unit 251 - Fan Coil Blower Motor Replacement","#26867 - Fan Coil","Fan Coil","","925","925","925","509.8","415.2","45","0","925","785","140","No","","","","0","","","","0","Jul 21, 2026","","Aug 20, 2026","","","Fri Jul 24 2026 11:07:42 GMT-0700","2026","July 2026","","","","","0","0","0","0","493","16.8","493","16.8","Joey Reyes","Joey Reyes","","30","277.5","NaN","","","-","-","909 West Colter Street, Phoenix, Arizona 85013","Phoenix","Arizona","85013","No","AZ Service:MFH","","","","","Lowe's","Free","","Residential","Tier 1 - 8%","","","15508690","(480) 640-7388","fswanson@harborgroupmanagement.com","","","Logen Uknavage","","","","","","Mon Mar 30 2026 09:43:16 GMT-0700","Harbor","Colter Park","Colter Park","Feljie","Swanson","","85887669","","","MFH - HVAC","","Josh","","","","","Completed","Unit 251
Fan coil blower motor replacement- no history on this unit (vacant)
POC Josh","Julian Guidry","MFH - Plumbing","By the time I was able to get to the unit. Supply houses are closed so I will not be able to get a blower motor.  Need to reschedule for first thing tomorrow morning.","","Default Workflow"
"77870","Invoiced","Invoiced","The Heritage","BH Management Services LLC","Parking Lot - Irrigation Leak Diagnostics","#27216 - Active Water Leak :Plumbing","Active Water Leak :Plumbing","","89","89","89","10.68","78.32","88","0","89","0","89","No","","","","0","","","","0","Jul 24, 2026","","Aug 23, 2026","","","Fri Jul 24 2026 10:45:59 GMT-0700","2026","July 2026","","","","","0","0","0","0","0","10.68","0","10.68","Joey Reyes","Joey Reyes","","30","26.7","NaN","","","-","-","1100 East Osborn Road, Phoenix, Arizona 85014","Phoenix","Arizona","85014","No","AZ Service:MFH","","","","","Lowe's","Free","","Residential","Tier 1 - 8%","","","12879207","(520) 250-3662","theheritage@livebh.com","","Brian.Nielsen@livebh.com","Logen Uknavage","Referral","","","","","Wed Oct 22 2025 10:45:17 GMT-0700","BH Mgmt,MFH,Commercial","The Heritage","The Heritage","Brian","Nielsen","","","","","MFH - Plumbing","","Robb","","","","","Completed","Parking lot
There is a water leak in the parking lot
POC Brian","Jordan Wise","MFH - Plumbing","Arrived 8:30am - Finished 9:05am
Once on site checked in with office and maintenance staff led me to area in asphalt where leak was present. It is an irrigation leak. They said SRP had already come out to shut off the water. It is locked out, and SRP will need to be called to turn it back on for us to locate and repair took pictures of section where it is most likely located and informed them we would need to break up the asphalt and dig down to the leak in order to fix it. They would like a bid sent via email and they said we will need to call SRP about turning the water on and off for us as needed. Sent info and pictures to Logen before leaving property.

Joey - Per Logen, Robb called and said SRP found out a irrigation company kicked in the irrigation for the vault and said to not worry about the proposals.","","Default Workflow"
"77868","Invoiced","Invoiced","Bonnie Brown","","Bonnie Brown - Estimate","#27089 - Water Heater Install :Lowes Water Heaters","Water Heater Install :Lowes Water Heaters","Bonnie Brown - Estimate","1555.5","1555.5","1555.5","928","627.5","40","0","1555.5","936","619.5","No","","","","0","","","","0","Jul 24, 2026","","Aug 23, 2026","Fri Jul 24 2026 10:37:45 GMT-0700","Wed Jul 22 2026 09:52:31 GMT-0700","Fri Jul 24 2026 10:37:45 GMT-0700","2026","July 2026","7/24

Arrived on site to Install a new 50 gallon gas heater. I met with Bonnie who showed me to the unit in the laundry room

There is no tank here so I turned off water and began draining the lines. Replaced both supply lines and ball valve

Set the new stand in place. New pan. New tank. Connected supply lines. Ran new t&p. Put on sediment trap

Filled the heater. Trimmed back the gas vent due to the taller setup we now have. Turned on gas and checked for leaks. 

No issues with this install 60 psi","","","Lowes","0","0","0","0","688","240","688","240","Travis Germain","Travis Germain","","2.35","36.55","NaN","","","-","-","5428 w State ave, Glendale, AZ 85301","Glendale","AZ","85301","No","Lowes","","","41397839","","Lowe's","Free","","Residential","Tier 1 - 8%","","","17526439","(602) 510-6921","bonnieb1955@gmail.com","","","Travis Germain","IME","1st Attempt","","ESTIMATE_APPOINTMENT | APPOINTMENT_SET","ESTIMATE_APPOINTMENT | APPOINTMENT_SET","Thu Jul 16 2026 12:59:32 GMT-0700","","Bonnie Brown","","Bonnie","Brown","","41397839","Garage","","Lowes - Water Heaters","","","","","","","Completed","WH962540
8-12noon
**Customer building a stand**
**Reuse Drip Pan**

Notes and Details (Addon bundles, other details):","Tanner LaForge","Lowes","7/24

Arrived on site to Install a new 50 gallon gas heater. I met with Bonnie who showed me to the unit in the laundry room

There is no tank here so I turned off water and began draining the lines. Replaced both supply lines and ball valve

Set the new stand in place. New pan. New tank. Connected supply lines. Ran new t&p. Put on sediment trap

Filled the heater. Trimmed back the gas vent due to the taller setup we now have. Turned on gas and checked for leaks. 

No issues with this install 60 psi","Lowes,In Warehouse","Default Workflow"
"77866","Sent","Sent","Ryan  Boynton","","Ryan  Boynton - Estimate - Pool Cleaning","#26526 - Pool Cleaning","Pool Cleaning","Ryan  Boynton - Estimate - Pool Cleaning","400","400","400","87.04","312.96","78","0","400","0","400","No","","","","0","","","","0","Jul 24, 2026","Fri Jul 24 2026 10:07:19 GMT-0700","Aug 23, 2026","Fri Jul 24 2026 10:06:58 GMT-0700","Mon Jul 13 2026 16:03:39 GMT-0700","Fri Jul 24 2026 10:06:58 GMT-0700","2026","July 2026","","","","","0","0","0","0","0","50","0","50","Ian Campbell","","","5","15.64","NaN","","","-","-","1105 North Delmar, Mesa, Arizona 85203","Mesa","Arizona","85203","No","AZ Service:Pools","","","","","Lowe's","Free","","Residential","Tier 1 - 8%","","","17458597","(480) 861-0995","ryboy5@gmail.com","","","","","","","","","Thu Jul 09 2026 08:18:57 GMT-0700","","Ryan  Boynton","","Ryan","Boynton","","","","","Pool Repair","","Ryan","","","","","Completed","first visit pool is turning","Ian Campbell","Pools","CYA is max’d out.
300+.

Needs drain and fill in order to properly service.

Estimate accepted on site, upped price to $400 so I can spend an hour or so to power wash the interior once we’re drained.","Resi","Default Workflow"
"77863","Paid","Paid","Greg Gilliam","","Greg Gilliam - Invoice - Toilet :Lowes Simple Installs","#26986 - Toilet :Lowes Simple Installs","Toilet :Lowes Simple Installs","","92.5","92.5","92.5","11.1","81.4","88","92.5","0","0","92.5","Yes","","","","0","","","","0","Jul 24, 2026","","Aug 23, 2026","","","Fri Jul 24 2026 09:32:12 GMT-0700","2026","July 2026","","","","Add On,Lowes","0","0","0","0","0","11.1","0","11.1","Bryan Pickett","Bryan Pickett","","0","25","NaN","Fri Jul 24 2026 05:00:00 GMT-0700","Fri Jul 24 2026 05:00:00 GMT-0700","-","-","3722 E CONSTACE WAY, PHOENIX, AZ 85042","PHOENIX","AZ","85042","No","","","","","","","","","","","","","17529957","602-793-5364","noemailpmoc@lowes.com","null","","","IMS","","","PLUMB - GENERAL (NO SOFTENERS)","PLUMB - GENERAL (NO SOFTENERS)","Fri Jul 17 2026 08:00:09 GMT-0700","","Greg Gilliam","","Greg","Gilliam","","413376840","","","Lowes - Simple Installs","","","","","","","Completed","Simple installs -1- KOHLER Elliston White Elongated Tall height 12-in Rough-In WaterSense 1.28 GPF Soft Close 2-piece Toilet/ pick up from lowe's

7100 WEST RAY ROAD,
Chandler, AZ 85226
Store: #674
Phone: (480) 753-0103

Delivery Fee: PR32445648","Bryan Pickett","Lowes","Disconnected water supply line, removed old toilet and old wax ring. Installed new waxring and new toilet. Reconnected bidet seat and water supply line and tested by filling tank and flushing through bowl several times while checking for leaks and moisture. No visible water, customer tested and customer satisfied.

Pickup/Delivery charge 
Toilet Install
Bidet Reinstall","Lowes,Pick up from Lowes","Default Workflow"
"77857","Invoiced","Invoiced","Dennis Harris","","Dennis Harris - Estimate - Recall :Lowes Water Heaters","#27030 - Recall :Lowes Water Heaters","Recall :Lowes Water Heaters","Dennis Harris - Estimate - Recall :Lowes Water Heaters","93","93","93","12","81","87","0","93","0","93","No","","","","0","","","","0","Jul 24, 2026","","Aug 7, 2026","","","Fri Jul 24 2026 08:17:22 GMT-0700","2026","July 2026","$92 off to maintain customer relations.","","","Lowes","0","0","0","0","0","12","0","12","Brenton Heward","","","0","0","NaN","","","-","-","6070 South Oyama Drive, Tucson, Arizona 85746","Tucson","Arizona","85746","No","Lowes","","","","","Lowe's","Free","","Residential","Tier 1 - 8%","","","17419927","(707) 975-9148","dennisgroup11@gmail.com","","","Travis Germain","IME","1st Attempt","","ESTIMATE_APPOINTMENT | APPOINTMENT_SET","ESTIMATE_APPOINTMENT | APPOINTMENT_SET","Fri Jul 03 2026 11:59:58 GMT-0700","Lowes","Dennis Harris","","Dennis","Harris","","","","","Lowes - Water Heaters","","","","","","","Completed","-Recall reason: customer isn't getting hot water in his primary bathroom but is getting hot water everywhere else basically. If it isn't the fault of the install or the water heater, we will charge $185. We saved a card on file.


-Original installer? Matt H.","Mathew Hodges","Lowes","Came out to customers house to check if they have hot water they have hot water in the master bedroom and in the kitchen the kitchen you just had to have the handle up and move it out to open up the hot water and it did take a little bit for the hot water to get there, but customer is having hot water and they’re satisfied with everything. I went to every fixture to make sure they have hot water in the house.","Lowes,Warranty","Default Workflow"
"77855","Invoiced","Invoiced","James Withers","","James Withers - Estimate","#27094 - Water Heater Install :Lowes Water Heaters","Water Heater Install :Lowes Water Heaters","James Withers - Estimate","2805","2805","2805","1076","1729","62","0","2805","1904","901","No","","","","0","","","","0","Jul 24, 2026","","Aug 23, 2026","Fri Jul 24 2026 08:08:30 GMT-0700","Wed Jul 22 2026 10:16:18 GMT-0700","Fri Jul 24 2026 08:08:30 GMT-0700","2026","July 2026","Came out to customers house to install 50 gallon water heater had to remove two 50 gallon water heaters before I can install the new water heater and I had to re-pipe a little bit of the hot side over to the other water heater. Got that all done got the new water heater and it’s placed put the supply lines in turned water back on to test for no leaks, there is no leaks at this time. I have to come back to install a recirculating pump and to pick up another water heater collecting payment for installing water heater, then collect for installing recirculating line pump tomorrow.","","","Needs Permit,Lowes","0","0","0","0","806","270","806","270","Gina Neisius","Gina Neisius","","30","841.5","NaN","","","-","-","6594 E Celsian Pl, Tucson, AZ 85750","Tucson","AZ","85750","No","Lowes","","","41434750","","Lowe's","Free","","Residential","Tier 1 - 8%","","","17608645","(520) 979-0177","jcw12343@gmail.com","","","Gina Neisius","IME","New Prospect","","ESTIMATE_APPOINTMENT | APPOINTMENT_SET","ESTIMATE_APPOINTMENT | APPOINTMENT_SET","Wed Jul 22 2026 09:46:05 GMT-0700","Do Not Service","James Withers","","James","Withers","","41434750","in room in house","","Lowes - Water Heaters","","","","","","","Completed","#962540
10-2
Gate Code #2323
**Removing 2 old water heaters
Unable to send pictures
He is 92 and extremely hard of hearing. Make sure to call on your way

Order #300902203264690803

Lowes Store Address: 7105 EAST SPEEDWAY BOULEVARD, Tucson, AZ, 85710


Notes and Details (Addon bundles, other details):","Mathew Hodges","Lowes","Came out to customers house to install 50 gallon water heater had to remove two 50 gallon water heaters before I can install the new water heater and I had to re-pipe a little bit of the hot side over to the other water heater. Got that all done got the new water heater and it’s placed put the supply lines in turned water back on to test for no leaks, there is no leaks at this time. I have to come back to install a recirculating pump and to pick up another water heater collecting payment for installing water heater, then collect for installing recirculating line pump tomorrow.","Lowes,Pick up from Lowes","Default Workflow"
"77852","Paid","Paid","Lori Gomez","","Lori Gomez - Invoice - Clogged Drain :Plumbing","#26997 - Clogged Drain :Plumbing","Clogged Drain :Plumbing","","243","243","243","52.5","190.5","78","243","0","0","243","Yes","","","","0","","","","0","Jul 23, 2026","Thu Jul 23 2026 19:24:47 GMT-0700","Jul 23, 2026","","","Thu Jul 23 2026 19:16:42 GMT-0700","2026","July 2026","","","","","0","0","0","0","0","52.5","0","52.5","David Edholm","","","30","57.15","NaN","Thu Jul 23 2026 05:00:00 GMT-0700","Thu Jul 23 2026 05:00:00 GMT-0700","-","-","3201 East U.S. Highway 70, Space 105, Safford, Arizona 85546","Safford","Arizona","85546","No","AZ Service:Gila Valley","","","","","Lowe's","Free","","Residential","Tier 1 - 8%","","","17587328","520-955-0446","motormama13@yahoo.com","","","","Google Search","","","","","Mon Jul 20 2026 12:52:53 GMT-0700","Resi","Lori Gomez","","Lori","Gomez","","","","","Gila Valley - Plumbing","","Lori Gomez","","","","","Completed","REMINDER TO USE CAMERA AND LOOK FOR SEWER/GENERAL PIPE REPLACEMENT OPPORTUNITIES. 

Reason for call? Kitchen drain/ water will not drain

Who will be present to meet the technician? Lori Gomez

Where is the primary location of the clogged drain? Kitchen

Are there any other drains that are backing up? No

Are you on a septic system? If so, when was the last time it was pumped? Unknown

Is there anything else you would like technician to look at while they are there? shower in back bathroom so hard to close 

How did you hear about NexLvl Services? Google

CC on file
Quoted $79 svc fee","David Edholm","Gila Valley","","Resi","Default Workflow"
"77849","Invoiced","Invoiced","Westmount at Urban Trails","BH Management Services LLC","Westmount at Urban Trails - Invoice - Active Water Leak :Plumbing","#27164 - Active Water Leak :Plumbing","Active Water Leak :Plumbing","","2480","2480","2480","449.6","2030.4","82","0","2480","400","2080","No","","","","0","","","","0","Jul 23, 2026","","Aug 23, 2026","","","Thu Jul 23 2026 18:37:49 GMT-0700","2026","July 2026","","","","","0","0","0","0","200","249.6","200","249.6","Ian Gauvin","Ian Gauvin","","31","629.42","NaN","","","-","-","1620 West Southern Avenue, Mesa, Arizona 85202","Mesa","Arizona","85202","No","AZ Service:MFH","","","","","Lowe's","Free","","Residential","Tier 1 - 8%","","","6991839","(505) 770-4644","lyndsay.robinson@livebh.com","","","Logen Uknavage","","New Prospect","","Greystar","","Mon Jun 03 2024 15:06:37 GMT-0700","VendorCafe,BH Mgmt,MFH","Westmount at Urban Trails","Westmount at Urban Trails","Lyndsay","Robinson","","","","","MFH - Plumbing","","Saul","","","","","Completed","Main line leak
Saul called in because there is a water leak at the main and it is pouring in to the street. He turned off the main line
POC Saul","Ian Gauvin","PHX - Plumbing","","","Default Workflow"
"77846","Paid","Paid","Mark Larsen","","Mark Larsen - Estimate - Fixture Issues :Plumbing","#27166 - Fixture Issues :Plumbing","Fixture Issues :Plumbing","Mark Larsen - Estimate - Fixture Issues :Plumbing","575","575","575","113","462","80","575","0","125","450","Yes","","","","0","","","","0","Jul 23, 2026","Fri Jul 24 2026 15:15:16 GMT-0700","Aug 22, 2026","","","Thu Jul 23 2026 17:03:30 GMT-0700","2026","July 2026","","","","","0","0","0","0","50","63","50","63","Adam George","Adam George","","29","133.98","NaN","Thu Jul 23 2026 05:00:00 GMT-0700","Thu Jul 23 2026 05:00:00 GMT-0700","-","-","1202 W HAZELWOOD ST, PHOENIX, AZ 85013","PHOENIX","AZ","85013","No","","","","","","Lowe's","Free","","Residential","Tier 1 - 8%","","","17521590","708-421-9203","mark.larsen1982@gmail.com","","","","IMS","","","PLUMB - ONLINE ONLY","PLUMB - ONLINE ONLY","Thu Jul 16 2026 08:00:09 GMT-0700","Phoenix,Resi","Mark Larsen","","Mark","Larsen","","","","","Resi Plumbing","","Mark Larsen","","","","","Completed","Exsisting angle stop is gate valve and has a slow leak when turned off. I suggested to customer they should have it replaced. Customer agreed to quote and invoice. Turned water off to house, removed old supply line, removed old toilet, cleaned area under old toilet. Exsisting toilet flange is cast iron and in VERY poor condition, and has multiple exsisting cracks, and broken pieces. I informed customer of the situation and customer will be waiting for a call from our residential division.

LOWES LEAD","Adam George","PHX - Plumbing","","Resi,Lowes","Default Workflow"
"77845","Sent","Sent","Kristin Grimes","","Kristin Grimes - Invoice - Fixture Issues :Plumbing","#27101 - Fixture Issues :Plumbing","Fixture Issues :Plumbing","","270","270","270","44.4","225.6","84","0","270","0","270","No","","","","0","","","","0","Jul 23, 2026","Thu Jul 23 2026 17:04:20 GMT-0700","Jul 23, 2026","Thu Jul 23 2026 17:04:25 GMT-0700","","Thu Jul 23 2026 17:01:25 GMT-0700","2026","July 2026","","","","","0","0","0","0","0","44.4","0","44.4","AJ Diaz","AJ Diaz","","26","58.65","NaN","","","-","-","10632 Cottonwood Wash Road, Pima, Arizona 85543","Pima","Arizona","85543","No","AZ Service:Gila Valley","","","","","Lowe's","Free","","Residential","Tier 1 - 8%","","","17609165","(928) 651-7013","kristincollin04@hotmail.com","","","","Google Search","","","","","Wed Jul 22 2026 10:51:57 GMT-0700","Gila Valley,Resi","Kristin Grimes","","Kristin","Grimes","","","","","Resi Plumbing","","Kristin Grimes","","","","","Completed","Reason for call? Sink not draining

Who will be present to meet the technician? Unknown

Is there anything else you would like technician to look at while they are there? N/A

How did you hear about NexLvl Services? Google

$79 svc fee

** cust will cb to give me cc info had important call to take","AJ Diaz","Gila Valley","","Resi,Gila Valley","Default Workflow"
"77843","Paid","Paid","Sherry Hansberry-Brown","","Sherry Hansberry-Brown - Invoice - Toilet :Lowes Simple Installs","#27039 - Toilet :Lowes Simple Installs","Toilet :Lowes Simple Installs","","174","174","174","17","157","90","174","0","0","174","Yes","","","","0","","","","0","Jul 23, 2026","","Aug 22, 2026","","","Thu Jul 23 2026 16:38:03 GMT-0700","2026","July 2026","","","","Lowes","0","0","0","0","0","17","0","17","Ashley Reed","Presidio Plumbing Eric (Contractor)","","0","174","NaN","Mon Jul 27 2026 05:00:00 GMT-0700","Mon Jul 27 2026 05:00:00 GMT-0700","-","-","10300 W TANGERINE RD # 1106, MARANA, AZ 85653","MARANA","AZ","85653","No","Lowes:Simple Installs","","","","","","","","","","","","17559465","520-338-7731","slhbrown@hotmail.com","null","","","IMS","","","PLUMB - GENERAL (NO SOFTENERS)","PLUMB - GENERAL (NO SOFTENERS)","Sat Jul 18 2026 08:00:19 GMT-0700","","Sherry Hansberry-Brown","","Sherry","Hansberry-Brown","","413452701","","","Lowes - Simple Installs","","","","","","","Completed","Simple installs -1- Project Source White Elongated Tall height 12-in Rough-In WaterSense 1.28 GPF Soft Close 2-piece Toilet/ pick up from lowes

Delivery Fee: PR32472361","Presidio Plumbing Eric (Contractor)","Lowes","","Lowes,Pick up from Lowes","Default Workflow"
"77842","Paid","Paid","Sherry Hansberry-Brown","","Sherry Hansberry-Brown - Invoice - Toilet :Lowes Simple Installs","#27039 - Toilet :Lowes Simple Installs","Toilet :Lowes Simple Installs","","35","35","35","4","31","89","35","0","0","35","Yes","","","","0","","","","0","Jul 23, 2026","","Aug 22, 2026","","","Thu Jul 23 2026 16:36:54 GMT-0700","2026","July 2026","","","","Lowes,Add On","0","0","0","0","0","4","0","4","Ashley Reed","Presidio Plumbing Eric (Contractor)","","0","35","NaN","Mon Jul 27 2026 05:00:00 GMT-0700","Mon Jul 27 2026 05:00:00 GMT-0700","-","-","10300 W TANGERINE RD # 1106, MARANA, AZ 85653","MARANA","AZ","85653","No","Lowes:Simple Installs","","","","","","","","","","","","17559465","520-338-7731","slhbrown@hotmail.com","null","","","IMS","","","PLUMB - GENERAL (NO SOFTENERS)","PLUMB - GENERAL (NO SOFTENERS)","Sat Jul 18 2026 08:00:19 GMT-0700","","Sherry Hansberry-Brown","","Sherry","Hansberry-Brown","","413452701","","","Lowes - Simple Installs","","","","","","","Completed","Simple installs -1- Project Source White Elongated Tall height 12-in Rough-In WaterSense 1.28 GPF Soft Close 2-piece Toilet/ pick up from lowes

Delivery Fee: PR32472361","Presidio Plumbing Eric (Contractor)","Lowes","","Lowes,Pick up from Lowes","Default Workflow"
"77841","Paid","Paid","Judy Saint-Erne","","Judy Saint-Erne - Invoice - Toilet :Lowes Simple Installs","#27104 - Toilet :Lowes Simple Installs","Toilet :Lowes Simple Installs","","418","418","418","42","376","90","418","0","0","418","Yes","","","","0","","","","0","Jul 23, 2026","","Aug 22, 2026","","","Thu Jul 23 2026 16:31:45 GMT-0700","2026","July 2026","","","","Lowes","0","0","0","0","0","42","0","42","Ashley Reed","Erik Tange","Multiple commissions applied (view Commission Report to see specific type breakdown)","Multiple commissions applied (view Commission Report to see specific % breakdown)","146","NaN","Mon Jul 27 2026 05:00:00 GMT-0700","Mon Jul 27 2026 05:00:00 GMT-0700","-","-","3845 W CALLE LEJOS, GLENDALE, AZ 85310","GLENDALE","AZ","85310","No","Lowes:Simple Installs","","","","","","","","","","","","17590866","623-680-8854","judysaint3@gmail.com","null","","","IMS","","","PLUMB - ONLINE ONLY","PLUMB - ONLINE ONLY","Tue Jul 21 2026 08:00:59 GMT-0700","","Judy Saint-Erne","","Judy","Saint-Erne","","413549774","","","Lowes - Simple Installs","","","","","","","Completed","Simple installs -2- Project Source Pro-flush White Elongated Chair height 12-in Rough-In WaterSense 1.28 GPF 2-piece Toilet with XL Trapway/ onsite/ one is going upstairs and one is on the first floor/ please call her husband Nick 602-568-1788 when you are on your way","Erik Tange","Lowes","Upstairs master bath toilet:
Exsisting angle stop is 1/4 turn and works as it should.
Customer has exsisting bidet seat they would like removed and reinstalled on new toilet. Disconnected supply lines, removed exsisting bidet seat, removed old toilet, cleaned area under old toilet. 
Exsisting toilet flange is below floor level, but otherwise in good working condition. 
Installed new included wax ring and doubled with customer provided wax ring. 
Installed new toilet bowl, installed new toilet tank, reinstalled bidet seat, connected supply lines. Checked for leaks, no leaks. Toilet flushes and functions as necessary. Sealed to floor with white silicone caulking.

Downstairs hall bath toilet:
Exsisting angle stop is 1/4 turn and works as it should. Exsisting bidet seat will be reinstalled. Disconnected supply lines, removed bidet seat, removed old toilet. Exsisting toilet flange is in poor condition. I suggested to customer they should have it replaced. Customer agreed to quote and invoice.
Removed old toilet flange, cleaned area, **installed new clamp on toilet flange, installed new toilet bolts.**
Installed new included wax ring, installed new toilet bowl, installed new toilet tank, reconnected bidet seat and supply lines. Checked for leaks, no leaks. Toilet flushes and functions as necessary. Sealed to floor with white silicone caulking.","onsite,Lowes","Default Workflow"
"77839","Paid","Paid","Corneille MINANI","","Corneille MINANI - Invoice - Toilet :Lowes Simple Installs","#27100 - Toilet :Lowes Simple Installs","Toilet :Lowes Simple Installs","","174","174","174","17","157","90","174","0","0","174","Yes","","","","0","","","","0","Jul 23, 2026","","Aug 22, 2026","","","Thu Jul 23 2026 16:23:52 GMT-0700","2026","July 2026","","","","Lowes","0","0","0","0","0","17","0","17","Ashley Reed","Erik Tange","","0","61","NaN","Mon Jul 27 2026 05:00:00 GMT-0700","Mon Jul 27 2026 05:00:00 GMT-0700","-","-","7130 W Katharine Way, Peoria, AZ 85383","Peoria","AZ","85383","No","Lowes:Simple Installs","","","","","","","","","","","","17590858","480-270-9358","corneille.minani@gmail.com","null","","","IMS","","","PLUMB - GENERAL (NO SOFTENERS)","PLUMB - GENERAL (NO SOFTENERS)","Tue Jul 21 2026 08:00:33 GMT-0700","","Corneille MINANI","","Corneille","MINANI","","413607163","","","Lowes - Simple Installs","","","","","","","Completed","Simple installs -1- KOHLER Prosa White Elongated Chair height 12-in Rough-In WaterSense 1.28 GPF Soft Close 1-piece Toilet/ pick up from lowes/ going on second floor master bath

25311 N LAKE PLEASANT PKWY,
Peoria, AZ 85383
Store: #2820
Phone: (623) 537-2640

Delivery Fee: PR32459873","Erik Tange","Lowes","Exsisting angle stop is single piece gate valve and does NOT shut off and has a minor drip. 
I suggested to customer they should have it replaced. Customer agreed to quote and invoice.
Turned water off to house, disconnected supply line, removed old toilet, cleaned area under old toilet. 
Exsisting toilet flange is below floor level, but otherwise in good working condition.
Removed old angle stop, cut 1/4"" off end of copper pipe. **Installed new 1/4 turn angle stop and new 16"" toilet supply line.**
Turned water back on to house, checked angle stop for leaks, no leaks. Installed new included wax ring, and doubled with extra from my truck.
Installed new 1 piece toilet, connected supply line, checked for leaks, no leaks. Installed new included toilet seat. Toilet flushes and functions as necessary. Sealed to floor with white silicone caulking.","Pick up from Lowes,Lowes","Default Workflow"
"77838","Paid","Paid","Lisa Bernstein","","Lisa Bernstein - Invoice - Faucet :Lowes Simple Installs","#27107 - Faucet :Lowes Simple Installs","Faucet :Lowes Simple Installs","","135","135","135","14","121","90","135","0","0","135","Yes","","","","0","","","","0","Jul 23, 2026","","Aug 7, 2026","","","Thu Jul 23 2026 16:21:51 GMT-0700","2026","July 2026","","","","Lowes","0","0","0","0","0","14","0","14","Ashley Reed","","","0","0","NaN","Mon Jul 27 2026 05:00:00 GMT-0700","Mon Jul 27 2026 05:00:00 GMT-0700","-","-","2810 W Wildwood Dr Phoenix, AZ 85045","","","85045","No","Lowes:Simple Installs","","","","","Lowe's","Free","","Residential","Tier 1 - 8%","","","12142256","(847) 274-8482","lisabseank@gmail.com","(312) 406-0074","","","IMS","","","","","Wed Aug 27 2025 11:54:14 GMT-0700","Lowes - Simple Installs","Lisa Bernstein","","Lisa","Bernstein","","413483958","","","Lowes - Simple Installs","","","","","","","Completed","Simple installs -1- Moen Edwyn Spot Resist Stainless Single Handle Deck-mount Pull-down Kitchen Faucet with Sprayer (Includes Deck Plate) (Includes Soap Dispenser)/ onsite","Sean Marble","Lowes","Removed existing faucet and replaced with almost identical faucet, but different tested no leaks job complete","Lowes,onsite","Default Workflow"
"77837","Paid","Paid","Debra Zimmerman","","Debra Zimmerman - Invoice - Toilet :Lowes Simple Installs","#27156 - Toilet :Lowes Simple Installs","Toilet :Lowes Simple Installs","","50","50","50","5","45","90","50","0","0","50","Yes","","","","0","","","","0","Jul 23, 2026","","Aug 22, 2026","","","Thu Jul 23 2026 16:15:03 GMT-0700","2026","July 2026","","","","Add On,Lowes","0","0","0","0","0","5","0","5","Ashley Reed","Bryan Pickett","","0","18","NaN","Mon Jul 27 2026 05:00:00 GMT-0700","Mon Jul 27 2026 05:00:00 GMT-0700","-","-","1265 N Racine Ct, Gilbert, AZ 85234","Gilbert","AZ","85234","No","Lowes:Simple Installs","","","","","","","","","","","","17465584","480-326-2414","debrashawnz@gmail.com","null","","","IMS","","","PLUMB - GENERAL (NO SOFTENERS)","PLUMB - GENERAL (NO SOFTENERS)","Fri Jul 10 2026 08:02:40 GMT-0700","","Debra Zimmerman","","Debra","Zimmerman","","","","","Lowes - Simple Installs","","","","","","","Completed","First toilet that was installed is leaking at the base.

Trip Fee: PR32472275","Bryan Pickett","Lowes","Toilet leaking from tank bolt. Removed tank and checked for debris, reconnected tank and tested by flushing several times while checking for leaks. No visible water, customer tested and customer satisfied.","Lowes,Warranty","Default Workflow"
"77836","Paid","Paid","Bob Swelgin","","Bob Swelgin - Invoice - Toilet :Lowes Simple Installs","#27070 - Toilet :Lowes Simple Installs","Toilet :Lowes Simple Installs","","35","35","35","4","31","89","35","0","0","35","Yes","","","","0","","","","0","Jul 24, 2026","","Aug 22, 2026","","","Thu Jul 23 2026 16:03:32 GMT-0700","2026","July 2026","","","","Add On,Lowes","0","0","0","0","0","4","0","4","Ashley Reed","Oak Wrench AZ Jarrod Scully (Contractor)","","0","35","NaN","Thu Jul 23 2026 05:00:00 GMT-0700","Thu Jul 23 2026 05:00:00 GMT-0700","-","-","3247 Pamela St, Prescott, AZ 86305","Prescott","AZ","86305","No","Lowes:Simple Installs","","","","","","","","","","","","17559473","310-871-2085","bobswelgin@gmail.com","null","","","IMS","","","PLUMB - GENERAL (NO SOFTENERS)","PLUMB - GENERAL (NO SOFTENERS)","Sat Jul 18 2026 08:01:02 GMT-0700","","Bob Swelgin","","Bob","Swelgin","","413428095","","","Lowes - Simple Installs","","","","","","","Completed","Simple installs -1- KOHLER Battan The Complete Solution White Elongated Chair height 12-in Rough-In WaterSense 1.28 GPF Soft Close 2-piece Toilet
201157197261710493
2300 E STATE ROUTE 69 (AZ-69),
Prescott, AZ 86301
Store: #1157     
Phone: (928) 541-8640

Delivery Fee: PR32456434","Oak Wrench AZ Jarrod Scully (Contractor)","Lowes","","Lowes,Pick up from Lowes","Default Workflow"
"77834","Paid","Paid","Alison Masog","","Alison Masog - Invoice - Toilet :Lowes Simple Installs","#27046 - Toilet :Lowes Simple Installs","Toilet :Lowes Simple Installs","","35","35","35","4","31","89","35","0","0","35","Yes","","","","0","","","","0","Jul 24, 2026","","Aug 22, 2026","","","Thu Jul 23 2026 15:58:19 GMT-0700","2026","July 2026","","","","Add On,Lowes","0","0","0","0","0","4","0","4","Ashley Reed","","","0","0","NaN","Thu Jul 23 2026 05:00:00 GMT-0700","Thu Jul 23 2026 05:00:00 GMT-0700","-","-","5720 E Bramble Berry Ln, Cave Creek, AZ 85331","Cave Creek","AZ","85331","No","Lowes:Simple Installs","","","","","","","","","","","","17582826","602-697-2404","saffron347@yahoo.com","null","","","IMS","","","PLUMB - GENERAL (NO SOFTENERS)","PLUMB - GENERAL (NO SOFTENERS)","Mon Jul 20 2026 08:00:19 GMT-0700","","Alison Masog","","Alison","Masog","","413542211","","","Lowes - Simple Installs","","","","","","","Completed","Simple installs -1- KOHLER Elliston White Elongated Chair height 12-in Rough-In WaterSense 1.28 GPF Soft Close 2-piece Toilet/ pick up from lowes/ Gate code 0928 (no #)

34700 N CAVE CREEK RD,
Carefree, AZ 85377
Store: #2683
Phone: (480) 437-3540

Delivery Fee: PR32459950","Sean Marble","Lowes","Removed existing toilet flange was in good condition. New wax ring toilet built installed ran tested caulking applied no leaks job complete.","Lowes,Pick up from Lowes","Default Workflow"
"77829","Invoiced","Invoiced","The Cheesecake Factory","","Cheesecake Default Invoice","#26924 - Active Water Leak :Plumbing","Active Water Leak :Plumbing","","750","750","750","225","525","70","0","750","280","470","No","","","","0","","","","0","Jul 21, 2026","","Aug 22, 2026","","","Thu Jul 23 2026 15:22:39 GMT-0700","2026","July 2026","","","","","0","0","0","0","175","50","175","50","Chris Marrs","Adam George","","29","152.25","NaN","","","-","-","2402 East Camelback Road, Phoenix, Arizona 85016","Phoenix","Arizona","85016","No","AZ Service:MFH","","","","","Lowe's","Free","","Residential","Tier 1 - 8%","","","15313500","480-973-2020","jvega2@thecheesecakefactory.com","","","Logen Uknavage","Existing Customer","","","Pin for the Cheese Cake Factory 339864.","Pin for the Cheese Cake Factory 339864.","Fri Mar 13 2026 13:23:14 GMT-0700","Service Channel","The Cheesecake Factory","The Cheesecake Factory","Joey","Vega","","357388434","","","MFH - Plumbing","","","","","","","Completed","Emergency Service Request
Check in to (IVR) by dialing 516-500-7776, 516-200-3363 to check in upon arrival to the location and to check out upon completion of your visit.
Pin for the Cheese Cake Factory 339864.
NTE $1000
""KITCHEN / Plumbing / Pipes / Leak in TCFR Needs Repair / the two compartment sink needs to get fix ""","Adam George","PHX - Plumbing","1.5 hours 160$ in parts. Had to buy 5' of 1 1/2, but only used about 8"", so we can discount parts if needed. Can we make sure the excess parts don't negatively affect me on the job? Partial rebuild of left-side drain on two-basin sink

717501076- close out number","","Default Workflow"
"61983352","Invoiced","Invoiced","Thomas Chung","","","No parent Job","","","170","170","170","0","170","100","0","170","0","170","No","","","","0","","","","0","Jul 23, 2026","","Jul 23, 2026","","","Thu Jul 23 2026 14:36:51 GMT-0700","2026","July 2026","We appreciate your business and prompt payment","","","","0","0","0","0","0","0","0","0","Jed Green","","","30","51","NaN","","","-","-","6001 East Naumann Drive, Paradise Valley, Arizona 85253","Paradise Valley","Arizona","85253","Yes","","","","","","Lowe's","","","","","","","11988190","707-843-9262","taylorkparks21@gmail.com","","","Josh Harris","Google Search","1st Attempt","","","","Tue Aug 19 2025 11:39:40 GMT-0700","Pools","Thomas Chung","","Thomas","Chung","","","","","","","","","","","","","","","","","","Default Workflow"
"77824","Paid","Paid","SUNNY HO","","SUNNY HO - Invoice - Toilet :Lowes Simple Installs","#26922 - Toilet :Lowes Simple Installs","Toilet :Lowes Simple Installs","","209","209","209","21","188","90","209","0","0","209","Yes","","","","0","","","","0","Jul 23, 2026","","Aug 22, 2026","","","Thu Jul 23 2026 14:36:19 GMT-0700","2026","July 2026","","","","","0","0","0","0","0","21","0","21","Brenton Heward","","","0","0","NaN","Sun Jul 26 2026 05:00:00 GMT-0700","Sun Jul 26 2026 05:00:00 GMT-0700","-","-","13125 N TANNER ROBERT DR, ORO VALLEY, AZ 85755","ORO VALLEY","AZ","85755","No","Lowes:Simple Installs","","","","","","","","","","","","17521603","512-507-2373","sunnyho85@gmail.com","null","","","IMS","","","PLUMB - ONLINE ONLY","PLUMB - ONLINE ONLY","Thu Jul 16 2026 08:00:26 GMT-0700","","SUNNY HO","","SUNNY","HO","","413250732","","","Lowes - Simple Installs","","","","","","","Completed","Simple installs -1- American Standard Champion White Elongated Chair height 12-in Rough-In 1.6 GPF Soft Close 2-piece Toilet/ pick up from lowe's/
Order #:300902196264086155

4075 WEST INA ROAD,
Tucson, AZ 85741
Store: #1707
Phone: (520) 572-7300","Mathew Hodges","Lowes","Came out to customers house to install American Standard toilet pulled the old toilet found out the toilet flange was not put in correctly. Customer told me that they had a company come out and do the subfloor fixed. The toilet flange ring installed new toilet with new waxing and bolts turned water back on to test for no leaks. There is no leaks at this time but I did tell the customer that they do have to call the other company back out because the subfloor is not put incorrectly because it is still soft and if you walk on it, the whole toilet moves, but I tried to shim it as much as I can. Customer is calling out the other company to fix the issue. My toilet is installed, and there’s no leaks at this time. Customer is satisfied with the work and collecting payment for fixing toilet flange ring.","Lowes,Pick up from Lowes","Default Workflow"
"77822","Paid","Paid","Rasheed Sharif","","Rasheed Sharif - Invoice - Toilet :Lowes Simple Installs","#27090 - Toilet :Lowes Simple Installs","Toilet :Lowes Simple Installs","","209","209","209","21","188","90","209","0","0","209","Yes","","","","0","","","","0","Jul 23, 2026","","Aug 22, 2026","","","Thu Jul 23 2026 14:29:18 GMT-0700","2026","July 2026","","","","","0","0","0","0","0","21","0","21","Brenton Heward","Bryan Pickett","","0","73","NaN","Sun Jul 26 2026 05:00:00 GMT-0700","Sun Jul 26 2026 05:00:00 GMT-0700","-","-","9436 s leila ln, Phoenix, AZ 85041","Phoenix","AZ","85041","No","Lowes:Simple Installs","","","","","","","","","","","","17559464","702-217-7702","sirissac2060@gmail.com","null","","","IMS","","","PLUMB - ONLINE ONLY","PLUMB - ONLINE ONLY","Sat Jul 18 2026 08:00:09 GMT-0700","","Rasheed Sharif","","Rasheed","Sharif","","413459651","","","Lowes - Simple Installs","","","","","","","Completed","Simple installs -1- Project Source Pro-Flush White Round Chair height 12-in Rough-In WaterSense 1.28 GPF 2-piece Toilet/ pick up from lowe's/ no pets/ also purchased a new supply line and shut off valve

1950 WEST BASELINE ROAD,
Phoenix, AZ 85041
Store: #2421
Phone: (602) 323-8550","Bryan Pickett","Lowes","Disconnected water supply line, removed old toilet and old wax ring. Installed new waxring and new toilet. Reconnected water supply line and tested by filling tank and flushing through bowl several times while checking for leaks and moisture. No visible water, customer tested and customer satisfied.

Pickup/Delivery charge 
Toilet Install","Pick up from Lowes,Lowes","Default Workflow"
"77821","Paid","Paid","Kimberley Kuypers","","Kimberley Kuypers - Invoice - Toilet :Lowes Simple Installs","#27097 - Toilet :Lowes Simple Installs","Toilet :Lowes Simple Installs","","174","174","174","17","157","90","174","0","0","174","Yes","","","","0","","","","0","Jul 23, 2026","","Aug 22, 2026","","","Thu Jul 23 2026 14:27:07 GMT-0700","2026","July 2026","","","","","0","0","0","0","0","17","0","17","Brenton Heward","Bryan Pickett","","0","61","NaN","Sun Jul 26 2026 05:00:00 GMT-0700","Sun Jul 26 2026 05:00:00 GMT-0700","-","-","8621 W Bloomfield Rd, Peoria, AZ 85381","Peoria","AZ","85381","No","Lowes:Simple Installs","","","","","","","","","","","","17607727","602-909-9380","ourguy8@aol.com","null","","","IMS","","","PLUMB - GENERAL (NO SOFTENERS)","PLUMB - GENERAL (NO SOFTENERS)","Wed Jul 22 2026 08:00:09 GMT-0700","","Kimberley Kuypers","","Kimberley","Kuypers","","413705194","","","Lowes - Simple Installs","","","","","","","Completed","Simple installs -1- American Standard Esteem VorMax White Elongated Chair height 12-in Rough-In WaterSense 1.28 GPF Soft Close 2-piece Toilet/ onsite/ has dogs, no cats","Bryan Pickett","Lowes","Disconnected water supply line, removed old toilet and old wax ring. Installed new waxring and new toilet. Reconnected water supply line and tested by filling tank and flushing through bowl several times while checking for leaks and moisture. No visible water, customer tested and customer satisfied.

Toilet Install","Lowes,onsite","Default Workflow"
"77820","Paid","Paid","James Behlers","","James Behlers - Invoice - Toilet :Lowes Simple Installs","#27004 - Toilet :Lowes Simple Installs","Toilet :Lowes Simple Installs","","209","209","209","21","188","90","209","0","0","209","Yes","","","","0","","","","0","Jul 23, 2026","","Aug 22, 2026","","","Thu Jul 23 2026 14:26:10 GMT-0700","2026","July 2026","","","","","0","0","0","0","0","21","0","21","Brenton Heward","Bryan Pickett","","0","73","NaN","Sun Jul 26 2026 05:00:00 GMT-0700","Sun Jul 26 2026 05:00:00 GMT-0700","-","-","12837 W CLARENDON AVE, AVONDALE, AZ 85392","AVONDALE","AZ","85392","No","Lowes:Simple Installs","","","","","","","","","","","","17529959","712-490-8339","bjbehlers@gmail.com","null","","","IMS","","","PLUMB - ONLINE ONLY","PLUMB - ONLINE ONLY","Fri Jul 17 2026 08:00:18 GMT-0700","","James Behlers","","James","Behlers","","413358065","","","Lowes - Simple Installs","","","","","","","Completed","Simple installs -1- American Standard Champion White Elongated Chair height 12-in Rough-In 1.6 GPF Soft Close 2-piece Toilet/ Pick up from lowe's/ this is for James brother Bob

13191 W MCDOWELL RD,
Goodyear, AZ 85338
Store: #1553
Phone: (623) 935-9157","Bryan Pickett","Lowes","Disconnected water supply line, removed old toilet and old wax ring. Installed new waxring and new toilet. Reconnected water supply line and tested by filling tank and flushing through bowl several times while checking for leaks and moisture. No visible water, customer tested and customer satisfied.

Pickup/Delivery charge 
Toilet Install","Lowes,Pick up from Lowes","Default Workflow"
"77819","Paid","Paid","Ray Gallegos","","Ray Gallegos - Invoice - Garbage Disposal :Lowes Simple Installs","#27091 - Garbage Disposal :Lowes Simple Installs","Garbage Disposal :Lowes Simple Installs","","127","127","127","13","114","90","127","0","0","127","Yes","","","","0","","","","0","Jul 23, 2026","","Aug 22, 2026","","","Thu Jul 23 2026 14:25:12 GMT-0700","2026","July 2026","","","","","0","0","0","0","0","13","0","13","Brenton Heward","Bryan Pickett","","0","44","NaN","Sun Jul 26 2026 05:00:00 GMT-0700","Sun Jul 26 2026 05:00:00 GMT-0700","-","-","22618 W Moonlight Path, Buckeye, AZ 85326","Buckeye","AZ","85326","No","Lowes:Simple Installs","","","","","Lowe's","Free","","Residential","Tier 1 - 8%","","","17579805","480-335-6485","raymondj20@gmail.com","(480) 335-8540","","","IMS","","","PLUMB - GENERAL (NO SOFTENERS)","PLUMB - GENERAL (NO SOFTENERS)","Sun Jul 19 2026 08:00:21 GMT-0700","","Ray Gallegos","","Ray","Gallegos","","413482452","","","Lowes - Simple Installs","","","","","","","Completed","x1
InSinkErator Badger 5XL Continuous feed 1/2-HP Septic Safe Non-corded Garbage Disposal

-Customer will be purchasing a power cord from Lowes.","Bryan Pickett","Lowes","Removed dishwasher supply line, removed existing plumbing, and uninstalled old disposal. Installed new garbage disposal and reconnected existing plumbing. Reconnected dishwasher line and tested by filling sink with water and draining with disposal running while checking for drips and leaks. No visible water, customer tested and customer satisfied

Trip fee 40+","Lowes,onsite","Default Workflow"
"77817","Invoiced","Invoiced","Shenny Pierce","","Shenny Pierce - Estimate","#27137 - Water Heater Install :Lowes Water Heaters","Water Heater Install :Lowes Water Heaters","Shenny Pierce - Estimate","1402.5","1402.5","1402.5","728","674.5","48","0","1402.5","694","708.5","No","","","","0","","","","0","Jul 23, 2026","","Aug 22, 2026","Thu Jul 23 2026 14:21:46 GMT-0700","Wed Jul 22 2026 16:15:10 GMT-0700","Thu Jul 23 2026 14:21:46 GMT-0700","2026","July 2026","7/23

Arrived on site to install a new 40 gallon electric short. I drained and removed the old tank. Replaced both supply lines and ball valve. 

Set a new pan and tank in place. Connected water and wiring. Filled the heater and checked for leaks. The tank is full and heating well. 

No issues with the install today","","","Lowes","0","0","0","0","488","240","488","240","Travis Germain","Travis Germain","","2.35","32.95","NaN","","","-","-","4416 N 56th Dr, Phoenix, AZ 85031","Phoenix","AZ","85031","No","Lowes","","","41438279","","Lowe's","Free","","Residential","Tier 1 - 8%","","","15592182","623-330-5946","noemailpmoc@lowes.com","","","Travis Germain","IMS","1st Attempt","","PLUMB - GENERAL (NO SOFTENERS)","PLUMB - GENERAL (NO SOFTENERS)","Sun Apr 05 2026 08:00:59 GMT-0700","","Shenny Pierce","","Shenny","Pierce","","41438279","Outside Closet","","Lowes - Water Heaters","","","","","","","Completed","WH816158
12-4pm

Order #300902203264708677

Lowes Store Address: 1620 NORTH 75TH AVENUE, Phoenix, AZ, 85035

Notes and Details (Addon bundles, other details):","Tanner LaForge","Lowes","7/23

Arrived on site to install a new 40 gallon electric short. I drained and removed the old tank. Replaced both supply lines and ball valve. 

Set a new pan and tank in place. Connected water and wiring. Filled the heater and checked for leaks. The tank is full and heating well. 

No issues with the install today","Pick up from Lowes,Lowes","Default Workflow"
"77816","Paid","Paid","Judy Saint-Erne","","Judy Saint-Erne - Estimate - Toilet :Lowes Simple Installs","#27104 - Toilet :Lowes Simple Installs","Toilet :Lowes Simple Installs","Judy Saint-Erne - Estimate - Toilet :Lowes Simple Installs","142.5","142.5","142.5","26.1","116.4","82","142.5","0","50","92.5","Yes","","","","0","","","","0","Jul 23, 2026","","Aug 22, 2026","","","Thu Jul 23 2026 14:20:57 GMT-0700","2026","July 2026","","","","Add On","0","0","0","0","15","11.1","15","11.1","Brenton Heward","Erik Tange","","0","37","NaN","Thu Jul 23 2026 05:00:00 GMT-0700","Thu Jul 23 2026 05:00:00 GMT-0700","-","-","3845 W CALLE LEJOS, GLENDALE, AZ 85310","GLENDALE","AZ","85310","No","Lowes:Simple Installs","","","","","","","","","","","","17590866","623-680-8854","judysaint3@gmail.com","null","","","IMS","","","PLUMB - ONLINE ONLY","PLUMB - ONLINE ONLY","Tue Jul 21 2026 08:00:59 GMT-0700","","Judy Saint-Erne","","Judy","Saint-Erne","","413549774","","","Lowes - Simple Installs","","","","","","","Completed","Simple installs -2- Project Source Pro-flush White Elongated Chair height 12-in Rough-In WaterSense 1.28 GPF 2-piece Toilet with XL Trapway/ onsite/ one is going upstairs and one is on the first floor/ please call her husband Nick 602-568-1788 when you are on your way","Erik Tange","Lowes","Upstairs master bath toilet:
Exsisting angle stop is 1/4 turn and works as it should.
Customer has exsisting bidet seat they would like removed and reinstalled on new toilet. Disconnected supply lines, removed exsisting bidet seat, removed old toilet, cleaned area under old toilet. 
Exsisting toilet flange is below floor level, but otherwise in good working condition. 
Installed new included wax ring and doubled with customer provided wax ring. 
Installed new toilet bowl, installed new toilet tank, reinstalled bidet seat, connected supply lines. Checked for leaks, no leaks. Toilet flushes and functions as necessary. Sealed to floor with white silicone caulking.

Downstairs hall bath toilet:
Exsisting angle stop is 1/4 turn and works as it should. Exsisting bidet seat will be reinstalled. Disconnected supply lines, removed bidet seat, removed old toilet. Exsisting toilet flange is in poor condition. I suggested to customer they should have it replaced. Customer agreed to quote and invoice.
Removed old toilet flange, cleaned area, **installed new clamp on toilet flange, installed new toilet bolts.**
Installed new included wax ring, installed new toilet bowl, installed new toilet tank, reconnected bidet seat and supply lines. Checked for leaks, no leaks. Toilet flushes and functions as necessary. Sealed to floor with white silicone caulking.","onsite,Lowes","Default Workflow"
"77814","Invoiced","Invoiced","tom klingensmith","","tom klingensmith - Estimate","#27085 - Water Heater Install :Lowes Water Heaters","Water Heater Install :Lowes Water Heaters","tom klingensmith - Estimate","1666","1666","1666","856","810","49","0","1666","837","829","No","","","","0","","","","0","Jul 23, 2026","","Aug 22, 2026","Thu Jul 23 2026 14:17:58 GMT-0700","Wed Jul 22 2026 09:28:30 GMT-0700","Thu Jul 23 2026 14:17:58 GMT-0700","2026","July 2026","","","","Lowes","0","0","0","0","616","240","616","240","Travis Germain","Travis Germain","","2.35","39.15","NaN","","","-","-","1921 e pyramid lake dr, Fort Mohave, AZ 86426","Fort Mohave","AZ","86426","No","Lowes","","","41421282","","Lowe's","Free","","Residential","Tier 1 - 8%","","","17584101","(307) 262-7754","ttomk@yahoo.com","","","Travis Germain","IME","1st Attempt","","ESTIMATE_APPOINTMENT | APPOINTMENT_SET","ESTIMATE_APPOINTMENT | APPOINTMENT_SET","Mon Jul 20 2026 09:13:14 GMT-0700","","tom klingensmith","","tom","klingensmith","","41421282","Garage","","Lowes - Water Heaters","","","","","","","Completed","WH1325040
8-12noon

Order Number:
300902203264677454


Model Number #


Lowes Store Address:1680 HIGHWAY 95, Bullhead City, AZ, 86442


Notes and Details (Addon bundles, other details):","AtoZ Remodel LLC Ken (Contractor)","Lowes","","Lowes,Pick up from Lowes","Default Workflow"
"77813","Sent","Sent","Colter Park","Harbor Group Management Co., LLC","Colter Park - Estimate - Fan Coil","#27159 - Fan coil","Fan coil","Colter Park - Estimate - Fan Coil","885","885","885","476.8","408.2","46","0","885","745","140","No","","","","0","","","","0","Jul 23, 2026","Thu Jul 23 2026 14:00:22 GMT-0700","Aug 22, 2026","Thu Jul 23 2026 13:58:58 GMT-0700","Thu Jul 23 2026 09:17:04 GMT-0700","Thu Jul 23 2026 13:58:58 GMT-0700","2026","July 2026","","","","RealPage","0","0","0","0","460","16.8","460","16.8","Jarren Heward","Jarren Heward","","30","265.5","NaN","","","-","-","909 West Colter Street, Phoenix, Arizona 85013","Phoenix","Arizona","85013","No","AZ Service:MFH","","","","","Lowe's","Free","","Residential","Tier 1 - 8%","","","15508690","(480) 640-7388","fswanson@harborgroupmanagement.com","","","Logen Uknavage","","","","","","Mon Mar 30 2026 09:43:16 GMT-0700","Harbor","Colter Park","Colter Park","Feljie","Swanson","","85825419","","","MFH - Plumbing","","Josh","","","","","Completed","Unit 163
Fan coil blower motor replacement
POC Josh","Benito Valdez","MFH - Plumbing","Completed call as described, temp was 70° on arrival, 64° when Completed. Serial number R= 2009","","Default Workflow"
"77812","Paid","Paid","Argenta Apartments","29th Street Communities","Argenta Apartments - Invoice","#27187 - No Cool :HVAC","No Cool :HVAC","","1621","1621","1621","199.4","1421.6","88","1621","0","61","1560","Yes","","","","0","","","","0","Jul 23, 2026","Thu Jul 23 2026 14:33:34 GMT-0700","Aug 22, 2026","","","Thu Jul 23 2026 13:55:40 GMT-0700","2026","July 2026","","","","","0","0","0","0","12.2","187.2","12.2","187.2","Joey Reyes","Joey Reyes","","30","486.3","NaN","Sat Aug 22 2026 05:00:00 GMT-0700","Sat Aug 22 2026 05:00:00 GMT-0700","-","-","4104 East Broadway Road, Mesa, Arizona 85206","Mesa","Arizona","85206","No","MFH:MFH - HVAC","","","","","Lowe's","Free","","Residential","Tier 1 - 8%","","","9808428","(925) 324-7595","diana.march@29scliving.com","","sean.obrien@29scliving.com","Logen Uknavage","Referral","Won","","","","Fri Mar 21 2025 08:24:30 GMT-0700","","Argenta Apartments","Argenta Apartments","Diana","March","","287185","","","MFH - HVAC","","","","","","","Completed","Created this job as Diana requested one total invoice and provided a PO.","","","","","Default Workflow"
"77810","Invoiced","Invoiced","Chris McWhorter","","Chris McWhorter - Estimate","#27157 - Water Heater Install :Lowes Water Heaters","Water Heater Install :Lowes Water Heaters","Chris McWhorter - Estimate","1550.4","1550.4","1550.4","928","622.4000000000001","40","0","1550.4","936","614.4","No","","","","0","","","","0","Jul 23, 2026","","Aug 22, 2026","Thu Jul 23 2026 13:48:34 GMT-0700","Thu Jul 23 2026 08:13:47 GMT-0700","Thu Jul 23 2026 13:48:34 GMT-0700","2026","July 2026","Scope of Work Performed**

* Removed two existing supply lines
* Removed one existing shut off valve 
* Disconnected the ventilation and gas line
* Cut the T&P line
* Drained water heater and removed unit from the house

**Installation & Reconnection**

* Installed two new water supply lines
* Installed one new shut off valve 
* Installed 22-inch drain pan
* Re-ran T&P discharge line into the wall outlet
* Connected ventilation and gas line
* Filled water heater

**Testing & Closeout**

* Checked system for proper operation
* Registered the new water heater
* All documentation signed and payment collected","","","Needs IME,Lowes","0","0","0","0","688","240","688","240","Travis Germain","Travis Germain","","2.35","36.43","NaN","","","-","-","8148 W Wood Ln, Phoenix, AZ 85043","Phoenix","AZ","85043","No","Lowes","","","41432601","","Lowe's","Free","","Residential","Tier 1 - 8%","","","17605796","(480) 930-0052","cmcwhorter1334@gmail.com","","","Travis Germain","IME","1st Attempt","","ESTIMATE_APPOINTMENT | APPOINTMENT_SET","ESTIMATE_APPOINTMENT | APPOINTMENT_SET","Tue Jul 21 2026 19:19:15 GMT-0700","","Chris McWhorter","","Chris","McWhorter","","41432601","Garage","","Lowes - Water Heaters","","","","","","","Completed","WH962538
9Year Warranty
10-2pm

Order #300902204264760965

Lowes Store Address: 1620 NORTH 75TH AVENUE, Phoenix, AZ, 85035

Notes and Details (Addon bundles, other details):","Matt Schlosser","Lowes","Scope of Work Performed**

* Removed two existing supply lines
* Removed one existing shut off valve 
* Disconnected the ventilation and gas line
* Cut the T&P line
* Drained water heater and removed unit from the house

**Installation & Reconnection**

* Installed two new water supply lines
* Installed one new shut off valve 
* Installed 22-inch drain pan
* Re-ran T&P discharge line into the wall outlet
* Connected ventilation and gas line
* Filled water heater

**Testing & Closeout**

* Checked system for proper operation
* Registered the new water heater
* All documentation signed and payment collected","Lowes,Pick up from Lowes","Default Workflow"
"77803","Sent","Sent","Argenta Apartments","29th Street Communities","South Pool Water Phosphate Treatment","#26905 - Pool Equipment Repair","Pool Equipment Repair","","148","148","148","98.67","49.33","33","0","148","148","0","No","","","","0","","","","0","Jul 23, 2026","Thu Jul 23 2026 12:44:40 GMT-0700","Aug 22, 2026","","","Thu Jul 23 2026 12:43:02 GMT-0700","2026","July 2026","","","","","0","0","0","0","98.67","0","98.67","0","Joey Reyes","Joey Reyes","","30","44.4","NaN","","","-","-","4104 East Broadway Road, Mesa, Arizona 85206","Mesa","Arizona","85206","No","AZ Service:Pools","","","","","Lowe's","Free","","Residential","Tier 1 - 8%","","","9808428","(925) 324-7595","diana.march@29scliving.com","","sean.obrien@29scliving.com","Logen Uknavage","Referral","Won","","","","Fri Mar 21 2025 08:24:30 GMT-0700","","Argenta Apartments","Argenta Apartments","Diana","March","","","","","Pool Repair","","Diana","","","","","Completed","Pool Service
Sand Change and Phosphate treatment.
POC Diana","Jasper Castaneda","Pools","","","Default Workflow"
"77802","Invoiced","Invoiced","Safford Ranch Mobile Home Park","","Safford Ranch Mobile Home Park - Invoice - Septic Inspection","#25006 - Septic Inspection","Septic Inspection","","675","675","675","44.4","630.6","93","0","675","0","675","No","","","","0","","","","0","Jul 23, 2026","","Aug 22, 2026","","","Thu Jul 23 2026 12:19:09 GMT-0700","2026","July 2026","","","","","0","0","0","0","0","44.4","0","44.4","Jaxon Bryant","Jaxon Bryant","","30","202.5","NaN","","","-","-","3201 E U.S. Hwy 70 Safford, Arizona 85546","","Arizona","85546","No","AZ Service:Gila Valley","","","","","Lowe's","","","","","","","6708933","","","","","","Cushman & Wakefield","","","","","Tue Apr 23 2024 06:32:14 GMT-0700","Gila Valley,VIP,Commercial","Safford Ranch Mobile Home Park","Safford Ranch Mobile Home Park","Gordon","Gibbs","","","","","Plumbing Service","","Frank","","","","","Waiting on Parts","Frank requested to have us out 2 weeks to inspect one tank.
Need to coordinate with Gordon the day prior to confirm he will be there, and he will direct us to the tank we are working on.
Please make sure the tank is indicated on the invoice.","Jeff Green, Jaxon Bryant","Gila Valley","","VIP","Default Workflow"
"77801","Sent","Sent","Argenta Apartments","29th Street Communities","Argenta Apartments - Estimate - Pool Cleaning","#26905 - Pool Equipment Repair","Pool Equipment Repair","Argenta Apartments - Estimate - Pool Cleaning","1392","1392","1392","742.13","649.87","47","0","1392","1052","340","No","","","","0","","","","0","Jul 23, 2026","Thu Jul 23 2026 12:44:08 GMT-0700","Aug 22, 2026","Thu Jul 23 2026 11:50:10 GMT-0700","Fri Jul 17 2026 10:58:42 GMT-0700","Thu Jul 23 2026 11:50:10 GMT-0700","2026","July 2026","","","","","0","0","0","0","701.33","40.8","701.33","40.8","Jasper Castaneda","Jasper Castaneda","","30","194.96","NaN","","","-","-","4104 East Broadway Road, Mesa, Arizona 85206","Mesa","Arizona","85206","No","AZ Service:Pools","","","","","Lowe's","Free","","Residential","Tier 1 - 8%","","","9808428","(925) 324-7595","diana.march@29scliving.com","","sean.obrien@29scliving.com","Logen Uknavage","Referral","Won","","","","Fri Mar 21 2025 08:24:30 GMT-0700","","Argenta Apartments","Argenta Apartments","Diana","March","","","","","Pool Repair","","Diana","","","","","Completed","Pool Service
Sand Change and Phosphate treatment.
POC Diana","Jasper Castaneda","Pools","","","Default Workflow"
"77799","Sent","Sent","Marcos De Niza c/o Dunlap & MaGee","","Unit 709 - Kitchen Sink Drain Repair","#27146 - Water Leak","Water Leak","Marcos De Niza c/o Dunlap & MaGee - Estimate - Water Leak","550","550","550","135.99","414.01","75","0","550","150","400","No","","","","0","","","","0","Jul 23, 2026","","Aug 22, 2026","","","Thu Jul 23 2026 11:38:28 GMT-0700","2026","July 2026","","","","","0","0","0","0","75","48","75","48","Hunter Howell","","","30","124.2","NaN","","","-","-","305 West Pima Street, Phoenix, AZ 85003","Phoenix","AZ","85003","No","AZ Service:MFH","","","","","Lowe's","Free","","Residential","Tier 1 - 8%","","","6747384","602-859-2293","brad@dunlap-sites.com","(602) 254-6663","asstmanager@marcosdeniza.org","Logen Uknavage","Cushman & Wakefield","","","","","Thu Apr 25 2024 17:54:12 GMT-0700","MFH,Commercial","Marcos De Niza c/o Dunlap & MaGee","Marcos De Niza c/o Dunlap & MaGee","Brad","","","","","","MFH - Plumbing","","","","","","","Completed","Contact Brad only for approval","Hunter Howell","MFH - Plumbing","Needs EST.
For: 
Findings
Kitchen sink drain arm is leaking inside the wall.
Includes
Drain kitchen sink system
Remove existing P-trap
Jackhammer through brick wall to access piping
Remove and replace failed section of drain pipe
Install new P-trap
Leak test
Drain test
Clean up
Excludes
Brick, masonry, drywall, texture, and paint repairs
Water damage restoration
Work beyond listed scope","","Default Workflow"
"77796","Paid","Paid","Dean Marshall","","Dean Marshall - Invoice - Toilet :Lowes Simple Installs","#27113 - Toilet :Lowes Simple Installs","Toilet :Lowes Simple Installs","","50","50","50","5","45","90","50","0","0","50","Yes","","","","0","","","","0","Jul 23, 2026","","Aug 22, 2026","","","Thu Jul 23 2026 11:34:12 GMT-0700","2026","July 2026","","","","Add On","0","0","0","0","0","5","0","5","Brenton Heward","","","0","0","NaN","Thu Jul 23 2026 05:00:00 GMT-0700","Thu Jul 23 2026 05:00:00 GMT-0700","-","-","722 W Nova Pl, Casa Grande, AZ 85122","Casa Grande","AZ","85122","No","Lowes:Simple Installs","","","","","","","","","","","","17559474","520-709-5858","marshall90621@gmail.com","null","","","IMS","","","PLUMB - GENERAL (NO SOFTENERS)","PLUMB - GENERAL (NO SOFTENERS)","Sat Jul 18 2026 08:01:10 GMT-0700","","Dean Marshall","","Dean","Marshall","","413423088","","","Lowes - Simple Installs","","","","","","","Canceled","Simple installs -1- KOHLER Battan The Complete Solution White Elongated Chair height 12-in Rough-In WaterSense 1.28 GPF Soft Close 2-piece Toilet/ pick up from lowe's/

1436 E. FLORENCE BOULEVARD,
Casa Grande, AZ 85122
Store: #2272
Phone: (520) 836-4170

Delivery Fee: PR32459908
Trip charge: PR32467908","Sean Marble","Lowes","Customer has a 10 inch Ruffin and they got a 12 Ruffin toilet. Also the skirted toilet that they got will not fit because the toilet goes all the way back to the wall and their waterline is too close which will hit. Customer has been informed and knows what to look for and what to get now returning toilet to Lowe’s.
Toilet returned to Lowe’s pictures enclosed","Pick up from Lowes,Lowes","Default Workflow"
"77795","Paid","Paid","Corneille MINANI","","Corneille MINANI - Estimate - Toilet :Lowes Simple Installs","#27100 - Toilet :Lowes Simple Installs","Toilet :Lowes Simple Installs","Corneille MINANI - Estimate - Toilet :Lowes Simple Installs","147.5","147.5","147.5","35.6","111.9","76","147.5","0","55","92.5","Yes","","","","0","","","","0","Jul 23, 2026","","Aug 22, 2026","Thu Jul 23 2026 11:20:31 GMT-0700","Thu Jul 23 2026 09:43:40 GMT-0700","Thu Jul 23 2026 11:20:31 GMT-0700","2026","July 2026","","","","Add On","0","0","0","0","24.5","11.1","24.5","11.1","Brenton Heward","Erik Tange","","0","29","NaN","Thu Jul 23 2026 05:00:00 GMT-0700","Thu Jul 23 2026 05:00:00 GMT-0700","-","-","7130 W Katharine Way, Peoria, AZ 85383","Peoria","AZ","85383","No","Lowes:Simple Installs","","","","","","","","","","","","17590858","480-270-9358","corneille.minani@gmail.com","null","","","IMS","","","PLUMB - GENERAL (NO SOFTENERS)","PLUMB - GENERAL (NO SOFTENERS)","Tue Jul 21 2026 08:00:33 GMT-0700","","Corneille MINANI","","Corneille","MINANI","","413607163","","","Lowes - Simple Installs","","","","","","","Completed","Simple installs -1- KOHLER Prosa White Elongated Chair height 12-in Rough-In WaterSense 1.28 GPF Soft Close 1-piece Toilet/ pick up from lowes/ going on second floor master bath

25311 N LAKE PLEASANT PKWY,
Peoria, AZ 85383
Store: #2820
Phone: (623) 537-2640

Delivery Fee: PR32459873","Erik Tange","Lowes","Exsisting angle stop is single piece gate valve and does NOT shut off and has a minor drip. 
I suggested to customer they should have it replaced. Customer agreed to quote and invoice.
Turned water off to house, disconnected supply line, removed old toilet, cleaned area under old toilet. 
Exsisting toilet flange is below floor level, but otherwise in good working condition.
Removed old angle stop, cut 1/4"" off end of copper pipe. **Installed new 1/4 turn angle stop and new 16"" toilet supply line.**
Turned water back on to house, checked angle stop for leaks, no leaks. Installed new included wax ring, and doubled with extra from my truck.
Installed new 1 piece toilet, connected supply line, checked for leaks, no leaks. Installed new included toilet seat. Toilet flushes and functions as necessary. Sealed to floor with white silicone caulking.","Pick up from Lowes,Lowes","Default Workflow"
"77794","Invoiced","Invoiced","Robert Stall","","Robert Stall - Estimate","#27139 - Water Heater Install :Lowes Water Heaters","Water Heater Install :Lowes Water Heaters","Robert Stall - Estimate","1980.5","1980.5","1980.5","1218","762.5","39","0","1980.5","1188","792.5","No","","","","0","","","","0","Jul 23, 2026","","Aug 22, 2026","Thu Jul 23 2026 11:07:18 GMT-0700","Wed Jul 22 2026 16:41:40 GMT-0700","Thu Jul 23 2026 11:07:18 GMT-0700","2026","July 2026","Water heater from local Lowe’s store. On my arrival I was directed to the garage or water heater was to be replaced. Began by shutting off power and the breaker panel and shutting off water service to the home. While draining down water heater, I removed old supply lines and Ball valve, power, whip, and temperature pressure, relief, lamp, pressure, relief valve. I installed a mounting bracket for the thermal expansion tank and a fixed thermal expansion tank to wall. I installed a new Ball valve and two new supply lines and a cold water supply line to thermal expansion tank. Customer wanted us to reuse drip pan. I said new water heater into place, can also supply lines, power, whip, and connect temperature and pressure relief line to temperature and pressure relief valve. Restored water service at home to check for leaks in leaks at this time. I restored power to water heater in to the operational.","","","Needs Permit,Lowes","0","0","0","0","918","300","918","300","Travis Germain","Travis Germain","","2.35","46.54","NaN","","","-","-","7420 E Onyx Court, Scottsdale, AZ 85258","Scottsdale","AZ","85258","No","Lowes","","","","","Lowe's","Free","","Residential","Tier 1 - 8%","","","17611616","(480) 231-4040","rstall@cox.net","","","Travis Germain","IME","1st Attempt","","ESTIMATE_APPOINTMENT | APPOINTMENT_SET","ESTIMATE_APPOINTMENT | APPOINTMENT_SET","Wed Jul 22 2026 16:06:31 GMT-0700","","Robert Stall","","Robert","Stall","","41438311","Garage","","Lowes - Water Heaters","","","","","","","Completed","WH4824703
9 Year Warranty
8-12noon
Order #


Order Number:
300902203264719291

Lowes Store Address:7950 EAST MCDOWELL ROAD, Scottsdale, AZ, 85257


Notes and Details (Addon bundles, other details):","Edward Lopez","Lowes","Water heater from local Lowe’s store. On my arrival I was directed to the garage or water heater was to be replaced. Began by shutting off power and the breaker panel and shutting off water service to the home. While draining down water heater, I removed old supply lines and Ball valve, power, whip, and temperature pressure, relief, lamp, pressure, relief valve. I installed a mounting bracket for the thermal expansion tank and a fixed thermal expansion tank to wall. I installed a new Ball valve and two new supply lines and a cold water supply line to thermal expansion tank. Customer wanted us to reuse drip pan. I said new water heater into place, can also supply lines, power, whip, and connect temperature and pressure relief line to temperature and pressure relief valve. Restored water service at home to check for leaks in leaks at this time. I restored power to water heater in to the operational.","Lowes,Pick up from Lowes","Default Workflow"
"61983418","Invoiced","Invoiced","Brielle  Harvey","","","No parent Job","","","150","150","150","0","150","100","0","150","0","150","No","","","","0","","","","0","Jul 23, 2026","","Jul 23, 2026","","","Thu Jul 23 2026 11:05:19 GMT-0700","2026","July 2026","We appreciate your business and prompt payment","","","","0","0","0","0","0","0","0","0","Jed Green","","","30","45","NaN","","","-","-","2030 North Miller Road, Scottsdale, Arizona 85257","Scottsdale","Arizona","85257","Yes","","","","","","Lowe's","Free","","Residential","Tier 1 - 8%","","","11743237","480-721-2216","abrielleharvey@yahoo.com","","","","Existing Customer","","","","","Fri Aug 08 2025 12:37:17 GMT-0700","Pool Cleaning,Phoenix","Brielle  Harvey","","Brielle","Harvey","","","","","","","","","","","","","","","","","","Default Workflow"
"77792","Sent","Sent","Dwell Apartment Homes","29th Street Communities","Dwell Apartment Homes - Estimate","#25458 - Sewer","Sewer","Dwell Apartment Homes - Estimate","6500","6500","6500","2725.29","3774.71","58","0","6500","635","5865","No","","","","0","","","","0","Jul 22, 2026","","Aug 22, 2026","Thu Jul 23 2026 10:53:39 GMT-0700","Tue Jun 09 2026 13:01:29 GMT-0700","Thu Jul 23 2026 10:53:39 GMT-0700","2026","July 2026","","","","","0","0","0","0","300","958.8","300","958.8","Chris Marrs","","","0","0","NaN","","","-","-","1923 North 70th Street, Scottsdale, Arizona 85257","Scottsdale","Arizona","85257","No","AZ Service:MFH","","","","","Lowe's","Free","","Residential","Tier 1 - 8%","","","16450907","480-547-7130","megan.pearce@29scliving.com","","","Logen Uknavage","Referral","","","","Fan Coils","Tue May 12 2026 14:48:41 GMT-0700","Phoenix,MFH","Dwell Apartment Homes","Dwell Apartment Homes","Shannon","","","","","","MFH - Plumbing","","Approved by Dave","","","","","Completed","Bldg 1915
Scope of Work
Utility Safety: 
Contact ""Blue Stake"" to locate and mark all underground utility lines prior to excavation.
Demolition & Excavation: 
Sawcut and remove approximately 15' x 2' of asphalt on the west side of the property to gain access.
Pipe Removal: 
Excavate and remove approximately 15 linear feet of compromised 4"" clay sewer pipe.
Installation: 
Supply and install new 4"" ABS sewer pipe to replace the damaged clay section.
Compliance: 
Ensure all new piping is set to the proper grade and installed strictly according to local plumbing codes.
Restoration & Cleanup: 
Backfill the excavated area, compact the soil to prevent settling, and clean up the work area of debris.

Disclosures and Exclusions
Asphalt Patching: Asphalt repair and replacement are explicitly excluded from this estimate. A separate estimate for asphalt restoration can be provided upon completion of the plumbing work.
This estimate is only for the exterior sewer line running from the cleanouts to the main sewer tap","Benito Valdez, Roman Twardoz","MFH - Plumbing, Swiss Army Knife","Meet hunter here at 9:30,camera located line,went to home depot for tool rentals and materials, came back saw curt asphalt, removed and disposed of asphalt and started digging we found that approximately 9' of our trench has concrete 6"" down and approximately 8"" thick,we continued to dig what we could and at the end of the day made safe area","","Default Workflow"
"77791","Invoiced","Invoiced","Ben Tieni","","Ben Tieni - Estimate","#27103 - Water Heater Install :Lowes Water Heaters","Water Heater Install :Lowes Water Heaters","Ben Tieni - Estimate","1585.25","1585.25","1585.25","825","760.25","48","0","1585.25","825","760.25","No","","","","0","","","","0","Jul 23, 2026","","Aug 22, 2026","Thu Jul 23 2026 10:53:23 GMT-0700","Wed Jul 22 2026 11:14:14 GMT-0700","Thu Jul 23 2026 10:53:23 GMT-0700","2026","July 2026","Scope of Work Performed**

* Removed two existing supply lines
* Removed one existing shut off valve 
* Disconnected the ventilation and gas line
* Cut the T&P line
* Drained water heater and removed unit from the house

**Installation & Reconnection**

* Installed two new water supply lines
* Installed one new shut off valve 
* Installed 22-inch drain pan
* Re-ran T&P discharge line into the wall outlet
* Connected ventilation and gas line
* Filled water heater

**Testing & Closeout**

* Checked system for proper operation
* Registered the new water heater
* All documentation signed and payment collected","","","Lowes","0","0","0","0","610","215","610","215","Travis Germain","Travis Germain","","30","475.57","NaN","","","-","-","3411 N 24th Dr, Phoenix, AZ 85015","Phoenix","AZ","85015","No","Lowes","","","41435689","","Lowe's","Free","","Residential","Tier 1 - 8%","","","16175026","(480) 323-8336","bentieni@gmail.com","","","Travis Germain","IME","1st Attempt","","ESTIMATE_APPOINTMENT | APPOINTMENT_SET","ESTIMATE_APPOINTMENT | APPOINTMENT_SET","Thu Apr 30 2026 22:43:53 GMT-0700","","Ben Tieni","","Ben","Tieni","","41435689","","","Lowes - Water Heaters","","","","","","","Completed","WH1325040
Notes and Details (Addon bundles, other details):","Matt Schlosser","Lowes","Scope of Work Performed**

* Removed two existing supply lines
* Removed one existing shut off valve 
* Disconnected the ventilation and gas line
* Cut the T&P line
* Drained water heater and removed unit from the house

**Installation & Reconnection**

* Installed two new water supply lines
* Installed one new shut off valve 
* Installed 22-inch drain pan
* Re-ran T&P discharge line into the wall outlet
* Connected ventilation and gas line
* Filled water heater

**Testing & Closeout**

* Checked system for proper operation
* Registered the new water heater
* All documentation signed and payment collected","In Warehouse,Lowes","Default Workflow"
"77790","Paid","Paid","SUNNY HO","","SUNNY HO - Estimate - Toilet :Lowes Simple Installs","#26922 - Toilet :Lowes Simple Installs","Toilet :Lowes Simple Installs","SUNNY HO - Estimate - Toilet :Lowes Simple Installs","92.5","92.5","92.5","11.1","81.4","88","92.5","0","0","92.5","Yes","","","","0","","","","0","Jul 23, 2026","","Aug 22, 2026","Thu Jul 23 2026 10:46:53 GMT-0700","Thu Jul 23 2026 09:22:00 GMT-0700","Thu Jul 23 2026 10:46:53 GMT-0700","2026","July 2026","","","","Add On","0","0","0","0","0","11.1","0","11.1","Brenton Heward","","","0","0","NaN","Thu Jul 23 2026 05:00:00 GMT-0700","Thu Jul 23 2026 05:00:00 GMT-0700","-","-","13125 N TANNER ROBERT DR, ORO VALLEY, AZ 85755","ORO VALLEY","AZ","85755","No","Lowes:Simple Installs","","","","","","","","","","","","17521603","512-507-2373","sunnyho85@gmail.com","null","","","IMS","","","PLUMB - ONLINE ONLY","PLUMB - ONLINE ONLY","Thu Jul 16 2026 08:00:26 GMT-0700","","SUNNY HO","","SUNNY","HO","","413250732","","","Lowes - Simple Installs","","","","","","","Completed","Simple installs -1- American Standard Champion White Elongated Chair height 12-in Rough-In 1.6 GPF Soft Close 2-piece Toilet/ pick up from lowe's/
Order #:300902196264086155

4075 WEST INA ROAD,
Tucson, AZ 85741
Store: #1707
Phone: (520) 572-7300","Mathew Hodges","Lowes","Came out to customers house to install American Standard toilet pulled the old toilet found out the toilet flange was not put in correctly. Customer told me that they had a company come out and do the subfloor fixed. The toilet flange ring installed new toilet with new waxing and bolts turned water back on to test for no leaks. There is no leaks at this time but I did tell the customer that they do have to call the other company back out because the subfloor is not put incorrectly because it is still soft and if you walk on it, the whole toilet moves, but I tried to shim it as much as I can. Customer is calling out the other company to fix the issue. My toilet is installed, and there’s no leaks at this time. Customer is satisfied with the work and collecting payment for fixing toilet flange ring.","Lowes,Pick up from Lowes","Default Workflow"
"77787","Sent","Sent","Landmark Senior Housing","Native American Connections","Landmark Senior Housing - Estimate - Active Water Leak :Plumbing","#27136 - Active Water Leak :Plumbing","Active Water Leak :Plumbing","Landmark Senior Housing - Estimate - Active Water Leak :Plumbing","323","323","323","56.2","266.8","83","0","323","63","260","No","","","","0","","","","0","Jul 23, 2026","","Aug 22, 2026","","","Thu Jul 23 2026 09:47:37 GMT-0700","2026","July 2026","","","","","0","0","0","0","25","31.2","25","31.2","Hunter Howell","Hunter Howell","","30","80.04","NaN","","","-","-","8232 North 59th Avenue, Glendale, Arizona 85302","Glendale","Arizona","85302","No","","","","","","Lowe's","Free","","Residential","Tier 1 - 8%","","","15738975","602-648-9738","apnac@nativeconnections.org","","","Logen Uknavage","","","","","","Fri Apr 10 2026 11:17:43 GMT-0700","","Landmark Senior Housing","Landmark Senior Housing","","","","","","","MFH - Plumbing","","Justin","","","","","Completed","Unit 113
Up to down leak
POC is Justin (maintenance director)","Hunter Howell","MFH - Plumbing","Findings:
An abandoned drain line was found leaking due to unglued end caps.
Includes:
Removed existing unglued caps
Properly cleaned and glued new caps in place
Leak tested to verify repair
Cleaned up work area
Excludes:
Work beyond listed scope
Water damage
Existing piping beyond the repaired area","","Default Workflow"
"77782","Paid","Paid","Dalia Nicols","","Dalia Nicols - Invoice - Sink :Lowes Simple Installs","#26930 - Sink :Lowes Simple Installs","Sink :Lowes Simple Installs","","50","50","50","5","45","90","50","0","0","50","Yes","","","","0","","","","0","Jul 23, 2026","","Aug 7, 2026","","","Thu Jul 23 2026 08:11:43 GMT-0700","2026","July 2026","","","","Add On","0","0","0","0","0","5","0","5","Brenton Heward","","","0","0","NaN","Thu Jul 23 2026 05:00:00 GMT-0700","Thu Jul 23 2026 05:00:00 GMT-0700","-","-","8127 West Miami Street, Phoenix, Arizona 85043","Phoenix","Arizona","85043","No","Lowes:Simple Installs","","","","","Lowe's","Free","","Residential","Tier 1 - 8%","","","17300051","(602) 300-3354","nicolsdalia@yahoo.com","","","","IMS","","","","","Thu Jun 25 2026 15:12:34 GMT-0700","Lowes - Simple Installs","Dalia Nicols","","Dalia","Nicols","","412793851","","","Lowes - Simple Installs","","","","","","","Canceled","Simple installs - FORNO ACQUA MultiSINK (Glass Rinser Waterfall) Drop-in or 33-in x 22-in Stainless steel Single bowl 18 -Gauge Workstation Kitchen Sink All-in-One Kit with Drainboard/ pick up from lowe's/ 

1620 NORTH 75TH AVENUE,
Phoenix, AZ 85035
Store: #1042
Phone: (623) 845-6292

Trip charge: PR32464065","Sean Marble","Lowes","Upon the first visit, the daughter was present and she did not relay any of the information to her mother. There is mold growing underneath the sink and the countertops are falling apart. It looks like the whole countertop may cave it on itself, especially with removal of current sink, customer needs to have countertops addressed and mold situation taken care of before they can move forward. This information was all given to the Customer‘s daughter upon the first visit.","Lowes,Pick up from Lowes","Default Workflow"
"77781","Paid","Paid","Lorriane De Lateur","","lorrine delatur - Estimate","#26957 - Water Heater Install :Lowes Water Heaters","Water Heater Install :Lowes Water Heaters","lorrine delatur - Estimate","1802.7","1802.7","1802.7","1073","729.7","40","1802.7","0","1043","759.7","Yes","","","","0","","","","0","Jul 23, 2026","","Aug 22, 2026","Thu Jul 23 2026 07:53:27 GMT-0700","Mon Jul 20 2026 10:50:48 GMT-0700","Thu Jul 23 2026 07:53:27 GMT-0700","2026","July 2026","Came out customers house to install 40 gallon water heater natural gas and I made sure of that because I asked the homeowner and I looked on the side of the house to make sure they actually had natural gas removed the old water heater to install the new water heater had a perfectly shut off valve that still worked and installed new gas line with new supply lines hooked up the vent made sure everything turned water back on to make sure there was no leaks. There is no leaks at this time. Water heater is now heating up now gonna be collecting payment.","","","Needs Permit,Lowes","0","0","0","0","803","270","803","270","Gina Neisius","Gina Neisius","","30","540.81","NaN","Tue Jul 28 2026 05:00:00 GMT-0700","Tue Jul 28 2026 05:00:00 GMT-0700","-","-","12520 n anway rd, Marana, AZ 85653","Marana","AZ","85653","No","Lowes","","","41418831","","Lowe's","Free","","Residential","Tier 1 - 8%","","","17580410","(928) 451-8266","farmdee@comcast.net","","","Gina Neisius","IME","New Prospect","","ESTIMATE_APPOINTMENT | APPOINTMENT_SET","ESTIMATE_APPOINTMENT | APPOINTMENT_SET","Sun Jul 19 2026 15:46:08 GMT-0700","","Lorriane De Lateur","","Lorriane","De Lateur","","41418831","closet on side of home","","Lowes - Water Heaters","","","","","","","Completed","#1325042
12p-4p
 

Order #300902201264483611

Lowes Store Address: 4151 NORTH ORACLE ROAD, Tucson, AZ, 85705


Notes and Details (Addon bundles, other details):","Mathew Hodges","Lowes","Came out customers house to install 40 gallon water heater natural gas and I made sure of that because I asked the homeowner and I looked on the side of the house to make sure they actually had natural gas removed the old water heater to install the new water heater had a perfectly shut off valve that still worked and installed new gas line with new supply lines hooked up the vent made sure everything turned water back on to make sure there was no leaks. There is no leaks at this time. Water heater is now heating up now gonna be collecting payment.","Lowes,Pick up from Lowes","Default Workflow"
"77780","Sent","Sent","8th St. Apartments","","8th St. Apartments - Estimate - Water Heater :Plumbing","#26985 - Water Heater :Plumbing","Water Heater :Plumbing","8th St. Apartments - Estimate - Water Heater :Plumbing","1195","1195","1195","644.4","550.6","46","0","1195","900","295","No","","","","0","","","","0","Jul 23, 2026","Thu Jul 23 2026 18:06:33 GMT-0700","Aug 21, 2026","Wed Jul 22 2026 20:32:44 GMT-0700","Wed Jul 22 2026 18:29:58 GMT-0700","Wed Jul 22 2026 20:32:44 GMT-0700","2026","July 2026","","","","","0","0","0","0","600","44.4","600","44.4","AJ Diaz","AJ Diaz","","26","143.15","NaN","","","-","-","3333 W 8th St Thatcher, Arizona 85552","","Arizona","85552","No","AZ Service:Gila Valley","","","","","Lowe's","Free","","Residential","Tier 1 - 8%","","","6709223","(520) 878-7027","pm@liveat8thstapts.com","(480) 856-7263","","Jeff Green","Cushman & Wakefield","","","","","Tue Apr 23 2024 06:32:23 GMT-0700","","8th St. Apartments","8th St. Apartments","Isabelle","Anderson","","","","","Gila Valley - Plumbing","","Tyson","","","","","Completed","Tyson called in about unit e2 with a drain pan that is full of water. He doesn't see it leaking any where, but would like us out to take care of it. It was installed a little over a year ago","AJ Diaz","Gila Valley","","VIP","Default Workflow"
"77779","Sent","Sent","Palm Spring Two","Dunlap and Magee","Unit 1 - Condensate Leak & Drain Line Repair","#27138 - No Cool :HVAC","No Cool :HVAC","","193","193","193","40.6","152.4","79","0","193","63","130","No","","","","0","","","","0","Jul 22, 2026","","Aug 21, 2026","","","Wed Jul 22 2026 19:47:27 GMT-0700","2026","July 2026","","","","","0","0","0","0","25","15.6","25","15.6","Chuy Torres","Chuy Torres","","32","48.76","NaN","","","-","-","950 South Royal Palm Road, Apache Junction, Arizona 85119","Apache Junction","Arizona","85119","No","MFH:MFH - HVAC","","","","","Lowe's","Free","","Residential","Tier 1 - 8%","","","17611718","(480) 497-9837","goldensands@qwestoffice.net","","","","","","","","","Wed Jul 22 2026 16:40:38 GMT-0700","MFH","Palm Spring Two","Palm Spring Two","Rhonda","Moore","","","","","MFH - HVAC","","Rhonda","","","","","Completed","Unit #1
Rhonda called because there is a copper line that is leaking in to the apartment. It appears to be connected to the hvac.
POC Rhonda","Chuy Torres","MFH - HVAC","---

## **Field Service Report: Condensate Leak & Drain Line Repair**

**Date:** July 22, 2026  
**Unit:** 1  
**Status:** Arrived on-site to investigate a condensate leak, found the drain line physically disconnected, installed a new coupler to repair the line, and restored proper drainage.

### **Diagnostic Findings**
* **Initial Assessment:** Responded to a service call to investigate an active **condensate drain leak** at the indoor equipment.
* **System Evaluation:** Inspected the HVAC drain assembly and found the root cause immediately: the primary condensate drain line was **physically detached** from the main drain. 

### **Repairs Performed**
* **Drain Repair:** Sourced the proper PVC fittings and **installed a new coupler** to permanently and securely reconnect the detached drain line back to the main drain assembly. 

### **Final Status**
* **Verification:** Ran water through the system to thoroughly test the newly installed coupler and piping. Confirmed that there are no active leaks at the joint and the system is **draining properly**.
* **Outcome:** **Restored operation; the leak is resolved and the system is draining as designed at this time.**

---

**Status: Drain Line Reconnected & Tested — Ticket Closed**

---","","Default Workflow"
"77778","Sent","Sent","Golden Sands Apts Dunlap/Magee","Dunlap and Magee","Unit 24 - Capacitor Replacement & Wiring Repair","#27095 - No Cool :HVAC","No Cool :HVAC","","323","323","323","56.2","266.8","83","0","323","63","260","No","","","","0","","","","0","Jul 22, 2026","","Aug 21, 2026","","","Wed Jul 22 2026 19:44:58 GMT-0700","2026","July 2026","","","","","0","0","0","0","25","31.2","25","31.2","Chuy Torres","Chuy Torres","","32","85.37","NaN","","","-","-","700 East 9th Avenue, Apache Junction, Arizona 85119","Apache Junction","Arizona","85119","No","MFH:MFH - HVAC","","","","","Lowe's","Free","","Residential","Tier 1 - 8%","","","6732064","480-982-2245","rhonda@dunlap-sites.com","602-244-1006","","","","","","","","Wed Apr 24 2024 18:20:41 GMT-0700","","Golden Sands Apts Dunlap/Magee","Golden Sands Apts Dunlap/Magee","Rhonda","Moore","","","","","MFH - HVAC","","Rhonda","","","","","Completed","Unit 24
Rhonda called in to have us out for a unit not cooling. Blowing warm air. It is a roof unit
POC Rhonda","Chuy Torres","MFH - HVAC","---

## **Field Service Report: Capacitor Replacement & Low-Voltage Wiring Repair**

**Date:** July 22, 2026  
**Unit:** 24  
**Status:** Arrived on-site for a cooling issue. Diagnosed a shorted run capacitor and hard start kit, as well as exposed low-voltage wiring. Replaced the capacitor, repaired the bare wires, and restored operation.

### **Diagnostic Findings**
* **Initial Assessment:** Responded to a service call to evaluate the outdoor HVAC equipment.
* **Electrical Evaluation (High Voltage):** Tested the electrical components and found both the **35/5 mfd dual run capacitor** and an aftermarket hard start kit had shorted out and failed. 
* **Wiring Inspection (Low Voltage):** Inspected the control wiring heading to the condenser and found that the **thermostat wires were bare** and exposed, creating a severe risk for a low-voltage short. 

### **Repairs Performed**
* **Component Replacement:** Removed the failed components. Supplied and installed a brand-new **35/5 mfd run capacitor**. I evaluated the compressor's start-up draw and determined that a replacement hard start kit was not required to get the unit running safely.
* **Wiring Repair:** Cut back the compromised section of the low-voltage control wire and spliced in about **one foot of new thermostat wire**. Made secure, properly insulated new connections to eliminate the bare wires. 

### **Final Status**
* **Verification:** Powered the system back on and monitored the start-up. The compressor and fan motor are running smoothly on the new capacitor, and the low-voltage circuit is fully secure.
* **Outcome:** **Restored operation; the system is working properly at this time.**

---

**Status: Repairs Completed & Operation Restored — Ticket Closed**","","Default Workflow"
"77776","Invoiced","Invoiced","Parq on 50th Apartments","BH Management Services LLC","Unit 1102 - Condensate Drain Clearing & Pan Repair","#27088 - No Cool :HVAC","No Cool :HVAC","","323","323","323","56.2","266.8","83","0","323","63","260","No","","","","0","","","","0","Jul 22, 2026","","Aug 21, 2026","","","Wed Jul 22 2026 18:23:38 GMT-0700","2026","July 2026","","","","","0","0","0","0","25","31.2","25","31.2","Jacob Martinez","Jacob Martinez","","30","80.04","NaN","","","-","-","5008 East Thomas Road, Phoenix, Arizona 85018","Phoenix","Arizona","85018","No","MFH:MFH - HVAC","","","","","Lowe's","Free","","Residential","Tier 1 - 8%","","","10287520","602-354-5936","lydia.flores@livebh.com","602-218-2197 cell","","Logen Uknavage","","","","","","Thu Apr 24 2025 15:03:17 GMT-0700","BH Mgmt,MFH,Commercial","Parq on 50th Apartments","Parq on 50th Apartments","Lydia","Flores","","","","","MFH - HVAC","","Edwin","","","","","Completed","Unit 1102
HVAC is leaking water. Thinks it is a clogged condensate line
POC Edwin","Jacob Martinez","MFH - HVAC","Initial Inspection: when I arrived at the unit it was no longer dripping so I filled the pan with water and
​Observed a minor active drip originating from the condensate drain pan upon arrival.
​Corrective Actions:
​Cleared Drain Line: Cut the condensate line and cleared the obstruction using a Gallo gun.
​Adjusted Pitch: Re-pitched the drain pan to establish proper slope for optimal drainage.
​Testing & Verification: Filled the drain pan ten times with water to test proper flow and runoff. Verified the system is draining correctly with no remaining leaks.","","Default Workflow"
"77774","Paid","Paid","louis hibner","","louis hibner - Invoice - Toilet :Lowes Simple Installs","#26932 - Toilet :Lowes Simple Installs","Toilet :Lowes Simple Installs","","522","522","522","51","471","90","522","0","0","522","Yes","","","","0","","","","0","Jul 22, 2026","","Aug 21, 2026","","","Wed Jul 22 2026 17:03:24 GMT-0700","2026","July 2026","","","","Lowes","0","0","0","0","0","51","0","51","Ashley Reed","Dave Barber Show Low (Contactor)","","0","522","NaN","Sun Jul 26 2026 05:00:00 GMT-0700","Sun Jul 26 2026 05:00:00 GMT-0700","-","-","2634 E POPLAR DR, PINETOP, AZ 85935","PINETOP","AZ","85935","No","Lowes:Simple Installs","","","","","Lowe's","Free","","Residential","Tier 1 - 8%","","","17465593","928-358-2402","chefhibner1@gmail.com","","","","IMS","","","PLUMB - GENERAL (NO SOFTENERS)","PLUMB - GENERAL (NO SOFTENERS)","Fri Jul 10 2026 08:03:36 GMT-0700","Lowes - Simple Installs","louis hibner","","louis","hibner","","412394468","","","Lowes - Simple Installs","","","","","","","Completed","x3
KOHLER Elliston White Elongated Chair height 12-in Rough-In WaterSense 1.28 GPF Soft Close 2-piece Toilet

Store: 5800 S WHITE MOUNTAIN ROAD,
Show Low, AZ 85901

Delivery Fee: PR32430691","Dave Barber Show Low (Contactor)","Lowes","","Lowes,Pick up from Lowes","Default Workflow"
"77773","Void","Void","Dean Marshall","","Dean Marshall - Invoice - Toilet :Lowes Simple Installs","#27113 - Toilet :Lowes Simple Installs","Toilet :Lowes Simple Installs","","522","522","522","51","471","90","0","0","0","522","No","","","","0","","","","0","Jul 22, 2026","","Aug 21, 2026","","","Wed Jul 22 2026 16:53:53 GMT-0700","2026","July 2026","","","","Lowes","0","0","0","0","0","51","0","51","Ashley Reed","Dave Barber Show Low (Contactor)","","0","522","NaN","","","-","-","722 W Nova Pl, Casa Grande, AZ 85122","Casa Grande","AZ","85122","No","Lowes:Simple Installs","","","","","","","","","","","","17559474","520-709-5858","marshall90621@gmail.com","null","","","IMS","","","PLUMB - GENERAL (NO SOFTENERS)","PLUMB - GENERAL (NO SOFTENERS)","Sat Jul 18 2026 08:01:10 GMT-0700","","Dean Marshall","","Dean","Marshall","","413423088","","","Lowes - Simple Installs","","","","","","","Canceled","Simple installs -1- KOHLER Battan The Complete Solution White Elongated Chair height 12-in Rough-In WaterSense 1.28 GPF Soft Close 2-piece Toilet/ pick up from lowe's/

1436 E. FLORENCE BOULEVARD,
Casa Grande, AZ 85122
Store: #2272
Phone: (520) 836-4170

Delivery Fee: PR32459908
Trip charge: PR32467908","Sean Marble","Lowes","Customer has a 10 inch Ruffin and they got a 12 Ruffin toilet. Also the skirted toilet that they got will not fit because the toilet goes all the way back to the wall and their waterline is too close which will hit. Customer has been informed and knows what to look for and what to get now returning toilet to Lowe’s.
Toilet returned to Lowe’s pictures enclosed","Pick up from Lowes,Lowes","Default Workflow"
"77772","Paid","Paid","Dean Marshall","","Dean Marshall - Invoice - Toilet :Lowes Simple Installs","#27113 - Toilet :Lowes Simple Installs","Toilet :Lowes Simple Installs","","35","35","35","4","31","89","35","0","0","35","Yes","","","","0","","","","0","Jul 23, 2026","","Aug 21, 2026","","","Wed Jul 22 2026 16:51:14 GMT-0700","2026","July 2026","","","","Add On,Lowes","0","0","0","0","0","4","0","4","Ashley Reed","","","0","0","NaN","Thu Jul 23 2026 05:00:00 GMT-0700","Thu Jul 23 2026 05:00:00 GMT-0700","-","-","722 W Nova Pl, Casa Grande, AZ 85122","Casa Grande","AZ","85122","No","Lowes:Simple Installs","","","","","","","","","","","","17559474","520-709-5858","marshall90621@gmail.com","null","","","IMS","","","PLUMB - GENERAL (NO SOFTENERS)","PLUMB - GENERAL (NO SOFTENERS)","Sat Jul 18 2026 08:01:10 GMT-0700","","Dean Marshall","","Dean","Marshall","","413423088","","","Lowes - Simple Installs","","","","","","","Canceled","Simple installs -1- KOHLER Battan The Complete Solution White Elongated Chair height 12-in Rough-In WaterSense 1.28 GPF Soft Close 2-piece Toilet/ pick up from lowe's/

1436 E. FLORENCE BOULEVARD,
Casa Grande, AZ 85122
Store: #2272
Phone: (520) 836-4170

Delivery Fee: PR32459908
Trip charge: PR32467908","Sean Marble","Lowes","Customer has a 10 inch Ruffin and they got a 12 Ruffin toilet. Also the skirted toilet that they got will not fit because the toilet goes all the way back to the wall and their waterline is too close which will hit. Customer has been informed and knows what to look for and what to get now returning toilet to Lowe’s.
Toilet returned to Lowe’s pictures enclosed","Pick up from Lowes,Lowes","Default Workflow"
"77771","Paid","Paid","Corneille MINANI","","Corneille MINANI - Invoice - Toilet :Lowes Simple Installs","#27100 - Toilet :Lowes Simple Installs","Toilet :Lowes Simple Installs","","35","35","35","4","31","89","45","-10","0","35","Yes","","","","0","","","","0","Jul 23, 2026","","Aug 21, 2026","","","Wed Jul 22 2026 16:48:00 GMT-0700","2026","July 2026","","","","Add On,Lowes","0","0","0","0","0","4","0","4","Ashley Reed","Erik Tange","","0","12","NaN","Thu Jul 23 2026 05:00:00 GMT-0700","Thu Jul 23 2026 05:00:00 GMT-0700","-","-","7130 W Katharine Way, Peoria, AZ 85383","Peoria","AZ","85383","No","Lowes:Simple Installs","","","","","","","","","","","","17590858","480-270-9358","corneille.minani@gmail.com","null","","","IMS","","","PLUMB - GENERAL (NO SOFTENERS)","PLUMB - GENERAL (NO SOFTENERS)","Tue Jul 21 2026 08:00:33 GMT-0700","","Corneille MINANI","","Corneille","MINANI","","413607163","","","Lowes - Simple Installs","","","","","","","Completed","Simple installs -1- KOHLER Prosa White Elongated Chair height 12-in Rough-In WaterSense 1.28 GPF Soft Close 1-piece Toilet/ pick up from lowes/ going on second floor master bath

25311 N LAKE PLEASANT PKWY,
Peoria, AZ 85383
Store: #2820
Phone: (623) 537-2640

Delivery Fee: PR32459873","Erik Tange","Lowes","Exsisting angle stop is single piece gate valve and does NOT shut off and has a minor drip. 
I suggested to customer they should have it replaced. Customer agreed to quote and invoice.
Turned water off to house, disconnected supply line, removed old toilet, cleaned area under old toilet. 
Exsisting toilet flange is below floor level, but otherwise in good working condition.
Removed old angle stop, cut 1/4"" off end of copper pipe. **Installed new 1/4 turn angle stop and new 16"" toilet supply line.**
Turned water back on to house, checked angle stop for leaks, no leaks. Installed new included wax ring, and doubled with extra from my truck.
Installed new 1 piece toilet, connected supply line, checked for leaks, no leaks. Installed new included toilet seat. Toilet flushes and functions as necessary. Sealed to floor with white silicone caulking.","Pick up from Lowes,Lowes","Default Workflow"
"77769","Paid","Paid","Michelle Roddy","","Michelle Roddy - Invoice - Faucet :Lowes Simple Installs","#27058 - Faucet :Lowes Simple Installs","Faucet :Lowes Simple Installs","","135","135","135","14","121","90","135","0","0","135","Yes","","","","0","","","","0","Jul 22, 2026","","Aug 21, 2026","","","Wed Jul 22 2026 16:32:32 GMT-0700","2026","July 2026","","","","Lowes","0","0","0","0","0","14","0","14","Ashley Reed","Erik Tange","","0","47","NaN","Sun Jul 26 2026 05:00:00 GMT-0700","Sun Jul 26 2026 05:00:00 GMT-0700","-","-","2565 E SOUTHERN AVE UNIT 111, MESA, AZ 85204","MESA","AZ","85204","No","Lowes:Simple Installs","","","","","","","","","","","","17590877","602-318-7543","mroddy111@gmail.com","null","","","IMS","","","PLUMB - GENERAL (NO SOFTENERS)","PLUMB - GENERAL (NO SOFTENERS)","Tue Jul 21 2026 08:01:37 GMT-0700","","Michelle Roddy","","Michelle","Roddy","","413527713","","","Lowes - Simple Installs","","","","","","","Completed","Simple installs -1- Delta Kylo Stainless Steel Single Handle Deck-mount Pull-down Kitchen Faucet with Sprayer (Includes Deck Plate)/ onsite/ She stated that you may want to take the gate off of Lindsay, it's closer to her home/ gate code is #8484","Erik Tange","Lowes","Service was bad in house. Actual start time, 3:45pm Actual end time 4:20pm total time: 35 min

Exsisting angle stops are 1/4 turn and do NOT shut off fully. I suggested to customer they should have them replaced. Customer declined.
Customer turned water off to house.
Disconnected kitchen faucet supply lines, removed RO spout that is no longer in use, removed old single handle kitchen faucet. Cleaned countertop area under old faucet. Installed cap in RO spout spot. Installed new single handle kitchen faucet. Connected supply lines. Customer turned water back on to house, checked for leaks, no leaks. Faucet functions as necessary.","Lowes,onsite","Default Workflow"
"77767","Sent","Sent","Heritage district","AIR Communities","Pool Pump Room - Drain Inspection & Jetting Recommendation","#27045 - Camera Inspection :Plumbing","Camera Inspection :Plumbing","","485","485","485","58.2","426.8","88","0","485","0","485","No","","","","0","","","","0","Jul 21, 2026","Wed Jul 22 2026 16:28:32 GMT-0700","Aug 21, 2026","","","Wed Jul 22 2026 16:27:34 GMT-0700","2026","July 2026","","","","","0","0","0","0","0","58.2","0","58.2","Joey Reyes","Joey Reyes","","30","145.5","NaN","","","-","-","275 West Juniper Avenue, Gilbert, Arizona 85233","Gilbert","Arizona","85233","No","AZ Service:MFH","","","","","Lowe's","Free","","Residential","Tier 1 - 8%","","","16169568","(480) 217-6717","susan.kucherer@aircommunities.com","","","Logen Uknavage","Referral","","","","","Thu Apr 30 2026 16:10:28 GMT-0700","Coupa","Heritage district","Heritage district","","","","1406745","","","MFH - Plumbing","","Mike","","","","","Completed","Pool pump room
Camera drain line
POC Mike

Per Chris $485 for camera * POC requested separate workorder for cable (7/20)","Julian Guidry","MFH - Plumbing","Attempted to run camera through pool floor drains, got through 3/4 the 4th one was too compacted with sand for me to get down with camera, lines are full of sand, needs to be scrubbed thoroughly with a jetter and get put on a preventative maintenance jetting schedule.

Needs bid to get 4 floor drains in both pool pump rooms.","","Default Workflow"
"77766","Sent","Sent","505 West","Harbor Group Management Co., LLC","Unit 1154 - Condensate Backup & Drain Clearing","#27073 - No Cool :HVAC","No Cool :HVAC","","323","323","323","56.2","266.8","83","0","323","63","260","No","","","","0","","","","0","Jul 24, 2026","Fri Jul 24 2026 12:38:13 GMT-0700","Aug 21, 2026","","","Wed Jul 22 2026 16:15:21 GMT-0700","2026","July 2026","","","","","0","0","0","0","25","31.2","25","31.2","Chuy Torres","Chuy Torres","","32","85.37","NaN","","","-","-","505 West Baseline Road, Tempe, Arizona 85283","Tempe","Arizona","85283","No","MFH:MFH - HVAC","","","","","Lowe's","Free","","Residential","Tier 1 - 8%","","","15570187","480-577-2649","jpelayo@harborgroupmanagement.com","","","Logen Uknavage","","","","","Can't be on property after 6p. If we have to be, call Jesus to verify
Goodman condensers only for this property - R32 ONLY","Thu Apr 02 2026 10:44:15 GMT-0700","Harbor","505 West","505 West","Jesus","Maintenance supervisor","","","","","PHX - Plumbing","","Anthony","","","","","Completed","Can't be on property after 6p. If we have to be, call Jesus to verify
Goodman condensers only for this property - R32 ONLY

Unit 1154
No Cool","Chuy Torres","MFH - HVAC","## **Field Service Report: Condensate Backup & Drain Clearing**

**Date:** July 22, 2026  
**Unit:** 1154  
**Status:** Arrived on-site, diagnosed an active condensate leak caused by a clogged drain line, cleared the restriction with high-pressure CO2, and restored proper drainage.

### **Diagnostic Findings**
* **Initial Assessment:** Responded to a service call to investigate an active **condensate drain leak** at the indoor equipment.
* **System Evaluation:** Inspected the HVAC unit and found that a restriction in the primary drain line was causing condensate water to back up and spill over.

### **Repairs Performed**
* **Drain Clearing:** Hooked up the **CO2** cartridge and blasted the drain line with high pressure to successfully blow out the clog and completely clear the obstruction.

### **Final Status**
* **Verification:** Poured water directly into the drain pan to thoroughly water-test the newly cleared line. Confirmed that the water is flowing freely and the system is **draining properly** with absolutely no backups.
* **Outcome:** **Restored operation; the leak is resolved and the system is draining properly at this time.**

---

**Status: Drain Cleared & Tested — Ticket","","Default Workflow"
"77764","Sent","Sent","505 West","Harbor Group Management Co., LLC","Unit 2062 - Drain Pan Replacement","#27067 - No Cool :HVAC","No Cool :HVAC","505 West - Estimate - No Cool :HVAC","785","785","785","331.2","453.8","58","0","785","525","260","No","","","","0","","","","0","Jul 22, 2026","Thu Jul 23 2026 09:58:14 GMT-0700","Aug 21, 2026","Thu Jul 23 2026 16:22:04 GMT-0700","Thu Jul 23 2026 09:56:06 GMT-0700","Wed Jul 22 2026 16:12:21 GMT-0700","2026","July 2026","","","","","0","0","0","0","300","31.2","300","31.2","Chuy Torres","Chuy Torres","","32","145.21","NaN","","","-","-","505 West Baseline Road, Tempe, Arizona 85283","Tempe","Arizona","85283","No","MFH:MFH - HVAC","","","","","Lowe's","Free","","Residential","Tier 1 - 8%","","","15570187","480-577-2649","jpelayo@harborgroupmanagement.com","","","Logen Uknavage","","","","","Can't be on property after 6p. If we have to be, call Jesus to verify
Goodman condensers only for this property - R32 ONLY","Thu Apr 02 2026 10:44:15 GMT-0700","Harbor","505 West","505 West","Jesus","Maintenance supervisor","","","","","MFH - HVAC","","Anthony","","","","","Completed","Unit 2062
Leak under drip pan
POC Anthony *call enroute","Chuy Torres","MFH - HVAC","---

## **Field Service Report: Condensate Leak & Drain Pan Estimate**

**Date:** July 21, 2026  
**Unit:** 2062  
**Status:** Arrived on-site, diagnosed an active condensate leak caused by a completely rusted-out drain pan, and scheduled a return visit to perform the replacement.

### **Diagnostic Findings**
* **Initial Assessment:** Responded to a service call to investigate an active **condensate leak** at the indoor equipment.
* **Component Failure:** Inspected the indoor HVAC unit and discovered that the primary **drain pan is rusted out**. The structural integrity has failed, allowing water to bypass the drain line and leak directly out of the system.

### **Recommendations & Next Steps**
* **Replacement Required:** The compromised drain pan cannot be patched or safely repaired and must be fully replaced to prevent ongoing water damage to the property.
* **Action Item:** The required parts have been approved/sourced, and the **replacement is officially scheduled for tomorrow**. 

---

**Status: Unit Condemned (Rusted Drain Pan) — Scheduled for Replacement Tomorrow**","","Default Workflow"
"77763","Sent","Sent","505 West","Harbor Group Management Co., LLC","Unit 1028 - Condensate Backup & Drain Clearing","#27072 - No Cool :HVAC","No Cool :HVAC","","323","323","323","56.2","266.8","83","0","323","63","260","No","","","","0","","","","0","Jul 22, 2026","Fri Jul 24 2026 12:27:24 GMT-0700","Aug 21, 2026","","","Wed Jul 22 2026 16:10:06 GMT-0700","2026","July 2026","","","","","0","0","0","0","25","31.2","25","31.2","Chuy Torres","Chuy Torres","","32","85.37","NaN","","","-","-","505 West Baseline Road, Tempe, Arizona 85283","Tempe","Arizona","85283","No","MFH:MFH - HVAC","","","","","Lowe's","Free","","Residential","Tier 1 - 8%","","","15570187","480-577-2649","jpelayo@harborgroupmanagement.com","","","Logen Uknavage","","","","","Can't be on property after 6p. If we have to be, call Jesus to verify
Goodman condensers only for this property - R32 ONLY","Thu Apr 02 2026 10:44:15 GMT-0700","Harbor","505 West","505 West","Jesus","Maintenance supervisor","","","","","PHX - Plumbing","","Anthony","","","","","Completed","Can't be on property after 6p. If we have to be, call Jesus to verify
Goodman condensers only for this property - R32 ONLY

Unit 1028
No Cool","Chuy Torres","MFH - HVAC",".

---

## **Field Service Report: Condensate Backup & Drain Clearing**

**Date:** July 22, 2026  
**Unit:** 10284  
**Status:** Arrived on-site, diagnosed an active condensate leak caused by a clogged drain line, cleared the blockage with high-pressure CO2, and restored proper drainage.

### **Diagnostic Findings**
* **Initial Assessment:** Responded to a service call to investigate an active **condensate leak** at the indoor equipment.
* **System Evaluation:** Inspected the HVAC unit and found that a restriction in the primary condensate drain line was causing water to back up and spill over.

### **Repairs Performed**
* **Drain Clearing:** Hooked up the **CO2** cartridge and blasted the drain line with high pressure to successfully blow out the clog and completely clear the restriction.

### **Final Status**
* **Verification:** Poured water directly into the drain pan to thoroughly water-test the newly cleared line. Confirmed that the water is flowing freely and **draining properly** with absolutely no backups.
* **Outcome:** **Restored operation; the leak is resolved and the system is draining properly at this time.**

---

**Status: Drain Cleared & Tested — Ticket Closed**","","Default Workflow"
"77761","Sent","Sent","505 West","Harbor Group Management Co., LLC","Unit 2022 - Condensate Drain & Pan Repair","#27075 - No Cool :HVAC","No Cool :HVAC","","323","323","323","56.2","266.8","83","0","323","63","260","No","","","","0","","","","0","Jul 22, 2026","Fri Jul 24 2026 15:04:36 GMT-0700","Aug 21, 2026","","","Wed Jul 22 2026 16:04:06 GMT-0700","2026","July 2026","","","","","0","0","0","0","25","31.2","25","31.2","Jacob Martinez","Jacob Martinez","","30","80.04","NaN","","","-","-","505 West Baseline Road, Tempe, Arizona 85283","Tempe","Arizona","85283","No","MFH:MFH - HVAC","","","","","Lowe's","Free","","Residential","Tier 1 - 8%","","","15570187","480-577-2649","jpelayo@harborgroupmanagement.com","","","Logen Uknavage","","","","","Can't be on property after 6p. If we have to be, call Jesus to verify
Goodman condensers only for this property - R32 ONLY","Thu Apr 02 2026 10:44:15 GMT-0700","Harbor","505 West","505 West","Jesus","Maintenance supervisor","","","","","PHX - Plumbing","","Anthony","","","","","Completed","Can't be on property after 6p. If we have to be, call Jesus to verify
Goodman condensers only for this property - R32 ONLY

Unit 2022
No Cool","Jacob Martinez","MFH - HVAC","Arrival Condition: Drain pan was completely full and failing to drain, causing standing water on the floor.
​Action Taken: * Cleared clogged drain line using a Gallo gun (CO2 cartridge) to restore initial flow.
​Performed water test and identified back-pitch on the drain pan, causing water to overflow from the far end.
​Re-pitched and secured the pan using plumbing strap to establish proper slope.
​Status: Tested system after adjustment; unit is now draining properly with no further overfl","","Default Workflow"
"77760","Paid","Paid","Skate Land Chandler","","Skate Land Chandler - Estimate - Clogged Drain :Plumbing","#26934 - Clogged Drain :Plumbing","Clogged Drain :Plumbing","Skate Land Chandler - Estimate - Clogged Drain :Plumbing","890","890","890","195","695","78","890","0","125","765","Yes","","","","0","","","","0","Jul 22, 2026","Mon Jul 27 2026 13:49:50 GMT-0700","Aug 21, 2026","","Mon Jul 27 2026 13:48:43 GMT-0700","Wed Jul 22 2026 15:55:23 GMT-0700","2026","July 2026","","","","","0","0","0","0","50","145","50","145","Ian Gauvin","Ian Gauvin","","31","215.45","NaN","Mon Jul 27 2026 05:00:00 GMT-0700","Mon Jul 27 2026 05:00:00 GMT-0700","-","-","1101 West Ray Road, Chandler, AZ 85224","Chandler","AZ","85224","No","AZ Service","","","","","","","","","","","","6733071","(813) 770-6759","skatelandchandlergm@usa-skating.com","","","","","","","","","Wed Apr 24 2024 18:23:59 GMT-0700","","Skate Land Chandler","Skate Land Chandler","Tanayja","Warren","","","","","PHX - Plumbing","","Tanayja Warren","","","","","Completed","REMINDER TO USE CAMERA AND LOOK FOR SEWER/GENERAL PIPE REPLACEMENT OPPORTUNITIES. 

Reason for call? Repiping

Who will be present to meet the technician? Tanayja Warren

Where is the primary location of the clogged drain? mop bucket sink 

Are there any other drains that are backing up? N/A

Are you on a septic system? If so, when was the last time it was pumped? No

Is there anything else you would like technician to look at while they are there? N/A

How did you hear about NexLvl Services? Existing","Ian Gauvin","PHX - Plumbing","","Commercial,Camera","Default Workflow"
"77758","Sent","Sent","505 West","Harbor Group Management Co., LLC","Unit 2129 - HVAC Troubleshooting & System Recharge","#27074 - No Cool :HVAC","No Cool :HVAC","","764","764","764","111.2","652.8","85","0","764","244","520","No","","","","0","","","","0","Jul 22, 2026","Fri Jul 24 2026 14:58:55 GMT-0700","Aug 21, 2026","","","Wed Jul 22 2026 15:52:10 GMT-0700","2026","July 2026","","","","","0","0","0","0","48.8","62.4","48.8","62.4","Jacob Martinez","Jacob Martinez","","30","195.84","NaN","","","-","-","505 West Baseline Road, Tempe, Arizona 85283","Tempe","Arizona","85283","No","MFH:MFH - HVAC","","","","","Lowe's","Free","","Residential","Tier 1 - 8%","","","15570187","480-577-2649","jpelayo@harborgroupmanagement.com","","","Logen Uknavage","","","","","Can't be on property after 6p. If we have to be, call Jesus to verify
Goodman condensers only for this property - R32 ONLY","Thu Apr 02 2026 10:44:15 GMT-0700","Harbor","505 West","505 West","Jesus","Maintenance supervisor","","","","","PHX - Plumbing","","Anthony","","","","","Completed","Can't be on property after 6p. If we have to be, call Jesus to verify
Goodman condensers only for this property - R32 ONLY

Unit 2129
No Cool","Jacob Martinez","MFH - HVAC","""Extended diagnostic time was required due to a metering device discrepancy: unit specifications called for an indoor TXV, but an indoor fixed piston was installed, skewing superheat and subcooling readings. Initial system pressures indicated a severe restriction that could not be resolved by charging. Recovered refrigerant, evacuated system to 500 microns, and weighed in the factory charge of 4 lbs, 6 oz of R-410A. The unit is currently operating within normal parameters and cooling effectively.""","","Default Workflow"
"77756","Sent","Sent","Capri on Camelback","Harbor Group Management Co., LLC","Unit B319 - Kitchen Sink Drain Clearing","#27077 - B319 Kitchen sink back up","B319 Kitchen sink back up","","238","238","238","28.68","209.32","88","0","238","-1","239","No","","","","0","","","","0","Jul 21, 2026","Wed Jul 22 2026 15:27:46 GMT-0700","Aug 21, 2026","","","Wed Jul 22 2026 15:27:17 GMT-0700","2026","July 2026","","","","RealPage","0","0","0","0","0","28.68","0","28.68","Joey Reyes","Joey Reyes","","30","71.4","NaN","","","-","-","5115 North 40th Street, Phoenix, Arizona 85018","Phoenix","Arizona","85018","No","AZ Service:MFH","","","","","Lowe's","Free","","Residential","Tier 1 - 8%","","","17009572","(602) 882-8579","tgeorge@harborgroupmanagement.com","","","Logen Uknavage","Referral","","","","","Tue Jun 02 2026 16:45:17 GMT-0700","MFH,Commercial","Capri on Camelback","Capri on Camelback","Travis","George","","85827437","","","MFH - Plumbing","","","","","","","Completed","Travis is poc please call enroute and when complete","Brodyn Janshen","MFH - Plumbing","Arrived on site located unit and it was home went inside and saw the sink was full of water would not drain. I drained it into a bucket under the P-trap once the P drop was removed. I came with the line at about 25 to 30 feet there was a blockage which I was able to push through and break up. I put the P-trap back on and ran the water while I cleaned my mess. The water is draining properly at this time.","","Default Workflow"
"77755","Sent","Sent","Capri on Camelback","Harbor Group Management Co., LLC","Unit A321 - Kitchen Sink Drain Clearing","#27076 - Kitchen sink back up","Kitchen sink back up","","238","238","238","28.68","209.32","88","0","238","-1","239","No","","","","0","","","","0","Jul 21, 2026","Wed Jul 22 2026 15:26:00 GMT-0700","Aug 21, 2026","","","Wed Jul 22 2026 15:25:28 GMT-0700","2026","July 2026","","","","RealPage","0","0","0","0","0","28.68","0","28.68","Joey Reyes","Joey Reyes","","30","71.4","NaN","","","-","-","5115 North 40th Street, Phoenix, Arizona 85018","Phoenix","Arizona","85018","No","AZ Service:MFH","","","","","Lowe's","Free","","Residential","Tier 1 - 8%","","","17009572","(602) 882-8579","tgeorge@harborgroupmanagement.com","","","Logen Uknavage","Referral","","","","","Tue Jun 02 2026 16:45:17 GMT-0700","MFH,Commercial","Capri on Camelback","Capri on Camelback","Travis","George","","85827413","","","MFH - Plumbing","","","","","","","Completed","Travis is poc please call when en route and upon completion","Brodyn Janshen","MFH - Plumbing","Arrived on site located unit saw the sink had a little bit of water and it was all white like milk or paint ran my cable at about 25 to able to clear whatever it was, I did not pull anything back once clear. I ran the water while I cleaned up and it continued to drain. All fixtures working properly at this time.","","Default Workflow"
"77752","Paid","Paid","Michael Gardner","","Michael Gardner - Estimate","#27109 - Water Heater Install :Lowes Water Heaters","Water Heater Install :Lowes Water Heaters","Michael Gardner - Estimate","1567.4","1567.4","1567.4","817","750.4000000000001","48","1567.4","0","804","763.4","Yes","","","","0","","","","0","Jul 22, 2026","","Aug 21, 2026","Wed Jul 22 2026 14:59:55 GMT-0700","Wed Jul 22 2026 11:42:21 GMT-0700","Wed Jul 22 2026 14:59:56 GMT-0700","2026","July 2026","Scope of Work Performed**

* Removed two existing supply lines
* Removed one existing shut off valve 
* Disconnected the electrical
* Cut the T&P line
* Drained water heater and removed unit from the house

**Installation & Reconnection**

* Installed two new water supply lines
* Installed one new shut off valve.
* Installed 24-inch drain pan
* Re-ran T&P discharge line into the wall outlet
* Connected electrical to heater
* Filled water heater


**Testing & Closeout**

* Checked system for proper operation
* Registered new water heater 
* All documentation signed and payment collected","","","Lowes","0","0","0","0","577","240","577","240","Gina Neisius","Gina Neisius","","30","470.22","NaN","Tue Jul 28 2026 05:00:00 GMT-0700","Tue Jul 28 2026 05:00:00 GMT-0700","-","-","4190 S Ponderosa Dr, Gilbert, AZ 85297","Gilbert","AZ","85297","No","Lowes","","","41435857","","Lowe's","Free","","Residential","Tier 1 - 8%","","","17609414","(602) 881-3124","migar14@yahoo.com","","","Gina Neisius","IME","New Prospect","","ESTIMATE_APPOINTMENT | APPOINTMENT_SET","ESTIMATE_APPOINTMENT | APPOINTMENT_SET","Wed Jul 22 2026 11:27:14 GMT-0700","","Michael Gardner","","Michael","Gardner","","41435857","garage cubby","","Lowes - Water Heaters","","","","","","","Completed","#816161


Model Number #


Lowes Store Address:


Notes and Details (Addon bundles, other details):","Matt Schlosser","Lowes","Scope of Work Performed**

* Removed two existing supply lines
* Removed one existing shut off valve 
* Disconnected the electrical
* Cut the T&P line
* Drained water heater and removed unit from the house

**Installation & Reconnection**

* Installed two new water supply lines
* Installed one new shut off valve.
* Installed 24-inch drain pan
* Re-ran T&P discharge line into the wall outlet
* Connected electrical to heater
* Filled water heater


**Testing & Closeout**

* Checked system for proper operation
* Registered new water heater 
* All documentation signed and payment collected","Lowes,In Warehouse","Default Workflow"
"77751","Sent","Sent","Marcos De Niza c/o Dunlap & MaGee","","Unit 516 - Tub Drain Clearing","#27035 - Clogged Drain :Plumbing","Clogged Drain :Plumbing","","238","238","238","28.68","209.32","88","0","238","-1","239","No","","","","0","","","","0","Jul 21, 2026","Wed Jul 22 2026 15:01:04 GMT-0700","Aug 21, 2026","","","Wed Jul 22 2026 14:58:15 GMT-0700","2026","July 2026","","","","","0","0","0","0","0","28.68","0","28.68","Joey Reyes","Joey Reyes","","30","71.4","NaN","","","-","-","305 West Pima Street, Phoenix, AZ 85003","Phoenix","AZ","85003","No","AZ Service:MFH","","","","","Lowe's","Free","","Residential","Tier 1 - 8%","","","6747384","602-859-2293","brad@dunlap-sites.com","(602) 254-6663","asstmanager@marcosdeniza.org","Logen Uknavage","Cushman & Wakefield","","","","","Thu Apr 25 2024 17:54:12 GMT-0700","MFH,Commercial","Marcos De Niza c/o Dunlap & MaGee","Marcos De Niza c/o Dunlap & MaGee","Brad","","","","","","MFH - Plumbing","","Brad","","","","","Completed","Unit 516
Tub back up
POC Brad","Brodyn Janshen","MFH - Plumbing","Arrived on site located unit went inside and saw the tub full of water. I checked the cleanout outside to see if they were flowing and they were. I went back inside and I tried to run a journal auger in the overflow, but it was unsuccessful. I came and got my shop vac and I shot vac all the water out so I could see into the drain and once there was no more water I put the shop vac directly over the drain hole and covered the overflow plate to get as much pressure as possible and I pulled back a big clump of hair. The tub is now draining at this time.","","Default Workflow"
"77750","Invoiced","Invoiced","Parq on 5th","BH Management Services LLC","Unit 724 - Irrigation Backflow Replacement","#26931 - Backflow Repair","Backflow Repair","","988","988","988","316","672","68","0","988","438","550","No","","","","0","","","","0","Jul 21, 2026","","Aug 21, 2026","","","Wed Jul 22 2026 14:54:54 GMT-0700","2026","July 2026","","","","VendorCafe","0","0","0","0","250","66","250","66","Joey Reyes","Joey Reyes","","30","296.4","NaN","","","-","-","805 West Brown Street, Tempe, Arizona 85281","Tempe","Arizona","85281","No","AZ Service:MFH","","","","","Lowe's","Free","","Residential","Tier 1 - 8%","","","12967316","(480) 781-7035","raphael.demeo@livebh.com","","bree.macfarlane@livebh.com","Logen Uknavage","Referral","","","","","Tue Oct 28 2025 12:55:01 GMT-0700","BH Mgmt,MFH,Commercial","Parq on 5th","Parq on 5th","Raphiel","Demeo","","4770027","","","MFH - Plumbing","","Raphael","","","","","Completed","Irrigation Backflow
Raphael called in to have us out to replace/repair
POC Raphael","Brodyn Janshen","MFH - Plumbing","Arrival 9:08

Called POC who said I was at the wrong property, he said the correct property is park on 5th in Tempe. 805 W Brown St Tempe AZ 85281

Saw the irrigation backflow under 724 was leaking and Maintenance wanted it replaced. I called to make sure it was not a bid and it wasn’t. I turned the water off and I cut out and un sweated the copper coming to the vacuum breaker and then I cut a piece of the PVC off, put on a new vacuum breaker and sweated the correct copper to it and added on a new hose bib and then re-glued the irrigation side once together I leak tested, which was successful. Water is on in the vacuum breaker is working properly at this time.
Called the POC to let him know work was complete","","Default Workflow"
"77749","Paid","Paid","Daniel Stanfill III","","Daniel Stanfill III - Invoice - Faucet :Lowes Simple Installs","#26983 - Faucet :Lowes Simple Installs","Faucet :Lowes Simple Installs","","270","270","270","28","242","90","270","0","0","270","Yes","","","","0","","","","0","Jul 22, 2026","","Aug 21, 2026","","","Wed Jul 22 2026 14:54:51 GMT-0700","2026","July 2026","","","","Lowes","0","0","0","0","0","28","0","28","Ashley Reed","","","0","0","NaN","Thu Jul 23 2026 05:00:00 GMT-0700","Thu Jul 23 2026 05:00:00 GMT-0700","-","-","9889 S 182ND DR, GOODYEAR, AZ 85338","GOODYEAR","AZ","85338","No","Lowes:Simple Installs","","","","","","","","","","","","17508306","623-374-3300","detsci@cox.net","null","","","IMS","","","PLUMB - GENERAL (NO SOFTENERS)","PLUMB - GENERAL (NO SOFTENERS)","Wed Jul 15 2026 08:01:32 GMT-0700","","Daniel Stanfill III","","Daniel","Stanfill III","","413161826","","","Lowes - Simple Installs","","","","","","","Completed","Simple installs - 2- Moen Halle Spot Resist Brushed Nickel Widespread 2-handle WaterSense High-arc Commercial/Residential Handle Bathroom Sink Faucet with Drain/ onsite","Sean Marble","Lowes","Removed two existing widespread faucets install installed two new widespread faucets, including drain assemblies tested no leaks job complete one of the automatic pop-ups is having issues working consistently. If the customer keeps having this problem, they will have to contact Moen to have them. Send them a new drain plug. Otherwise they can contact Lowe’s.","Lowes,onsite","Default Workflow"
"77748","Sent","Sent","Agave Ridge Apartments","29th Street Communities","Agave Ridge Apartments - Estimate - Active Water Leak :Plumbing","#27121 - Active Water Leak :Plumbing","Active Water Leak :Plumbing","Agave Ridge Apartments - Estimate - Active Water Leak :Plumbing","687.94","687.94","687.94","198","489.94000000000005","71","0","687.94","287.94","400","No","","","","0","","","","0","Jul 22, 2026","","Aug 21, 2026","","","Wed Jul 22 2026 14:51:46 GMT-0700","2026","July 2026","","","","","0","0","0","0","150","48","150","48","Hunter Howell","Hunter Howell","","30","146.98","NaN","","","-","-","1609 West Glendale Avenue, Phoenix, Arizona 85021","Phoenix","Arizona","85021","No","","","","","","Lowe's","Free","","Residential","Tier 1 - 8%","","","13751174","602 688-1527","agaveridge@29scliving.com","","","Logen Uknavage","","","","","","Tue Dec 16 2025 14:50:31 GMT-0700","","Agave Ridge Apartments","Agave Ridge Apartments","","","","","","","MFH - Plumbing","","Nick","","","","","Completed","Boiler Room
Nick called in a water leak for the boiler room. Pipe is leaking
POC Nick
Stop at the office before starting.","Hunter Howell","MFH - Plumbing","Findings
Found an active leak in the boiler room caused by a failed section of piping.
Includes
Turned off the boilers and recirculation pumps.
Shut off the water supply.
Drained the system.
Cut out and replaced the failed section of pipe.
Restored the water supply and leak tested the repair.
Turned the boilers and recirculation pumps back on.
Verified proper operation.
Cleaned up the work area.
Excludes
Work beyond the listed scope.
Water damage.
Repairs to existing piping outside the repaired section.","","Default Workflow"
"77746","Paid","Paid","PATRICIA BUCHINO","","PATRICIA BUCHINO - Invoice - Faucet :Lowes Simple Installs","#26752 - Faucet :Lowes Simple Installs","Faucet :Lowes Simple Installs","","135","135","135","14","121","90","135","0","0","135","Yes","","","","0","","","","0","Jul 22, 2026","","Aug 21, 2026","","","Wed Jul 22 2026 14:44:21 GMT-0700","2026","July 2026","","","","Lowes","0","0","0","0","0","14","0","14","Ashley Reed","","","0","0","NaN","Thu Jul 23 2026 05:00:00 GMT-0700","Thu Jul 23 2026 05:00:00 GMT-0700","-","-","16801 S 175TH AVE, GOODYEAR, AZ 85338","GOODYEAR","AZ","85338","No","Lowes:Simple Installs","","","","","","","","","","","","17487476","708-363-2137","pbuchino58@gmail.com","null","","","IMS","","","PLUMB - GENERAL (NO SOFTENERS)","PLUMB - GENERAL (NO SOFTENERS)","Sun Jul 12 2026 08:00:45 GMT-0700","","PATRICIA BUCHINO","","PATRICIA","BUCHINO","","412986169","","","Lowes - Simple Installs","","","","","","","Completed","Simple installs -1- Delta Alpen SpotShield Stainless Steel Single Handle Deck-mount Pull-down Kitchen Faucet with Sprayer (Includes Deck Plate) (Includes Soap Dispenser)/ onsite/ VERY sweet older lady

Customer wants us to repair 3 bathroom faucets with kits they purchase. If it takes an hr $185 is what we're charging. Over an hr we will need to adjust the quote.","Sean Marble","Lowes","Removed existing faucet and replaced with new delta faucet tested no leaks job complete as soon as I arrive Customer told me they changed their mind about repairing their other faucets and are going another route","Lowes,onsite","Default Workflow"
"77745","Paid","Paid","Ken Hall.","","Ken Hall. - Invoice - Faucet :Lowes Simple Installs","#26832 - Faucet :Lowes Simple Installs","Faucet :Lowes Simple Installs","","135","135","135","14","121","90","135","0","0","135","Yes","","","","0","","","","0","Jul 22, 2026","","Aug 6, 2026","","","Wed Jul 22 2026 14:38:55 GMT-0700","2026","July 2026","","","","Lowes","0","0","0","0","0","14","0","14","Ashley Reed","","","0","0","NaN","Thu Jul 23 2026 05:00:00 GMT-0700","Thu Jul 23 2026 05:00:00 GMT-0700","-","-","12930 North 127th Drive, El Mirage, Arizona 85335","El Mirage","Arizona","85335","No","Lowes:Simple Installs","","","","","Lowe's","Free","","Residential","Tier 1 - 8%","","","17518760","(650) 720-0185","","(530) 921-8412","","","IMS","","","","","Wed Jul 15 2026 14:55:10 GMT-0700","Lowes - Simple Installs","Ken Hall.","","Ken","Hall.","","413157425","","","Lowes - Simple Installs","","","","","","","Completed","Simple installs -1- Pfister Masey Brushed Nickel 4-in centerset 2-handle WaterSense Mid-arc Residential Handle Bathroom Sink Faucet with Drain with Deck Plate/onsite","Sean Marble","Lowes","Removed existing faucet installed new faucet existing P-trap was made out of ABS not typical tubular did not have the parts to reseal and transition with the new parts. Customer said he would get those and do that on his own time. No leaks job complete.","Lowes,onsite","Default Workflow"
"77744","Paid","Paid","David Harbutte","","David Harbutte - Invoice - Toilet :Lowes Simple Installs","#27054 - Toilet :Lowes Simple Installs","Toilet :Lowes Simple Installs","","174","174","174","17","157","90","174","0","0","174","Yes","","","","0","","","","0","Jul 22, 2026","","Aug 21, 2026","","","Wed Jul 22 2026 14:36:15 GMT-0700","2026","July 2026","","","","Lowes","0","0","0","0","0","17","0","17","Ashley Reed","Erik Tange","","0","61","NaN","Thu Jul 23 2026 05:00:00 GMT-0700","Thu Jul 23 2026 05:00:00 GMT-0700","-","-","8613 S 51st St, Phoenix, AZ 85044","Phoenix","AZ","85044","No","Lowes:Simple Installs","","","","","","","","","","","","17590851","303-669-7824","dbharbutte@comcast.net","null","","","IMS","","","PLUMB - GENERAL (NO SOFTENERS)","PLUMB - GENERAL (NO SOFTENERS)","Tue Jul 21 2026 08:00:18 GMT-0700","","David Harbutte","","David","Harbutte","","413620064","","","Lowes - Simple Installs","","","","","","","Completed","Simple installs -1- KOHLER Elliston White Elongated Chair height 12-in Rough-In WaterSense 1.28 GPF Soft Close 2-piece Toilet/ pick up from lowe's/ 

7100 WEST RAY ROAD,
Chandler, AZ 85226
Store: #674
Phone: (480) 753-0103

Delivery fee: PR32454407","Erik Tange","Lowes","Exsisting angle stop is 1/4 turn and works as it should. Disconnected supply line, removed old toilet, cleaned area under old toilet, exsisting toilet flange is below floor level, but otherwise in good working condition. I suggested to customer they should purchase an extra thick wax ring to account for difference in floor level. Customer agreed to quote and invoice. 
Installed new toilet bolts, **installed new extra thick wax ring,** installed new toilet bowl, installed new toilet tank. Reconnected supply line, checked for leaks, no leaks. Installed new included toiket seat. Toilet flushes and functions as necessary. Sealed to floor with white silicone caulking.","Lowes,Pick up from Lowes","Default Workflow"
"77743","Paid","Paid","Harry Margulies","","Harry Margulies - Invoice - Faucet :Lowes Simple Installs","#26873 - Faucet :Lowes Simple Installs","Faucet :Lowes Simple Installs","","135","135","135","14","121","90","135","0","0","135","Yes","","","","0","","","","0","Jul 22, 2026","","Aug 6, 2026","","","Wed Jul 22 2026 14:33:00 GMT-0700","2026","July 2026","","","","Lowes","0","0","0","0","0","14","0","14","Ashley Reed","Erik Tange","","0","47","NaN","Thu Jul 23 2026 05:00:00 GMT-0700","Thu Jul 23 2026 05:00:00 GMT-0700","-","-","8923 East Surrey Avenue, Scottsdale, Arizona 85260","Scottsdale","Arizona","85260","No","Lowes:Simple Installs","","","","","Lowe's","Free","","Residential","Tier 1 - 8%","","","17525285","(602) 391-8779","marghar33@gmail.com","","","","IMS","","","","","Thu Jul 16 2026 11:50:46 GMT-0700","Lowes - Simple Installs","Harry Margulies","","Harry","Margulies","","413123222","","","Lowes - Simple Installs","","","","","","","Completed","Simple installs -1- Moen Medina Spot Resist Stainless Single Handle Deck-mount Pull-out Kitchen Faucet with Sprayer (Includes Deck Plate)/onsite","Erik Tange","Lowes","Exsisting angle stops are gate valves and show heavy signs of corrosion. I suggested to customer they should have them replaced, customer agreed to quote and invoice.
Turned water off to house, disconnected faucet supply lines and dishwasher supply line. Disconnected p-trap and under sink drain plumbing, also disconnected disposal to make room to work on angle stops.
Removed old single handle kitchen faucet, cleaned countertop area under old faucet. Removed old angle stops. Cut 1/4"" off ends of copper pipe, **installed new dual outlet angle stop on hot side, and new single outlet angle stop on cold side.** 
Turned water on to house, checked angle stops for leaks, no leaks. 
Installed new single handle kitchen faucet, connected supply lines, checked for leaks, no leaks. 
Reconnected disposal, under sink drain plumbing and p-trap. Checked for leaks, no leaks. Faucet, disposal and drain all function as necessary.","Lowes,onsite","Default Workflow"
"77742","Paid","Paid","Katherine Davidson","","Katherine Davidson - Invoice - Toilet :Lowes Simple Installs","#26928 - Toilet :Lowes Simple Installs","Toilet :Lowes Simple Installs","","209","209","209","21","188","90","209","0","0","209","Yes","","","","0","","","","0","Jul 22, 2026","","Aug 21, 2026","","","Wed Jul 22 2026 14:30:52 GMT-0700","2026","July 2026","","","","Lowes","0","0","0","0","0","21","0","21","Ashley Reed","Erik Tange","Multiple commissions applied (view Commission Report to see specific type breakdown)","Multiple commissions applied (view Commission Report to see specific % breakdown)","73","NaN","Thu Jul 23 2026 05:00:00 GMT-0700","Thu Jul 23 2026 05:00:00 GMT-0700","-","-","245 W TOPEKA DR, PHOENIX, AZ 85027","PHOENIX","AZ","85027","No","Lowes:Simple Installs","","","","","","","","","","","","17521665","480-861-1578","katherinedavidson90@gmail.com","null","","","IMS","","","PLUMB - ONLINE ONLY","PLUMB - ONLINE ONLY","Thu Jul 16 2026 08:02:10 GMT-0700","","Katherine Davidson","","Katherine","Davidson","","413051936","","","Lowes - Simple Installs","","","","","","","Completed","Simple installs -1- Los Flexi HE19 White 19 inch Elongated Tall height 12-in Rough-In 1.28 or 1.0 GPF (4.85 LPF or 3.79 LPF) Dual Flush Soft Close 1-piece Toilet/ pick up from lowe's/ Call Eric when you are on your way 480-703-4890

2501 W. HAPPY VALLEY RD, BDG 40,
Phoenix, AZ 85085
Store: #2557
Phone: (623) 445-9840","Erik Tange","Lowes","Exsisting angle stop is 1/4 turn and works as it should.
Disconnected supply line, removed old toilet, cleaned area under old toilet. Exsisting toilet flange is in good working condition. Installed new included wax ring, installed new 1 piece toilet. Connected supply line, checked for leaks, no leaks. Toilet flushes and functions as necessary. Sealed to floor with white silicone caulking.","Lowes,Pick up from Lowes","Default Workflow"
"77741","Paid","Paid","NAZAR NERCESSIAN","","NAZAR NERCESSIAN - Invoice - Garbage Disposal :Lowes Simple Installs","#27020 - Garbage Disposal :Lowes Simple Installs","Garbage Disposal :Lowes Simple Installs","","127","127","127","13","114","90","127","0","0","127","Yes","","","","0","","","","0","Jul 22, 2026","","Aug 21, 2026","","","Wed Jul 22 2026 14:28:03 GMT-0700","2026","July 2026","","","","Lowes","0","0","0","0","0","13","0","13","Ashley Reed","Bryan Pickett","","0","44","NaN","Thu Jul 23 2026 05:00:00 GMT-0700","Thu Jul 23 2026 05:00:00 GMT-0700","-","-","603 W Kilarea Ave, Mesa, AZ 85210","Mesa","AZ","85210","No","Lowes:Simple Installs","","","","","","","","","","","","17582834","661-810-3644","foex91@alumni.usc.edu","null","","","IMS","","","PLUMB - GENERAL (NO SOFTENERS)","PLUMB - GENERAL (NO SOFTENERS)","Mon Jul 20 2026 08:00:58 GMT-0700","","NAZAR NERCESSIAN","","NAZAR","NERCESSIAN","","413518743","","","Lowes - Simple Installs","","","","","","","Completed","Simple installs -1- InSinkErator Evolution 45ss Advanced Series Continuous feed 3/4-HP Septic Safe Non-corded Garbage Disposal with Noise Insulation/ onsite/ he has a new power cord","Bryan Pickett","Lowes","Removed dishwasher supply line, removed existing plumbing, and uninstalled old disposal. Installed new garbage disposal and reconnected existing plumbing. Reconnected dishwasher line and tested by filling sink with water and draining with disposal running while checking for drips and leaks. No visible water, customer tested and customer satisfied

Customer interested in having a recirculation pump added to his hot water heater. Added photos of pump unit as well as hot water heater for reference.","Lowes,onsite","Default Workflow"
"77740","Paid","Paid","Jeremy Helm","","Jeremy Helm - Invoice - Toilet :Lowes Simple Installs","#27017 - Toilet :Lowes Simple Installs","Toilet :Lowes Simple Installs","","174","174","174","17","157","90","174","0","0","174","Yes","","","","0","","","","0","Jul 22, 2026","","Aug 21, 2026","","","Wed Jul 22 2026 14:25:38 GMT-0700","2026","July 2026","","","","Lowes","0","0","0","0","0","17","0","17","Ashley Reed","Bryan Pickett","","0","61","NaN","Thu Jul 23 2026 05:00:00 GMT-0700","Thu Jul 23 2026 05:00:00 GMT-0700","-","-","2397 E SEquoia Dr, Chandler, AZ 85286","Chandler","AZ","85286","No","Lowes:Simple Installs","","","","","","","","","","","","17559467","480-540-4382","jhelm34@aol.com","null","","","IMS","","","PLUMB - GENERAL (NO SOFTENERS)","PLUMB - GENERAL (NO SOFTENERS)","Sat Jul 18 2026 08:00:35 GMT-0700","","Jeremy Helm","","Jeremy","Helm","","413442515","","","Lowes - Simple Installs","","","","","","","Completed","Simple installs -1- KOHLER Elliston White Elongated Chair height 12-in Rough-In WaterSense 1.28 GPF Soft Close 2-piece Toilet/ pick up from lowe's/ no cats/ 

4300 S. ARIZONA AVENUE,
Chandler, AZ 85248
Store: #2582
Phone: (480) 883-2200

Delivery Fee: PR32438605","Bryan Pickett","Lowes","Disconnected water supply line, removed old toilet and old wax ring. Installed new waxring and new toilet. Reconnected water supply line and tested by filling tank and flushing through bowl several times while checking for leaks and moisture. No visible water, customer tested and customer satisfied.

Pickup/Delivery charge 
Toilet Install","Lowes,Pick up from Lowes","Default Workflow"
"77739","Paid","Paid","David Harbutte","","David Harbutte - Invoice - Toilet :Lowes Simple Installs","#27054 - Toilet :Lowes Simple Installs","Toilet :Lowes Simple Installs","","14","14","14","4","10","71","14","0","14","0","Yes","","","","0","","","","0","Jul 22, 2026","","Aug 21, 2026","","","Wed Jul 22 2026 14:21:42 GMT-0700","2026","July 2026","","","","Lowes,Add On","0","0","0","0","4","0","4","0","Ashley Reed","Erik Tange","","0","3","NaN","Wed Jul 22 2026 05:00:00 GMT-0700","Wed Jul 22 2026 05:00:00 GMT-0700","-","-","8613 S 51st St, Phoenix, AZ 85044","Phoenix","AZ","85044","No","Lowes:Simple Installs","","","","","","","","","","","","17590851","303-669-7824","dbharbutte@comcast.net","null","","","IMS","","","PLUMB - GENERAL (NO SOFTENERS)","PLUMB - GENERAL (NO SOFTENERS)","Tue Jul 21 2026 08:00:18 GMT-0700","","David Harbutte","","David","Harbutte","","413620064","","","Lowes - Simple Installs","","","","","","","Completed","Simple installs -1- KOHLER Elliston White Elongated Chair height 12-in Rough-In WaterSense 1.28 GPF Soft Close 2-piece Toilet/ pick up from lowe's/ 

7100 WEST RAY ROAD,
Chandler, AZ 85226
Store: #674
Phone: (480) 753-0103

Delivery fee: PR32454407","Erik Tange","Lowes","Exsisting angle stop is 1/4 turn and works as it should. Disconnected supply line, removed old toilet, cleaned area under old toilet, exsisting toilet flange is below floor level, but otherwise in good working condition. I suggested to customer they should purchase an extra thick wax ring to account for difference in floor level. Customer agreed to quote and invoice. 
Installed new toilet bolts, **installed new extra thick wax ring,** installed new toilet bowl, installed new toilet tank. Reconnected supply line, checked for leaks, no leaks. Installed new included toiket seat. Toilet flushes and functions as necessary. Sealed to floor with white silicone caulking.","Lowes,Pick up from Lowes","Default Workflow"
"77738","Paid","Paid","TODD GETNER","","TODD GETNER - Invoice - Toilet :Lowes Simple Installs","#26875 - Toilet :Lowes Simple Installs","Toilet :Lowes Simple Installs","","174","174","174","17","157","90","174","0","0","174","Yes","","","","0","","","","0","Jul 22, 2026","","Aug 21, 2026","","","Wed Jul 22 2026 14:19:51 GMT-0700","2026","July 2026","","","","Lowes","0","0","0","0","0","17","0","17","Ashley Reed","Bryan Pickett","","0","61","NaN","Thu Jul 23 2026 05:00:00 GMT-0700","Thu Jul 23 2026 05:00:00 GMT-0700","-","-","6102 W Dublin Ln, Chandler, AZ 85226","Chandler","AZ","85226","No","Lowes:Simple Installs","","","","","","","","","","","","17508424","602-321-7400","tgetner@gmail.com","null","","","IMS","","","PLUMB - GENERAL (NO SOFTENERS)","PLUMB - GENERAL (NO SOFTENERS)","Wed Jul 15 2026 08:06:05 GMT-0700","","TODD GETNER","","TODD","GETNER","","412926159","","","Lowes - Simple Installs","","","","","","","Completed","Simple installs -1- TOTO Drake Cotton Elongated Chair height 12-in Rough-In 1.6 GPF Soft Close 2-piece Toilet/ toilet was delivered to the customer and he checked it the best he could, said there were no issues that he saw. I let him know that if we do find a crack or break, we could return it to the store to help 

7100 WEST RAY ROAD,
Chandler, AZ 85226","Bryan Pickett","Lowes","Disconnected water supply line, removed old toilet and old wax ring. Installed new waxring and new toilet. Reconnected water supply line and tested by filling tank and flushing through bowl several times while checking for leaks and moisture. No visible water, customer tested and customer satisfied.

Toilet Install","Lowes,onsite","Default Workflow"
"77737","Paid","Paid","Debra Zimmerman","","Debra Zimmerman - Invoice - Toilet :Lowes Simple Installs","#26933 - Toilet :Lowes Simple Installs","Toilet :Lowes Simple Installs","","174","174","174","17","157","90","174","0","0","174","Yes","","","","0","","","","0","Jul 22, 2026","","Aug 21, 2026","","","Wed Jul 22 2026 14:17:21 GMT-0700","2026","July 2026","","","","Lowes","0","0","0","0","0","17","0","17","Ashley Reed","Bryan Pickett","","0","61","NaN","Thu Jul 23 2026 05:00:00 GMT-0700","Thu Jul 23 2026 05:00:00 GMT-0700","-","-","1265 N Racine Ct, Gilbert, AZ 85234","Gilbert","AZ","85234","No","Lowes:Simple Installs","","","","","","","","","","","","17465584","480-326-2414","debrashawnz@gmail.com","null","","","IMS","","","PLUMB - GENERAL (NO SOFTENERS)","PLUMB - GENERAL (NO SOFTENERS)","Fri Jul 10 2026 08:02:40 GMT-0700","","Debra Zimmerman","","Debra","Zimmerman","","412639187","","","Lowes - Simple Installs","","","","","","","Completed","Simple installs-1- New unbroken toilet has been delivered to customers home. also need to look at the other toilet that we installed, customer stated it is leaking from the base and started leaking the day after the install Please call Steve 480-326-2343 when you are on your way","Bryan Pickett","Lowes","Disconnected water supply line, removed old toilet and old wax ring. Installed new waxring and new toilet. Reconnected water supply line and tested by filling tank and flushing through bowl several times while checking for leaks and moisture. No visible water, customer tested and customer satisfied.
 
Toilet Install

I was unable to create the leak in the guest bathroom. Seems like a case of the toilet settling.","Lowes,onsite","Default Workflow"
"77734","Paid","Paid","Richard Withrow","","Richard Withrow - Invoice - Faucet :Lowes Simple Installs","#26927 - Faucet :Lowes Simple Installs","Faucet :Lowes Simple Installs","","140","140","140","14.6","125.4","90","140","0","0","140","Yes","","","","0","","","","0","Jul 22, 2026","","Aug 21, 2026","","","Wed Jul 22 2026 14:01:16 GMT-0700","2026","July 2026","","","","Add On,Lowes","0","0","0","0","0","14.6","0","14.6","Ashley Reed","Presidio Plumbing Eric (Contractor)","","0","140","NaN","Thu Jul 23 2026 05:00:00 GMT-0700","Thu Jul 23 2026 05:00:00 GMT-0700","-","-","13702 E Via Valderrama, Vail, AZ 85641","Vail","AZ","85641","No","Lowes:Simple Installs","","","","","Lowe's","Free","","Residential","Tier 1 - 8%","","","17499984","916-806-1725","conlyblu@citlink.net","","","","IMS","","","PLUMB - GENERAL (NO SOFTENERS)","PLUMB - GENERAL (NO SOFTENERS)","Tue Jul 14 2026 08:01:11 GMT-0700","Lowes - Simple Installs","Richard Withrow","","Richard","Withrow","","413086153","","","Lowes - Simple Installs","","","","","","","Completed","x1
Delta Lorain Chrome Double Handle Deck-mount Kitchen Faucet (Includes Side Sprayer)/
on site","Presidio Plumbing Eric (Contractor)","Lowes","","Lowes,onsite","Default Workflow"
"77733","Paid","Paid","LINDA POLISEO","","LINDA POLISEO - Invoice - Toilet :Lowes Simple Installs","#26920 - Toilet :Lowes Simple Installs","Toilet :Lowes Simple Installs","","50","50","50","5","45","90","50","0","0","50","Yes","","","","0","","","","0","Jul 22, 2026","","Aug 21, 2026","","","Wed Jul 22 2026 13:21:19 GMT-0700","2026","July 2026","","","","Add On","0","0","0","0","0","5","0","5","Brenton Heward","","","0","0","NaN","Thu Jul 23 2026 05:00:00 GMT-0700","Thu Jul 23 2026 05:00:00 GMT-0700","-","-","6176 W Koch Pl, Tucson, AZ 85743","Tucson","AZ","85743","No","Lowes:Simple Installs","","","","","","","","","","","","17521617","732-232-0888","lindapoliseo@gmail.com","null","","","IMS","","","PLUMB - GENERAL (NO SOFTENERS)","PLUMB - GENERAL (NO SOFTENERS)","Thu Jul 16 2026 08:00:53 GMT-0700","","LINDA POLISEO","","LINDA","POLISEO","","413166445","","","Lowes - Simple Installs","","","","","","","Completed","Simple installs -1- American Standard Edgemere White Elongated Chair height 10-in Rough-In WaterSense 1.28 GPF Soft Close 2-piece Toilet/ onsite

Delivery Fee: PR32426930
Trip charge: PR32457167","Mathew Hodges","Lowes","7/28:
Came out to customers house thought it was on site took toilet out of box and put the toilet together. Put the new wax ring down Volks there from when I came out the first time set the toilet turned water back on to test for no leaks. There’s no leaks at this time. Customer is satisfied with the work and cocked in the toilet.





7/22: Came out to customers house to install toilet, started removing the old toilet with wax string and oats found out that the toilet flange ring was broken. Told the homeowner and called dispatch to let them know that to send them an estimate to replace the ring from the toilet flange collected payment of that then I tried to set the new toilet and did not fit the toilet that they have is a 12 on center they needed a 10 inch on center. I put the new toilet back in the box and going to Lowe’s to return it. Job has to be rescheduled for another day.","Lowes,onsite","Default Workflow"
"77732","Paid","Paid","Tamala  Allen","","Tamala  Allen - Estimate - Pool Equipment Repair","#26024 - Pool Equipment Repair","Pool Equipment Repair","Tamala  Allen - Estimate - Pool Equipment Repair","947","947","947","557.49","389.51","41","947","0","862","85","Yes","","","","0","","","","0","Jul 22, 2026","Thu Jul 23 2026 10:38:20 GMT-0700","Aug 21, 2026","Wed Jul 22 2026 13:19:48 GMT-0700","Wed Jul 22 2026 11:52:01 GMT-0700","Wed Jul 22 2026 13:19:48 GMT-0700","2026","July 2026","","","","","0","0","0","0","547.29","10.2","547.29","10.2","Ian Campbell","Ian Campbell","","5","19.47","NaN","Wed Jul 22 2026 05:00:00 GMT-0700","Wed Jul 22 2026 05:00:00 GMT-0700","-","-","35689 North Loemann Drive, San Tan Valley, Arizona 85143","San Tan Valley","Arizona","85143","No","AZ Service:Pools","","","","","Lowe's","Free","","Residential","Tier 1 - 8%","","","12213151","(515) 809-8845","tsallen2018@yahoo.com","+1","","Josh Harris","Google Search","1st Attempt","","","","Mon Sep 08 2025 15:01:12 GMT-0700","Pool Cleaning","Tamala  Allen","","Tamala","Allen","","","","","Pool Repair","","Tamala  Allen","","","","","Completed","Pool cleaner notes: Filters psi guage has lost its seal, it regains control after about 30 seconds, but will need replacing soon I reckon🙏👍","Ian Campbell","Pools","Estimate sent for new Pentair air relief assembly","Resi","Default Workflow"
"77731","Paid","Paid","Renee Manzo","","Renee Manzo - Estimate","#27084 - Water Heater Install :Lowes Water Heaters","Water Heater Install :Lowes Water Heaters","Renee Manzo - Estimate","1615","1615","1615","958","657","41","1615","0","936","679","Yes","","","","0","","","","0","Jul 22, 2026","","Aug 6, 2026","Wed Jul 22 2026 12:59:50 GMT-0700","Wed Jul 22 2026 08:54:41 GMT-0700","Wed Jul 22 2026 12:59:50 GMT-0700","2026","July 2026","7/22

Arrived on site to install a new 50 gallon gas water heater. Drained and removed the old tank. Replaced both supply lines and the ball valve. 

Placed a pan and the new tank in place. Connected water lines and filled the heater. Ran new t&p. Put on a sediment trap. 

Turned on the burner. Checked for leaks. 

There was a big water hammer going on when the plumbing reached pressure. Resi team came out to investigate further","","","Lowes","0","0","0","0","688","270","688","270","Travis Germain","Travis Germain","","2.35","37.95","NaN","Tue Jul 28 2026 05:00:00 GMT-0700","Tue Jul 28 2026 05:00:00 GMT-0700","-","-","11242. E Escondivo, Mesa, AZ 85208","Mesa","AZ","85208","No","Lowes","","","41434114","","Lowe's","Free","","Residential","Tier 1 - 8%","","","17608043","(480) 231-7088","cavaliergirl8@yahoo.com","","","Travis Germain","IME","1st Attempt","","ESTIMATE_APPOINTMENT | APPOINTMENT_SET","ESTIMATE_APPOINTMENT | APPOINTMENT_SET","Wed Jul 22 2026 08:37:50 GMT-0700","","Renee Manzo","","Renee","Manzo","","41434114","Garage","","Lowes - Water Heaters","","","","","","","Completed","WH962540
8-12noon

Order #


Model Number #


Lowes Store Address:


Notes and Details (Addon bundles, other details):","Tanner LaForge","Lowes","7/22

Arrived on site to install a new 50 gallon gas water heater. Drained and removed the old tank. Replaced both supply lines and the ball valve. 

Placed a pan and the new tank in place. Connected water lines and filled the heater. Ran new t&p. Put on a sediment trap. 

Turned on the burner. Checked for leaks. 

There was a big water hammer going on when the plumbing reached pressure. Resi team came out to investigate further","In Warehouse,Lowes","Default Workflow"
"77730","Paid","Paid","Phiet Nguyen","","Phiet Nguyen - Estimate","#27080 - Water Heater Install :Lowes Water Heaters","Water Heater Install :Lowes Water Heaters","Phiet Nguyen - Estimate","1933.75","1933.75","1933.75","1096","837.75","43","1933.75","0","1100","833.75","Yes","","","","0","","","","0","Jul 22, 2026","","Aug 21, 2026","Wed Jul 22 2026 12:58:26 GMT-0700","Wed Jul 22 2026 08:20:38 GMT-0700","Wed Jul 22 2026 12:58:26 GMT-0700","2026","July 2026","Provides peace of mind with a 12-year limited tank and parts guarantee and a 3-year limited labor warranty
Scope of Work Performed**

* Removed two existing supply lines
* Removed one existing shut off valve 
* Disconnected the ventilation and gas line
* Cut the T&P line
* Drained water heater and removed unit from the house

**Installation & Reconnection**

* Installed two new water supply lines
* Installed one new shut off valve 
* Installed 24-inch drain pan
* Re-ran T&P discharge line into the wall outlet
* Connected ventilation and gas line
* Filled water heater

**Testing & Closeout**

* Checked system for proper operation
* Registered the new water heater
* All documentation signed and payment collected","","","Lowes","0","0","0","0","826","270","826","270","Gina Neisius","Gina Neisius","","30","580.12","NaN","Tue Jul 28 2026 05:00:00 GMT-0700","Tue Jul 28 2026 05:00:00 GMT-0700","-","-","2384 W Weatherby way, Chandler, AZ 85286","Chandler","AZ","85286","No","Lowes","","","41431420","","Lowe's","Free","","Residential","Tier 1 - 8%","","","17601115","(480) 643-0545","phietn84@gmail.com","","","Gina Neisius","IME","New Prospect","","ESTIMATE_APPOINTMENT | APPOINTMENT_SET","ESTIMATE_APPOINTMENT | APPOINTMENT_SET","Tue Jul 21 2026 14:55:42 GMT-0700","","Phiet Nguyen","","Phiet","Nguyen","","41431420","garage","","Lowes - Water Heaters","","","","","","","Completed","#962544
8-12pm
Order #


Model Number #


Lowes Store Address:


Notes and Details (Addon bundles, other details):","Matt Schlosser","Lowes","Scope of Work Performed**

* Removed two existing supply lines
* Removed one existing shut off valve 
* Disconnected the ventilation and gas line
* Cut the T&P line
* Drained water heater and removed unit from the house

**Installation & Reconnection**

* Installed two new water supply lines
* Installed one new shut off valve 
* Installed 24-inch drain pan
* Re-ran T&P discharge line into the wall outlet
* Connected ventilation and gas line
* Filled water heater

**Testing & Closeout**

* Checked system for proper operation
* Registered the new water heater
* All documentation signed and payment collected","In Warehouse,Lowes","Default Workflow"
"77728","Sent","Sent","Marcos De Niza c/o Dunlap & MaGee","","Unit 747 - Bathroom Sink Drain Clearing","#27010 - Clogged Drain :Plumbing","Clogged Drain :Plumbing","","238","238","238","28.68","209.32","88","0","238","-1","239","No","","","","0","","","","0","Jul 20, 2026","Wed Jul 22 2026 12:09:31 GMT-0700","Aug 19, 2026","","","Wed Jul 22 2026 12:08:48 GMT-0700","2026","July 2026","","","","","0","0","0","0","0","28.68","0","28.68","Joey Reyes","Joey Reyes","","30","71.4","NaN","","","-","-","305 West Pima Street, Phoenix, AZ 85003","Phoenix","AZ","85003","No","AZ Service:MFH","","","","","Lowe's","Free","","Residential","Tier 1 - 8%","","","6747384","602-859-2293","brad@dunlap-sites.com","(602) 254-6663","asstmanager@marcosdeniza.org","Logen Uknavage","Cushman & Wakefield","","","","","Thu Apr 25 2024 17:54:12 GMT-0700","MFH,Commercial","Marcos De Niza c/o Dunlap & MaGee","Marcos De Niza c/o Dunlap & MaGee","Brad","","","","","","MFH - Plumbing","","Brad","","","","","Completed","Unit 747
Tub back up
POC Brad","Brodyn Janshen","MFH - Plumbing","Arrived on site called Brad the POC to let him know I was here and about to start the work once I found the unit I went inside and ran water in the tub which was draining. I ran water in the sink in the bathroom and it was draining slow and then plugged up. I removed the p trap and drained the water in the line and put my cable down and at about 15 to 20 feet I felt a blockage but was able to push through, when I pulled it back there was some hair on it. I put the p trap back together and ran water for about 15 min to ensure it was draining properly and it was, I then cleaned my mess and let Brad know the work was finished and that the sink is draining properly at this time.","","Default Workflow"
"77727","Paid","Paid","Edwardd Peru","","Edwardd Peru - Estimate - Septic Tank Pumping :Plumbing","#27071 - Septic Tank Pumping :Plumbing","Septic Tank Pumping :Plumbing","Edwardd Peru - Estimate - Septic Tank Pumping :Plumbing","592.25","592.25","592.25","195","397.25","67","592.25","0","0","592.25","Yes","","","","0","","","","0","Jul 22, 2026","Wed Jul 22 2026 16:16:08 GMT-0700","Aug 21, 2026","","","Wed Jul 22 2026 12:07:09 GMT-0700","2026","July 2026","","","","","0","0","0","0","0","195","0","195","Jaxon Bryant","Jaxon Bryant","","0","0","NaN","Wed Jul 22 2026 05:00:00 GMT-0700","Wed Jul 22 2026 05:00:00 GMT-0700","-","-","5057 East Court Street, Solomon, Arizona 85551","Solomon","Arizona","85551","No","AZ Service:Gila Valley","","","","","","","","","","","","9392337","(928) 322-4777","bigedperu@yahoo.com","","","","","","","","","Mon Feb 17 2025 12:57:19 GMT-0700","","Edwardd Peru","","Edwardd","Peru","","","","","Gila Valley - Septic","","Edwardd Peru","","","","","Completed","Reason for call? Septic pumping , locate lid, uncover

Who will be present to meet the technician? Marcos Peru (son)

Are any drains currently backing up? yes, toilet and washer

How many years since its been pumped? (If unknown, quote customer a ""5-15 year hard pump"" up-charge. $125) 2020

Do you know where the lid is located?  (If unknown, quote customer $150/per hour up-charge.) No

Is it uncovered? If not, are the lids able to be accessed with a tractor? (If needing to be dug up, quote customer $150 up-charge.) no, we need to uncover

Is there anything else you would like technician to look at while they are there? No

How did you hear about NexLvl Services? Existing

Quoted $425 , hard pump $675, Uncover lid $150, locate lid $125 per hour

CC on file","Jaxon Bryant","Gila Valley","","Resi,Gila Valley,Tractor Needed","Default Workflow"
"77724","Paid","Paid","Harry Margulies","","Harry Margulies - Estimate - Faucet :Lowes Simple Installs","#26873 - Faucet :Lowes Simple Installs","Faucet :Lowes Simple Installs","Harry Margulies - Estimate - Faucet :Lowes Simple Installs","245","245","245","56.2","188.8","77","245","0","60","185","Yes","","","","0","","","","0","Jul 22, 2026","","Aug 21, 2026","Wed Jul 22 2026 12:04:07 GMT-0700","Wed Jul 22 2026 10:25:14 GMT-0700","Wed Jul 22 2026 12:04:07 GMT-0700","2026","July 2026","","","","Add On,Lowes","0","0","0","0","34","22.2","34","22.2","Ashley Reed","Erik Tange","","0","50","NaN","Wed Jul 22 2026 05:00:00 GMT-0700","Wed Jul 22 2026 05:00:00 GMT-0700","-","-","8923 East Surrey Avenue, Scottsdale, Arizona 85260","Scottsdale","Arizona","85260","No","Lowes:Simple Installs","","","","","Lowe's","Free","","Residential","Tier 1 - 8%","","","17525285","(602) 391-8779","marghar33@gmail.com","","","","IMS","","","","","Thu Jul 16 2026 11:50:46 GMT-0700","Lowes - Simple Installs","Harry Margulies","","Harry","Margulies","","413123222","","","Lowes - Simple Installs","","","","","","","Completed","Simple installs -1- Moen Medina Spot Resist Stainless Single Handle Deck-mount Pull-out Kitchen Faucet with Sprayer (Includes Deck Plate)/onsite","Erik Tange","Lowes","Exsisting angle stops are gate valves and show heavy signs of corrosion. I suggested to customer they should have them replaced, customer agreed to quote and invoice.
Turned water off to house, disconnected faucet supply lines and dishwasher supply line. Disconnected p-trap and under sink drain plumbing, also disconnected disposal to make room to work on angle stops.
Removed old single handle kitchen faucet, cleaned countertop area under old faucet. Removed old angle stops. Cut 1/4"" off ends of copper pipe, **installed new dual outlet angle stop on hot side, and new single outlet angle stop on cold side.** 
Turned water on to house, checked angle stops for leaks, no leaks. 
Installed new single handle kitchen faucet, connected supply lines, checked for leaks, no leaks. 
Reconnected disposal, under sink drain plumbing and p-trap. Checked for leaks, no leaks. Faucet, disposal and drain all function as necessary.","Lowes,onsite","Default Workflow"
"77723","Paid","Paid","LINDA POLISEO","","LINDA POLISEO - Estimate - Toilet :Lowes Simple Installs","#26920 - Toilet :Lowes Simple Installs","Toilet :Lowes Simple Installs","LINDA POLISEO - Estimate - Toilet :Lowes Simple Installs","142.5","142.5","142.5","26.1","116.4","82","142.5","0","50","92.5","Yes","","","","0","","","","0","Jul 22, 2026","Wed Jul 22 2026 13:17:35 GMT-0700","Aug 21, 2026","","Wed Jul 22 2026 13:02:22 GMT-0700","Wed Jul 22 2026 12:03:26 GMT-0700","2026","July 2026","","","","Add On,Lowes","0","0","0","0","15","11.1","15","11.1","Ashley Reed","","","0","0","NaN","Wed Jul 22 2026 05:00:00 GMT-0700","Wed Jul 22 2026 05:00:00 GMT-0700","-","-","6176 W Koch Pl, Tucson, AZ 85743","Tucson","AZ","85743","No","Lowes:Simple Installs","","","","","","","","","","","","17521617","732-232-0888","lindapoliseo@gmail.com","null","","","IMS","","","PLUMB - GENERAL (NO SOFTENERS)","PLUMB - GENERAL (NO SOFTENERS)","Thu Jul 16 2026 08:00:53 GMT-0700","","LINDA POLISEO","","LINDA","POLISEO","","413166445","","","Lowes - Simple Installs","","","","","","","Completed","Simple installs -1- American Standard Edgemere White Elongated Chair height 10-in Rough-In WaterSense 1.28 GPF Soft Close 2-piece Toilet/ onsite

Delivery Fee: PR32426930
Trip charge: PR32457167","Mathew Hodges","Lowes","7/28:
Came out to customers house thought it was on site took toilet out of box and put the toilet together. Put the new wax ring down Volks there from when I came out the first time set the toilet turned water back on to test for no leaks. There’s no leaks at this time. Customer is satisfied with the work and cocked in the toilet.





7/22: Came out to customers house to install toilet, started removing the old toilet with wax string and oats found out that the toilet flange ring was broken. Told the homeowner and called dispatch to let them know that to send them an estimate to replace the ring from the toilet flange collected payment of that then I tried to set the new toilet and did not fit the toilet that they have is a 12 on center they needed a 10 inch on center. I put the new toilet back in the box and going to Lowe’s to return it. Job has to be rescheduled for another day.","Lowes,onsite","Default Workflow"
"77721","Paid","Paid","Ethan Christopher","","Ethan Christopher - Invoice - clogged drain","#26718 - clogged drain","clogged drain","","275","275","275","35.6","239.4","87","275","0","0","275","Yes","","","","0","","","","0","Jul 22, 2026","Wed Jul 22 2026 13:44:08 GMT-0700","Aug 21, 2026","","","Wed Jul 22 2026 11:51:18 GMT-0700","2026","July 2026","","","","","0","0","0","0","0","35.6","0","35.6","Ian Gauvin","Ian Gauvin","","31","74.21","NaN","Wed Jul 22 2026 05:00:00 GMT-0700","Wed Jul 22 2026 05:00:00 GMT-0700","-","-","2932 North 14th Street, Phoenix, Arizona 85014","Phoenix","Arizona","85014","No","","","","","","Lowe's","Free","","Residential","Tier 1 - 8%","","","6724786","(623) 979-9433","yrosales@ethanchristopher.com","","","Kris Driggs","","","","Do not talk to anyone but Yvette
Here is her cell6024137942","","Tue Apr 23 2024 16:10:58 GMT-0700","VIP","Ethan Christopher","Ethan Christopher","Yvette","Rosales","","","","","PHX - Plumbing","","Yvette","","","","","Completed","Yvette called in about this property needing service due to a clogged drain. The tenant is responsible for the billing and we need to make sure that we do not talk with the tenant about what's going on till after we speak with Yvette. We will need to move this job and invoice to the new customer, but after the work has been completed.","Ian Gauvin","PHX - Plumbing","","","Default Workflow"
"77719","Sent","Sent","Heritage district","AIR Communities","1223 - Full HVAC System Replacement","#26979 - No Cool :HVAC","No Cool :HVAC","Heritage district - Estimate - No Cool :HVAC","3856.47","3856.47","3856.47","2583.84","1272.6299999999997","33","0","3856.47","3110.21","746.26","No","","","","0","","","","0","Jul 21, 2026","Wed Jul 22 2026 11:57:27 GMT-0700","Aug 20, 2026","Wed Jul 22 2026 11:50:36 GMT-0700","Tue Jul 21 2026 09:04:05 GMT-0700","Wed Jul 22 2026 11:50:36 GMT-0700","2026","July 2026","","","","","0","0","0","0","2083.84","500","2083.84","500","Chuy Torres","Chuy Torres","","32","0","NaN","","","-","-","275 West Juniper Avenue, Gilbert, Arizona 85233","Gilbert","Arizona","85233","No","MFH:MFH - HVAC","","","","","Lowe's","Free","","Residential","Tier 1 - 8%","","","16169568","(480) 217-6717","susan.kucherer@aircommunities.com","","","Logen Uknavage","Referral","","","","","Thu Apr 30 2026 16:10:28 GMT-0700","Coupa","Heritage district","Heritage district","","","","1404835","","","MFH - HVAC","","Mike","","","","","Completed","Unit 1223
Per Mike unit not cooling
POC Mike","Chuy Torres, Jacob Martinez, Hector Aguirre, Riley Torres","MFH - HVAC","---

## **Field Service Report: Compressor Valve Failure & System Mismatch**

**Date:** July 20, 2026  
**Unit:** 1223  
**Status:** Arrived on-site, diagnosed a failing compressor on a mismatched system struggling during peak heat, and recommended a full 2-ton system replacement.

### **Diagnostic Findings**
* **Initial Assessment:** Responded to a service call for a system struggling to cool and evaluated the HVAC equipment.
* **System Evaluation:** Inspected the equipment and discovered a severely **mismatched system**. The outdoor condenser is a **2.5-ton** unit, while the indoor air handler is undersized at only **2 tons**. 
* **Component Failure:** Hooked up the gauges and found that the internal **compressor valves are failing**. The compressor is no longer pumping correctly, causing the system to lose capacity and fail to keep up with the cooling demand during the high heat of the day.

### **Recommendations & Next Steps**
* **System Replacement Recommended:** Between the failing mechanical valves in the compressor and the mismatched system sizing (which inevitably causes airflow and pressure problems), repairing this setup is not a viable option. I highly recommend a **full system replacement**.
* **Equipment Sizing & Specs:** The replacement quote should be generated for a brand-new, properly matched **2-ton system**. I am submitting these findings to the office to generate a formal bid.

---

**Status: Unit Condemned (Failing Valves & Mismatched Equipment) — Pending 2-Ton System Replacement Quote**

---","","Default Workflow"
"77716","Paid","Paid","David Harbutte","","David Harbutte - Invoice - Toilet :Lowes Simple Installs","#27054 - Toilet :Lowes Simple Installs","Toilet :Lowes Simple Installs","","35","35","35","4","31","89","35","0","0","35","Yes","","","","0","","","","0","Jul 22, 2026","","Aug 21, 2026","","","Wed Jul 22 2026 10:57:57 GMT-0700","2026","July 2026","","","","Add On,Lowes","0","0","0","0","0","4","0","4","Ashley Reed","Erik Tange","","0","12","NaN","Wed Jul 22 2026 05:00:00 GMT-0700","Wed Jul 22 2026 05:00:00 GMT-0700","-","-","8613 S 51st St, Phoenix, AZ 85044","Phoenix","AZ","85044","No","Lowes:Simple Installs","","","","","","","","","","","","17590851","303-669-7824","dbharbutte@comcast.net","null","","","IMS","","","PLUMB - GENERAL (NO SOFTENERS)","PLUMB - GENERAL (NO SOFTENERS)","Tue Jul 21 2026 08:00:18 GMT-0700","","David Harbutte","","David","Harbutte","","413620064","","","Lowes - Simple Installs","","","","","","","Completed","Simple installs -1- KOHLER Elliston White Elongated Chair height 12-in Rough-In WaterSense 1.28 GPF Soft Close 2-piece Toilet/ pick up from lowe's/ 

7100 WEST RAY ROAD,
Chandler, AZ 85226
Store: #674
Phone: (480) 753-0103

Delivery fee: PR32454407","Erik Tange","Lowes","Exsisting angle stop is 1/4 turn and works as it should. Disconnected supply line, removed old toilet, cleaned area under old toilet, exsisting toilet flange is below floor level, but otherwise in good working condition. I suggested to customer they should purchase an extra thick wax ring to account for difference in floor level. Customer agreed to quote and invoice. 
Installed new toilet bolts, **installed new extra thick wax ring,** installed new toilet bowl, installed new toilet tank. Reconnected supply line, checked for leaks, no leaks. Installed new included toiket seat. Toilet flushes and functions as necessary. Sealed to floor with white silicone caulking.","Lowes,Pick up from Lowes","Default Workflow"
"77714","Paid","Paid","Jeremy Helm","","Jeremy Helm - Invoice - Toilet :Lowes Simple Installs","#27017 - Toilet :Lowes Simple Installs","Toilet :Lowes Simple Installs","","35","35","35","4","31","89","35","0","0","35","Yes","","","","0","","","","0","Jul 22, 2026","","Aug 21, 2026","","","Wed Jul 22 2026 10:49:21 GMT-0700","2026","July 2026","","","","Add On,Lowes","0","0","0","0","0","4","0","4","Ashley Reed","Bryan Pickett","","0","12","NaN","Tue Jul 21 2026 05:00:00 GMT-0700","Tue Jul 21 2026 05:00:00 GMT-0700","-","-","2397 E SEquoia Dr, Chandler, AZ 85286","Chandler","AZ","85286","No","Lowes:Simple Installs","","","","","","","","","","","","17559467","480-540-4382","jhelm34@aol.com","null","","","IMS","","","PLUMB - GENERAL (NO SOFTENERS)","PLUMB - GENERAL (NO SOFTENERS)","Sat Jul 18 2026 08:00:35 GMT-0700","","Jeremy Helm","","Jeremy","Helm","","413442515","","","Lowes - Simple Installs","","","","","","","Completed","Simple installs -1- KOHLER Elliston White Elongated Chair height 12-in Rough-In WaterSense 1.28 GPF Soft Close 2-piece Toilet/ pick up from lowe's/ no cats/ 

4300 S. ARIZONA AVENUE,
Chandler, AZ 85248
Store: #2582
Phone: (480) 883-2200

Delivery Fee: PR32438605","Bryan Pickett","Lowes","Disconnected water supply line, removed old toilet and old wax ring. Installed new waxring and new toilet. Reconnected water supply line and tested by filling tank and flushing through bowl several times while checking for leaks and moisture. No visible water, customer tested and customer satisfied.

Pickup/Delivery charge 
Toilet Install","Lowes,Pick up from Lowes","Default Workflow"
"77713","Paid","Paid","ron hood","","ron hood - Invoice - Toilet/ Garbage disposal :Lowes Simple Installs","#27008 - Toilet/ Garbage disposal :Lowes Simple Installs","Toilet/ Garbage disposal :Lowes Simple Installs","","35","35","35","4","31","89","35","0","0","35","Yes","","","","0","","","","0","Jul 24, 2026","","Aug 21, 2026","","","Wed Jul 22 2026 10:47:26 GMT-0700","2026","July 2026","","","","Add On,Lowes","0","0","0","0","0","4","0","4","Ashley Reed","","","0","0","NaN","Wed Jul 22 2026 05:00:00 GMT-0700","Wed Jul 22 2026 05:00:00 GMT-0700","-","-","7630 W Edgestone St, Tucson, AZ 85735","Tucson","AZ","85735","No","Lowes:Simple Installs","","","","","","","","","","","","17529961","303-690-8099","noemailpmoc@lowes.com","null","","","IMS","","","PLUMB - GENERAL (NO SOFTENERS)","PLUMB - GENERAL (NO SOFTENERS)","Fri Jul 17 2026 08:00:26 GMT-0700","","ron hood","","ron","hood","","413354143","","","Lowes - Simple Installs","","","","","","","Completed","Simple installs -2 items- Project Source White Elongated Tall height 12-in Rough-In WaterSense 1.28 GPF Soft Close 2-piece Toilet
Moen Prep Under Sink Food Disposer, Continuous feed 1/2-HP Septic Safe Corded Garbage Disposal
Customer also stated they ordered a double wax ring so make sure you ask them for that 
Order# 201791197261930252

1800 WEST VALENCIA ROAD,
Tucson, AZ 85746
Store: #1791
Phone: (520) 741-2400

Delivery fee: PR32452291","Mathew Hodges","Lowes","Came out to customers house to install garbage disposal and toilet started with toilet inside guest bathroom remove the old toilet and waxing and bolts put in new waxing and bolts and set the toilet turned water back on had to replace the supply line 1st before turning the water on because the supply line was too short have to charge the customer in $25 to replace supply line going to be collecting that before leaving turned water onto the toilet to make sure there’s no leaks. There’s no leaks at this time caulked in the toilet, then went to the kitchen to install garbage disposal, tested everything to make sure there was no leaks. There’s no leaks at this time. Garbage disposal is now functional. Customer is happy with the work.","Lowes,Pick up from Lowes","Default Workflow"
"77712","Paid","Paid","Greg Gilliam","","Greg Gilliam - Invoice - Toilet :Lowes Simple Installs","#26986 - Toilet :Lowes Simple Installs","Toilet :Lowes Simple Installs","","35","35","35","4","31","89","35","0","0","35","Yes","","","","0","","","","0","Jul 24, 2026","","Aug 21, 2026","","","Wed Jul 22 2026 10:46:06 GMT-0700","2026","July 2026","","","","Add On,Lowes","0","0","0","0","0","4","0","4","Ashley Reed","Bryan Pickett","","0","12","NaN","Wed Jul 22 2026 05:00:00 GMT-0700","Wed Jul 22 2026 05:00:00 GMT-0700","-","-","3722 E CONSTACE WAY, PHOENIX, AZ 85042","PHOENIX","AZ","85042","No","Lowes:Simple Installs","","","","","","","","","","","","17529957","602-793-5364","noemailpmoc@lowes.com","null","","","IMS","","","PLUMB - GENERAL (NO SOFTENERS)","PLUMB - GENERAL (NO SOFTENERS)","Fri Jul 17 2026 08:00:09 GMT-0700","","Greg Gilliam","","Greg","Gilliam","","413376840","","","Lowes - Simple Installs","","","","","","","Completed","Simple installs -1- KOHLER Elliston White Elongated Tall height 12-in Rough-In WaterSense 1.28 GPF Soft Close 2-piece Toilet/ pick up from lowe's

7100 WEST RAY ROAD,
Chandler, AZ 85226
Store: #674
Phone: (480) 753-0103

Delivery Fee: PR32445648","Bryan Pickett","Lowes","Disconnected water supply line, removed old toilet and old wax ring. Installed new waxring and new toilet. Reconnected bidet seat and water supply line and tested by filling tank and flushing through bowl several times while checking for leaks and moisture. No visible water, customer tested and customer satisfied.

Pickup/Delivery charge 
Toilet Install
Bidet Reinstall","Lowes,Pick up from Lowes","Default Workflow"
"77711","Sent","Sent","Ryan Boas","","Ryan Boas - Estimate - Warranty :Lowes Water Heaters","#26975 - Warranty :Lowes Water Heaters","Warranty :Lowes Water Heaters","Ryan Boas - Estimate - Warranty :Lowes Water Heaters","1185","1185","1185","270","915","77","0","1185","145","1040","No","","","","0","","","","0","Jul 22, 2026","","Aug 6, 2026","","","Wed Jul 22 2026 10:45:32 GMT-0700","2026","July 2026","","","","Lowes","0","0","0","0","30","240","30","240","Brenton Heward","","","0","0","NaN","","","-","-","7415 North Boston Place, Tucson, Arizona 85741","Tucson","Arizona","85741","No","Lowes","","","38024116","","Lowe's","Free","","Residential","Tier 1 - 8%","","","10109154","(520) 241-1998","ryantboas@msn.com","(520) 623-5826","","Josh Harris","Lowe's","1st Attempt","","","","Mon Apr 07 2025 10:24:42 GMT-0700","Resi,Lowes","Ryan Boas","","Ryan","Boas","","38024116","","","Lowes - Water Heaters","","","","","","","Needs to be Rescheduled","-Warranty reason: the water heater is leaking water filling up the drip pan. Can't see a leak coming from any of the supply lines. Diagnose the issues as much as you can. If the unit is the issue call AO Smith at this number: 800-456-9805. When you get ahold of AO Smith you will need to get an LA# after they give you an RA# or a PA#. That LA# is a number that we give to Lowes that allows us get paid for this job through Lowes/AO Smith. No matter what GET THE LA# from AO Smith. Also track how long you are on hold so we can bill them for it.

LA#L14886149
RA#R14886148

-Original installer? Michael O.","Mathew Hodges","Lowes","Came up to the customers house had to call AO Smith service line got the R a number to take back to the Lowe’s to get a new one. Customer told me that they do not want it installed right now because they have the floor that they have to put back in. This job has to be rescheduled for another day when they’re done with the floor it took a little bit longer because of returning it at Lowe’s they had a little bit of issues but at the house I looped the line the hot and cold together for the time being then they have hot water. Gas is off. It is ready for putting the water heater in whenever customer is ready.","Lowes,Warranty","Default Workflow"
"77709","Paid","Paid","Emelie Brechbiel","","Emelie Brechbiel - Invoice - Sink :Lowes Simple Installs","#26978 - Sink :Lowes Simple Installs","Sink :Lowes Simple Installs","","35","35","35","4","31","89","35","0","0","35","Yes","","","","0","","","","0","Jul 24, 2026","","Aug 6, 2026","","","Wed Jul 22 2026 10:44:43 GMT-0700","2026","July 2026","","","","Add On,Lowes","0","0","0","0","0","4","0","4","Ashley Reed","Erik Tange","","0","12","NaN","Tue Jul 21 2026 05:00:00 GMT-0700","Tue Jul 21 2026 05:00:00 GMT-0700","-","-","4024 North 85th Avenue, Phoenix, Arizona 85037","Phoenix","Arizona","85037","No","Lowes:Simple Installs","","","","","Lowe's","Free","","Residential","Tier 1 - 8%","","","14534720","(623) 330-7671","emeliebrechbiel@yahoo.com","","","","IMS","","","","","Wed Feb 04 2026 13:04:28 GMT-0700","Lowes - Simple Installs","Emelie Brechbiel","","Emelie","Brechbiel","","413219746","","","Lowes - Simple Installs","","","","","","","Canceled","Simple installs- HEX Drop-in 30-in x 18-in Stainless steel Single bowl Kitchen Sink/ 1-1/2-in Plastic Triple bowl continuous waste slip joint
RECONNECT HOT WATER DISPENSER FEE
RECONNECT UNDERCOUNTER FILTER FEE

The sink is at the customers home, we need to pick up the  1-1/2-in Plastic Triple bowl continuous waste slip joint from the store

1620 NORTH 75TH AVENUE,
Phoenix, AZ 85035
Store: #1042
Phone: (623) 845-6292

Delivery Fee: PR32437494
Trip fee: PR32479147","Erik Tange","Lowes","New sink is too small in the side to side for current countertop opening. 
I informed customer of the situation, and a new replacement sink will be found and scheduled for install at a later date.

Sink and drain plumbing were returned by Erik to the store @ 1620 N 75 ave.

Countertop may need to be cut front to back to accommodate new sink. If that happens, customer will find a company to do so.

NO RECONNECT HOT WATER DISPENSER FEE is needed
NO RECONNECT UNDERCOUNTER FILTER FEE is needed.

I would suggest to add 2x angle stop replacement though. Exsisting angle stops are gate vales and should be replaced. (1) dual outlet angle stop, & (1) single outlet angle stop would be needed.","Lowes,Pick up from Lowes","Default Workflow"
"77708","Invoiced","Invoiced","Aventerra at Dobson Ranch","BH Management Services LLC","Unit 224 - Full HVAC System Replacement","#27093 - HVAC New Unit Estimate","HVAC New Unit Estimate","","4402.01","4402.01","4402.01","2949.35","1452.6600000000003","33","0","4402.01","3655.75","746.26","No","","","","0","","","","0","Jul 23, 2026","","Aug 21, 2026","","","Wed Jul 22 2026 10:38:28 GMT-0700","2026","July 2026","","","","","0","0","0","0","2449.35","500","2449.35","500","Joey Reyes","Joey Reyes","","30","1320.6","NaN","","","-","-","1960 West Keating Avenue, Mesa, Arizona 85202","Mesa","Arizona","85202","No","MFH:MFH - HVAC","","","","","Lowe's","Free","","Residential","Tier 1 - 8%","","","12763964","(480) 210-7636","richard.atwood@livebh.com","","","Logen Uknavage","Referral","","","","Per Chris do not send Julian","Mon Oct 13 2025 09:26:02 GMT-0700","BH Mgmt,MFH,Commercial","Aventerra at Dobson Ranch","Aventerra at Dobson Ranch","Janette","Witcher","","","","","MFH - HVAC","","Eric","","","","","Completed","Per Chris do not send Julian
Unit 224
Eric asked to have us out to replace a 2.5 ton unit. No data tag to confirm. Closet unit
POC Eric

On Will Call at Baker Mesa with PO 27093
Reference #	1001518316","Riley Torres, Hector Aguirre","MFH - HVAC","### **Service Summary: Full HVAC System Replacement (First Co. 2.5-Ton Closet Mount)**
**Unit:** 224

* **Decommissioning & Prep:** Disconnected main power to the system and safely recovered the existing refrigerant. Removed the old outdoor condenser and safely extracted the old air handler from the indoor closet space.
* **Line Set Decontamination:** Flushed the existing copper lines with an Rx11 treatment and followed up with a high-pressure nitrogen purge to blow out any remaining oil, moisture, or contaminants.
* **Equipment Installation & Brazing:** Positioned the new First Co. 2.5-ton air handler securely inside the closet and set the new outdoor condenser in place. Successfully brazed all copper line connections at both units while flowing nitrogen to prevent internal oxidation.
* **Leak Detection:** Pressurized the system with nitrogen to perform a rigorous leak check, confirming that all newly brazed joints were 100% sealed and secure.
* **Evacuation:** Hooked up the vacuum pump and pulled the system down to a deep vacuum. Verified the system held steady below the 500-micron threshold before isolating the gauges and shutting off the pump.
* **Electrical Integration:** Completed all high and low-voltage electrical wiring connections for both the indoor closet unit and the outdoor condenser.
* **System Startup & Commissioning:** Released the refrigerant charge and fired up the equipment for a full operational test run. Monitored pressures and airflow, verifying the system is running smoothly and blowing a strong 20-degree temperature split.

---

> **Status:** Full 2.5-ton First Co. closet-mount system successfully installed. Equipment is fully commissioned, safely tested, and cooling perfectly.","","Default Workflow"
"77707","Invoiced","Invoiced","Aventerra at Dobson Ranch","BH Management Services LLC","Aventerra at Dobson Ranch - Invoice - HVAC New Unit Estimate","#27060 - HVAC New Unit Estimate","HVAC New Unit Estimate","","3924.34","3924.34","3924.34","2768.1","1156.2400000000002","29","0","3924.34","3178.08","746.26","No","","","","0","","","","0","Jul 23, 2026","","Aug 21, 2026","","","Wed Jul 22 2026 10:33:11 GMT-0700","2026","July 2026","","","","VendorCafe","0","0","0","0","2129.31","500","2129.31","500","Jarren Heward","Jarren Heward","","30","1177.3","NaN","","","-","-","1960 West Keating Avenue, Mesa, Arizona 85202","Mesa","Arizona","85202","No","MFH:MFH - HVAC","","","","","Lowe's","Free","","Residential","Tier 1 - 8%","","","12763964","(480) 210-7636","richard.atwood@livebh.com","","","Logen Uknavage","Referral","","","","Per Chris do not send Julian","Mon Oct 13 2025 09:26:02 GMT-0700","BH Mgmt,MFH,Commercial","Aventerra at Dobson Ranch","Aventerra at Dobson Ranch","Janette","Witcher","","4772615","","","MFH - HVAC","","Eric","","","","","Completed","Equipment @ Baker Mesa
Unit 643
2 ton closet mount full system replacement- ground unit (no crane)
POC Eric
	
Reference #	1001517683
PO #	27060","Riley Torres, Hector Aguirre","MFH - HVAC","### **Service Summary: Full HVAC System Replacement (First Co. 2-Ton Closet Mount)**
**Unit:** 643

* **Decommissioning & Prep:** Disconnected main power to the system and safely recovered the existing refrigerant. Removed the old outdoor condenser and safely extracted the old air handler from the indoor closet space.
* **Line Set Decontamination:** Flushed the existing copper lines with an Rx11 treatment and followed up with a high-pressure nitrogen purge to blow out any remaining oil, moisture, or contaminants.
* **Equipment Installation & Brazing:** Positioned the new First Co. 2-ton air handler securely inside the closet and set the new outdoor condenser in place. Successfully brazed all copper line connections at both units while flowing nitrogen to prevent internal oxidation.
* **Leak Detection:** Pressurized the system with nitrogen to perform a rigorous leak check, confirming that all newly brazed joints were 100% sealed and secure.
* **Evacuation:** Hooked up the vacuum pump and pulled the system down to a deep vacuum. Verified the system held steady below the 500-micron threshold before isolating the gauges and shutting off the pump.
* **Electrical Integration:** Completed all high and low-voltage electrical wiring connections for both the indoor closet unit and the outdoor condenser.
* **System Startup & Commissioning:** Released the refrigerant charge and fired up the equipment for a full operational test run. Monitored pressures and airflow, verifying the system is running smoothly and blowing a strong 20-degree temperature split.

---

> **Status:** Full 2-ton First Co. closet-mount system successfully installed. Equipment is fully commissioned, safely tested, and cooling perfectly.","","Default Workflow"
"77704","Paid","Paid","Kevin Kennedy","","Kevin Kennedy - Estimate","#27011 - Water Heater Install :Lowes Water Heaters","Water Heater Install :Lowes Water Heaters","Kevin Kennedy - Estimate","1763.75","1763.75","1763.75","958","805.75","46","1763.75","0","936","827.75","Yes","","","","0","","","","0","Jul 22, 2026","","Aug 21, 2026","Wed Jul 22 2026 10:07:49 GMT-0700","Mon Jul 20 2026 15:07:04 GMT-0700","Wed Jul 22 2026 10:07:49 GMT-0700","2026","July 2026","","","","Lowes","0","0","0","0","658","300","658","300","Gina Neisius","Gina Neisius","","0","300","NaN","Tue Jul 28 2026 05:00:00 GMT-0700","Tue Jul 28 2026 05:00:00 GMT-0700","-","-","2339 E Calle Madrid, Fort Mohave, AZ 86426","Fort Mohave","AZ","86426","No","Lowes","","","41423402","","Lowe's","Free","","Residential","Tier 1 - 8%","","","17586957","(360) 339-2008","geoduck253@gmail.com","","","Gina Neisius","IME","New Prospect","","ESTIMATE_APPOINTMENT | APPOINTMENT_SET","ESTIMATE_APPOINTMENT | APPOINTMENT_SET","Mon Jul 20 2026 12:20:26 GMT-0700","","Kevin Kennedy","","Kevin","Kennedy","","41423402","garage","","Lowes - Water Heaters","","","","","","","Completed","#962540
Order #300902202264573407

Model Number # #G6N-T5040NVR

Lowes Store Address:1680 HIGHWAY 95
Bullhead City, AZ 86442


Notes and Details (Addon bundles, other details):","AtoZ Remodel LLC Ken (Contractor)","Lowes","","Pick up from Lowes,Lowes","Default Workflow"
"77702","Paid","Paid","Yvonne Marquette","","Yvonne Marquette - Estimate - Fixture Issues :Plumbing","#26966 - Fixture Issues :Plumbing","Fixture Issues :Plumbing","Yvonne Marquette - Estimate - Fixture Issues :Plumbing","275","275","275","71","204","74","275","0","125","150","Yes","","","","0","","","","0","Jul 22, 2026","","Aug 21, 2026","","Mon Jul 27 2026 14:52:32 GMT-0700","Wed Jul 22 2026 09:38:52 GMT-0700","2026","July 2026","","","","","0","0","0","0","50","21","50","21","Adam George","Adam George","","29","59.16","NaN","Wed Jul 22 2026 05:00:00 GMT-0700","Wed Jul 22 2026 05:00:00 GMT-0700","-","-","22957 West Arrow Drive, Buckeye, Arizona 85326","Buckeye","Arizona","85326","No","AZ Service:Resi Plumbing","","","","","Lowe's","Free","","Residential","Tier 1 - 8%","","","13739246","(408) 757-6146","sybilized6@gmail.com","","","","IMS","","","","","Tue Dec 16 2025 14:17:30 GMT-0700","Lowes - Simple Installs","Yvonne Marquette","","Yvonne","Marquette","","","","","Resi Plumbing","","Yvonne Marquette","","","","","Completed","Reason for call? Toilet doesn't drain well when there are solids in it. Needs a snake.

Who will be present to meet the technician? Yvonne

Is there anything else you would like technician to look at while they are there?N/A 

How did you hear about NexLvl Services? Existing

LOWES LEAD","Adam George","PHX - Plumbing","The toilet was flushing fine. Ran an auger down the toilet. Free of n charge since she asked that I replace her failed hose bib.","Resi,Lowes","Default Workflow"
"77698","Paid","Paid","Buddy Myers","","Buddy Myers - Invoice - Clogged Drain :Plumbing","#26906 - Clogged Drain :Plumbing","Clogged Drain :Plumbing","","79","79","79","12","67","85","79","0","0","79","Yes","","","","0","","","","0","Jul 22, 2026","","Aug 6, 2026","","","Wed Jul 22 2026 09:12:24 GMT-0700","2026","July 2026","","","","","0","0","0","0","0","12","0","12","Ian Gauvin","Ian Gauvin","","31","20.77","NaN","Wed Jul 22 2026 05:00:00 GMT-0700","Wed Jul 22 2026 05:00:00 GMT-0700","-","-","8453 W Whitehorn Way Peoria, AZ 85383","","","","No","","","","","","Lowe's","","","","","","","12000496","(972) 998-5744","myersbd1@verizon.net","","","","IMS","","","","","Tue Aug 19 2025 16:06:41 GMT-0700","Lowes - Simple Installs","Buddy Myers","","Buddy","Myers","","","","","Resi Plumbing","","Buddy Myers","","","","","Pending Site Visits","REMINDER TO USE CAMERA AND LOOK FOR SEWER/GENERAL PIPE REPLACEMENT OPPORTUNITIES. 

Reason for call? 

Who will be present to meet the technician? Myers

Where is the primary location of the clogged drain? front yard

Are there any other drains that are backing up? yes, ther's a courtyard, he has gutters running into ground and also has 2 drains 

Are you on a septic system? If so, when was the last time it was pumped? City sewer

Is there anything else you would like technician to look at while they are there? 

How did you hear about NexLvl Services? Existing

CC on file
Quoted $79 svc fee

Per Joey- if this is something we cannot help him repair nothing will be charged. Not even the svc fee.","Ian Gauvin","PHX - Plumbing","","Resi","Default Workflow"
"77692","Sent","Sent","Heritage district","AIR Communities","Unit 2055 - Thermostat Wire Repair & Fuse Replacement","#27053 - No Cool :HVAC","No Cool :HVAC","","390","390","390","46.8","343.2","88","0","390","0","390","No","","","","0","","","","0","Jul 21, 2026","Wed Jul 22 2026 14:49:04 GMT-0700","Aug 20, 2026","","","Tue Jul 21 2026 17:38:17 GMT-0700","2026","July 2026","","","","","0","0","0","0","0","46.8","0","46.8","Jacob Martinez","Jacob Martinez","","30","102.96","NaN","","","-","-","275 West Juniper Avenue, Gilbert, Arizona 85233","Gilbert","Arizona","85233","No","MFH:MFH - HVAC","","","","","Lowe's","Free","","Residential","Tier 1 - 8%","","","16169568","(480) 217-6717","susan.kucherer@aircommunities.com","","","Logen Uknavage","Referral","","","","","Thu Apr 30 2026 16:10:28 GMT-0700","Coupa","Heritage district","Heritage district","","","","1406087","","","MFH - HVAC","","Mike","","","","","Completed","Unit 2055
No cool- Blower coming on - outside starts up when contactor pushed in - might be bad t-stat wire
POC Mike","Jacob Martinez","MFH - HVAC","2055
​Initial Diagnosis: Unit called for cooling with indoor blower operating, but the outdoor condensing unit failed to start. Tested for 24V signal at the thermostat—confirmed present leaving the unit, but 0V measured at the outdoor contactor.
​Low-Voltage Repair: Inspected low-voltage wiring and found bare wire grounded against the cabinet/metal. The condensate drain line was discharging directly onto the wire, eroding the insulation under the rock layer. Excavated approximately 1.5 feet of earth to reach undamaged wire, spliced in new thermostat wire, and restored the run to the unit.
​High-Voltage & Component Testing: Upon restoring 24V, the contactor pulled in, but the compressor and condenser fan did not energize. Tested high voltage and confirmed no power across the load side due to a blown fuse.
​Temporary Component Replacement: Replaced the blown fuse to restore operation.
​⚠️ IMPORTANT NOTE FOR FOLLOW-UP: > The unit rating specifies a 25A Maximum Fuse Size (MOPS). The property maintenance team only had 30A fuses on hand, which were installed temporarily at the maintenance supervisor's request to restore cooling immediately.","","Default Workflow"
"77690","Paid","Paid","Karen Hayden","","Karen Hayden - Invoice - Faucet :Lowes Simple Installs","#26770 - Faucet :Lowes Simple Installs","Faucet :Lowes Simple Installs","","135","135","135","14","121","90","140","-5","0","135","Yes","","","","0","","","","0","Jul 21, 2026","","Aug 20, 2026","","","Tue Jul 21 2026 16:22:14 GMT-0700","2026","July 2026","","","","","0","0","0","0","0","14","0","14","Brenton Heward","","","0","0","NaN","Thu Jul 23 2026 05:00:00 GMT-0700","Thu Jul 23 2026 05:00:00 GMT-0700","-","-","12695 S Cherokee Ln, Tucson, AZ 85736","Tucson","AZ","85736","No","Lowes:Simple Installs","","","","","","","","","","","","17486437","520-822-1311","karenhayden@aol.com","null","","","IMS","","","PLUMB - GENERAL (NO SOFTENERS)","PLUMB - GENERAL (NO SOFTENERS)","Sat Jul 11 2026 08:02:18 GMT-0700","","Karen Hayden","","Karen","Hayden","","412689971","","","Lowes - Simple Installs","","","","","","","Completed","x1
Elements of Design Victorian Satin nickel Double Handle Deck-mount Kitchen Faucet (Includes Deck Plate) (Includes Side Sprayer)
on site

Trip Charge: PR32415469","Mathew Hodges","Lowes","The faucet needs extra long supply lines. So rescheduling so customer can pick up the right size from Lowes.

Came out to customers house to install think and customer supplied supply lines turned off water to remove the old sink started install installing the new sink. Turned water back on to test for no leaks. There’s no leaks at this time. Customer is satisfied with the work.","Lowes,onsite","Default Workflow"
"77689","Sent","Sent","Brenda Palmer","","Brenda Palmer - Estimate - No Cool :HVAC","#27031 - No Cool :HVAC","No Cool :HVAC","Brenda Palmer - Estimate - No Cool :HVAC","625","625","625","450","175","28","0","625","625","0","No","","","","0","","","","0","Jul 21, 2026","Tue Jul 21 2026 15:46:26 GMT-0700","Aug 20, 2026","Fri Jul 24 2026 13:30:40 GMT-0700","","Tue Jul 21 2026 15:45:30 GMT-0700","2026","July 2026","","","","","0","0","0","0","450","0","450","0","Joey Reyes","Joey Reyes","","30","187.5","NaN","","","-","-","143 South Norwalk Circle, Mesa, Arizona 85206","Mesa","Arizona","85206","No","AZ Service","","","","","Lowe's","","","","","","","6707886","480-252-2071","brenpalmeraz@gmail.com","","bren@nudream.com","","Cushman & Wakefield","","","Bren. Lives out of town and the property on high school are 2 separate rentals","","Tue Apr 23 2024 06:31:43 GMT-0700","","Brenda Palmer","","Brenda","Palmer","","","","","PHX - HVAC","","Brenda Palmer","","","","","Completed","Reason for call? Brenda called after hours for HVAC services

Who will be present to meet the technician? no one, home is vacant

How many HVAC units are present and that we need to look at? n?A

How old is your current unit or units? N/A

Is the outside unit or units on the ground level? outside on the roof on the casita

Is there anything else you would like technician to look at while they are there? N/A 

How did you hear about NexLvl Services? existing

Quoted $79 svc fee
CC on file","","","","Resi","Default Workflow"
"77686","Paid","Paid","Bruce Ruehl","","Bruce Ruehl - Invoice - Toilet :Lowes Simple Installs","#26521 - Toilet :Lowes Simple Installs","Toilet :Lowes Simple Installs","","50","50","50","5","45","90","50","0","0","50","Yes","","","","0","","","","0","Jul 21, 2026","","Aug 5, 2026","","","Tue Jul 21 2026 15:03:34 GMT-0700","2026","July 2026","","","","Add On","0","0","0","0","0","5","0","5","Brenton Heward","","","0","0","NaN","Wed Jul 22 2026 05:00:00 GMT-0700","Wed Jul 22 2026 05:00:00 GMT-0700","-","-","2550 East River Road, unit 7106, Tucson, Arizona 85718","Tucson","Arizona","85718","No","Lowes:Simple Installs","","","","","Lowe's","","","","","","","10540558","(203) 550-9313","bruceruehl1@gmail.com","","","Josh Harris","IMS","1st Attempt","","ESTIMATE_APPOINTMENT | APPOINTMENT_SET","ESTIMATE_APPOINTMENT | APPOINTMENT_SET","Mon May 12 2025 09:13:51 GMT-0700","Lowes,Resi","Bruce Ruehl","","Bruce","Ruehl","","407712757","","","Lowes - Simple Installs","","","","","","","Canceled","Simple installs -
1- Mainstream White Round Chair height 12-in Rough-In WaterSense 1.28 GPF Soft Close 2-
1- Mainstream White Elongated Chair height 12-in Rough-In WaterSense 1.28 GPF Soft
both toilets are onsite/ customer is also going to have us replace his shut off and supply lines/ he knows about the additional charge and ok'd it. The water to the whole complex will be off from 8-5pm

Bruce has to leave by 10:15.

Trip Charge: PR32445977","Mathew Hodges","Lowes","Came up to customers house to install two American Standard toilets on my arrival. The sister-in-law was here and told me that I have to replace both of the angle stops and supply lines. He called the homeowner. I had to make sure that he let the HOA know or the property know that we have to shut off water to replace these angle stops. Shut off water started replacing angle stops turn water back on to test for no leaks. There’s no leaks at this time started removing old toilets and setting up outside guest bathroom toilet got that fully installed with angle stop and supply line talk around the toilet and turned water on to make sure there was no leaks. There is no leaks at this time in that bathroom went to the master bathroom built the toilet trying to see if that one will fit toilet does not fit the toilet that he got was a 12 on center. It needs a 10 on center of drain. Told the customer about that dispatch collected payment for replacing supply lines and angle stops. Customer has to take toilet back to change it for another one. I asked customer did he want me to break down the toilet and put it back into the box. He said don’t worry about it. I will do it later. Whenever customer is ready he will call back to reschedule for us to come out and install toilet inside Mr. bedroom","Lowes,onsite","Default Workflow"
"77685","Sent","Sent","Rise thunderbird","Rise Management","Unit 2094A - Electrical Diagnostic & Power Supply Failure","#27036 - No Cool :HVAC","No Cool :HVAC","","260","260","260","31.2","228.8","88","0","260","0","260","No","","","","0","","","","0","Jul 22, 2026","Wed Jul 22 2026 14:35:32 GMT-0700","Aug 20, 2026","","","Tue Jul 21 2026 14:57:27 GMT-0700","2026","July 2026","","","","","0","0","0","0","0","31.2","0","31.2","Chuy Torres","Chuy Torres","","32","73.21","NaN","","","-","-","14020 n black cyn hwy, Pheonix, Arizona 85053","Pheonix","Arizona","85053","No","MFH:MFH - HVAC","","","","","Home Depot","Free","","Residential","Tier 1 - 8%","","","13574402","(979) 215-9646","acampos@rise48equity.com","","","","","","","","","Mon Dec 08 2025 14:46:37 GMT-0700","","Rise thunderbird","Rise thunderbird","joey","","","","","","PHX - Plumbing","","Daniel","","","","","Completed","Reason for call? Unit 2094 we installed this unit and it is not turning on at all. This same issue happened back in Feb 2026

Who will be present to meet the technician? Daniel

How many HVAC units are present and that we need to look at?  1

How old is your current unit or units? N/A

Is the outside unit or units on the ground level? N/A

Is there anything else you would like technician to look at while they are there? N/A

How did you hear about NexLvl Services? existing","Chuy Torres","MFH - HVAC","---

## **Field Service Report: Electrical Supply Failure (Not a Recall)**

**Date:** July 21, 2026  
**Unit:** 2094A  
**Status:** Arrived on-site for a reported recall. Diagnosed a high-voltage power loss originating at the breaker panel, clearing the HVAC equipment of any faults. Recommended an electrician.

### **Diagnostic Findings**
* **Initial Assessment:** Responded to a reported ""recall"" for a system not running and evaluated the indoor HVAC equipment.
* **System Evaluation:** Tested the indoor air handler and found a complete loss of high-voltage power.
* **Root Cause:** Traced the electrical circuit back to the main panel. Verified that there is **no power coming from the breaker to the air handler**. The issue is isolated to the electrical supply line/breaker, not the HVAC equipment itself.

### **Recommendations & Next Steps**
* **Electrician Required:** Because the HVAC equipment is fully intact and the failure is on the building's electrical supply side, I explained that this is **not an HVAC recall**. 
* **Action Item:** The property management/customer needs to **call an electrician** to diagnose and repair the breaker or line-voltage wiring so power can be restored to the unit.

---

**Status: System Down (Building Electrical Issue) — Pending Electrician (Not a Recall)**

---","","Default Workflow"
"77684","Invoiced","Invoiced","Capri on Camelback","Harbor Group Management Co., LLC","Capri on Camelback - Estimate - Fan Coil","#26994 - Fan Coil","Fan Coil","Capri on Camelback - Estimate - Fan Coil","1070","1070","1070","342.7","727.3","68","0","1070","310","760","No","","","","0","","","","0","Jul 21, 2026","","Aug 20, 2026","","","Tue Jul 21 2026 14:44:48 GMT-0700","2026","July 2026","","","","","0","0","0","0","160","91.2","160","91.2","Hunter Howell","","","30","218.19","NaN","","","-","-","5115 North 40th Street, Phoenix, Arizona 85018","Phoenix","Arizona","85018","No","AZ Service:MFH","","","","","Lowe's","Free","","Residential","Tier 1 - 8%","","","17009572","(602) 882-8579","tgeorge@harborgroupmanagement.com","","","Logen Uknavage","Referral","","","","","Tue Jun 02 2026 16:45:17 GMT-0700","MFH,Commercial","Capri on Camelback","Capri on Camelback","Travis","George","","","","","MFH - Plumbing","","Juan","","","","","Completed","Unit D301
Fan coil flush valves replacement
POC Juan","Hunter Howell","MFH - Plumbing","Found unit needed to be strait piped and flush valves 
Was unable to get into 101 to turn the water off i was able to hear that they were home but no one answered","","Default Workflow"
"77680","Paid","Paid","Bretton Morgan","","Bretton Morgan - Invoice - Faucet :Lowes Simple Installs","#26995 - Faucet :Lowes Simple Installs","Faucet :Lowes Simple Installs","","135","135","135","14","121","90","135","0","0","135","Yes","","","","0","","","","0","Jul 21, 2026","","Aug 20, 2026","","","Tue Jul 21 2026 14:16:41 GMT-0700","2026","July 2026","","","","","0","0","0","0","0","14","0","14","Brenton Heward","","","0","0","NaN","Wed Jul 22 2026 05:00:00 GMT-0700","Wed Jul 22 2026 05:00:00 GMT-0700","-","-","2456 S 235th Dr, Buckeye, AZ 85326","Buckeye","AZ","85326","No","Lowes:Simple Installs","","","","","","","","","","","","17582828","801-636-8315","bretton.morgan@gmail.com","null","","","IMS","","","PLUMB - GENERAL (NO SOFTENERS)","PLUMB - GENERAL (NO SOFTENERS)","Mon Jul 20 2026 08:00:26 GMT-0700","","Bretton Morgan","","Bretton","Morgan","","413540218","","","Lowes - Simple Installs","","","","","","","Completed","Simple installs -1- Moen Arlia Spot Resist Stainless Single Handle Deck-mount Pull-down Kitchen Faucet with Sprayer (Includes Deck Plate)/ onsite","Sean Marble","Lowes","Removed existing faucet installed new one checked all water connections tested no leaks job complete","Lowes,onsite","Default Workflow"
"77679","Paid","Paid","Nancy Fairchild","","Nancy Fairchild - Invoice - Toilet :Lowes Simple Installs","#26888 - Toilet :Lowes Simple Installs","Toilet :Lowes Simple Installs","","348","348","348","34","314","90","348","0","0","348","Yes","","","","0","","","","0","Jul 21, 2026","","Aug 20, 2026","","","Tue Jul 21 2026 14:14:49 GMT-0700","2026","July 2026","","","","","0","0","0","0","0","34","0","34","Brenton Heward","","","0","0","NaN","Wed Jul 22 2026 05:00:00 GMT-0700","Wed Jul 22 2026 05:00:00 GMT-0700","-","-","4911 N Escondido Rd W, Litchfield Park, AZ 85340","Litchfield Park","AZ","85340","No","Lowes:Simple Installs","","","","","","","","","","","","17349261","623-986-0315","kansas323@hotmail.com","null","","","IMS","","","PLUMB - ONLINE ONLY","PLUMB - ONLINE ONLY","Tue Jun 30 2026 08:00:52 GMT-0700","","Nancy Fairchild","","Nancy","Fairchild","","413373544","","","Lowes - Simple Installs","","","","","","","Completed","Simple installs- 2- KOHLER Elliston White Elongated Chair height 12-in Rough-In WaterSense 1.28 GPF Soft Close 2-piece Toilet/ pick up from lowe's/ Requested for Sean specifically 

13191 W MCDOWELL RD,
Goodyear, AZ 85338
Store: #1553
Phone: (623) 935-9157

Delivery Fee:PR32413492","Sean Marble","Lowes","Removed two toilets both flanges were in good condition. Replaced wax rings built two new toilets install installed caulking applied tested no leaks job complete","Lowes,Pick up from Lowes","Default Workflow"
"77678","Paid","Paid","Jessica King","","Jessica King - Invoice - Toilet :Lowes Simple Installs","#26996 - Toilet :Lowes Simple Installs","Toilet :Lowes Simple Installs","","174","174","174","17","157","90","174","0","0","174","Yes","","","","0","","","","0","Jul 21, 2026","","Aug 5, 2026","","","Tue Jul 21 2026 14:13:16 GMT-0700","2026","July 2026","","","","","0","0","0","0","0","17","0","17","Brenton Heward","","","0","0","NaN","Wed Jul 22 2026 05:00:00 GMT-0700","Wed Jul 22 2026 05:00:00 GMT-0700","-","-","5413 West Sunnyside Drive, Glendale, Arizona 85304","Glendale","Arizona","85304","No","Lowes:Simple Installs","","","","","Lowe's","Free","","Residential","Tier 1 - 8%","","","17559471","(254) 265-1534","noemailpmoc@lowes.com","480-469-5143","","","IMS","","","PLUMB - GENERAL (NO SOFTENERS)","PLUMB - GENERAL (NO SOFTENERS)","Sat Jul 18 2026 08:00:49 GMT-0700","Lowes - Simple Installs","Jessica King","","Jessica","King","","413439546","","","Lowes - Simple Installs","","","","","","","Completed","Call Shirley on the way (254) 265-1534
x1
American Standard Edgemere White Elongated Chair height 12-in Rough-In WaterSense 1.28 GPF Soft Close 2-piece Toilet/on site","Sean Marble","Lowes","Removed existing toilet flange was in good condition installed new toilet ran tested. No leaks job complete","Lowes,onsite","Default Workflow"
"77677","Paid","Paid","Jim Cresto","","Jim Cresto - Invoice - Toilet :Lowes Simple Installs","#26872 - Toilet :Lowes Simple Installs","Toilet :Lowes Simple Installs","","209","209","209","21","188","90","209","0","0","209","Yes","","","","0","","","","0","Jul 21, 2026","","Aug 20, 2026","","","Tue Jul 21 2026 14:11:43 GMT-0700","2026","July 2026","","","","","0","0","0","0","0","21","0","21","Brenton Heward","Bryan Pickett","","0","73","NaN","Wed Jul 22 2026 05:00:00 GMT-0700","Wed Jul 22 2026 05:00:00 GMT-0700","-","-","2573 E ESTRELLA ST, GILBERT, AZ 85296","GILBERT","AZ","85296","No","Lowes:Simple Installs","","","","","Lowe's","Free","","Residential","Tier 1 - 8%","","","17521734","(602) 909-5451","jcresto1@cox.net","","","","IMS","","","PLUMB - ONLINE ONLY","PLUMB - ONLINE ONLY","Thu Jul 16 2026 08:03:33 GMT-0700","","Jim Cresto","","Jim","Cresto","","412504703","","","Lowes - Simple Installs","","","","","","","Completed","Simple installs -1- DeerValley ADA Toilets White Elongated Chair height 12-in Rough-In WaterSense 1.28 1.0 GPF (4.85 3.79 LPF) Dual Flush Soft Close 1-piece Toilet/ pick up from lowe's/ 

1440 SOUTH HIGLEY ROAD,
Mesa, AZ 85206
Store: #714
Phone: (480) 832-1666","Bryan Pickett, Sean Marble","Lowes","Disconnected water supply line, removed old toilet and old wax ring. Installed new waxring and new toilet. Reconnected water supply line and tested by filling tank and flushing through bowl several times while checking for leaks and moisture. No visible water, customer tested and customer satisfied.

Pickup/Delivery charge 
Toilet Install","Lowes,Pick up from Lowes,Helper","Default Workflow"
"77675","Paid","Paid","Mark Larsen","","Mark Larsen - Invoice - Toilet :Lowes Simple Installs","#26982 - Toilet :Lowes Simple Installs","Toilet :Lowes Simple Installs","","50","50","50","5","45","90","50","0","0","50","Yes","","","","0","","","","0","Jul 21, 2026","","Aug 20, 2026","","","Tue Jul 21 2026 14:03:15 GMT-0700","2026","July 2026","","","","Add On","0","0","0","0","0","5","0","5","Brenton Heward","Erik Tange","","0","18","NaN","Wed Jul 22 2026 05:00:00 GMT-0700","Wed Jul 22 2026 05:00:00 GMT-0700","-","-","1202 W HAZELWOOD ST, PHOENIX, AZ 85013","PHOENIX","AZ","85013","No","Lowes:Simple Installs","","","","","Lowe's","Free","","Residential","Tier 1 - 8%","","","17521590","708-421-9203","mark.larsen1982@gmail.com","","","","IMS","","","PLUMB - ONLINE ONLY","PLUMB - ONLINE ONLY","Thu Jul 16 2026 08:00:09 GMT-0700","Phoenix,Resi","Mark Larsen","","Mark","Larsen","","413319415","","","Lowes - Simple Installs","","","","","","","Canceled","x2
KOHLER Battan The Complete Solution White Elongated Chair height 12-in Rough-In WaterSense 1.28 GPF Soft Close 2-piece Toilet

Store:5809 WEST NORTHERN AVE.,
Glendale, AZ 85301
Order#300902197264147553

Trip fee:PR32445116","Erik Tange","Lowes","Exsisting angle stop is gate valve and has a slow leak when turned off. I suggested to customer they should have it replaced. Customer agreed to quote and invoice. Turned water off to house, removed old supply line, removed old toilet, cleaned area under old toilet. Exsisting toilet flange is cast iron and in VERY poor condition, and has multiple exsisting cracks, and broken pieces. I informed customer of the situation and customer will be waiting for a call from our residential division.

Removed old angle stop, cut 1/4"" off end of copper pipe, **installed new 1/4 turn angle stop and 16"" toilet supply line.** Turned water on to house, checked angle stop for leaks, no leaks.","Lowes,Pick up from Lowes","Default Workflow"
"77674","Sent","Sent","Colter Park","Harbor Group Management Co., LLC","Unit 340 - Fan Coil Flush","#26870 - Fan Coil","Fan Coil","","340","340","340","42","298","88","0","340","-10","350","No","","","","0","","","","0","Jul 21, 2026","","Aug 20, 2026","","","Tue Jul 21 2026 13:49:36 GMT-0700","2026","July 2026","","","","","0","0","0","0","0","42","0","42","Jess Gonzalez","","","30","102","NaN","","","-","-","909 West Colter Street, Phoenix, Arizona 85013","Phoenix","Arizona","85013","No","AZ Service:MFH","","","","","Lowe's","Free","","Residential","Tier 1 - 8%","","","15508690","(480) 640-7388","fswanson@harborgroupmanagement.com","","","Logen Uknavage","","","","","","Mon Mar 30 2026 09:43:16 GMT-0700","Harbor","Colter Park","Colter Park","Feljie","Swanson","","","","","MFH - Plumbing","","Josh","","","","","Completed","Unit 340
No cool (Blower motor replaced 6/29)
POC Josh","Benito Valdez, Roman Twardoz","MFH - Plumbing, Swiss Army Knife","No access, needs to be rescheduled","","Default Workflow"
"77673","Sent","Sent","Colter Park","Harbor Group Management Co., LLC","Unit 146 - Fan Coil Flush","#26869 - Fan Coil","Fan Coil","","340","340","340","42","298","88","0","340","-10","350","No","","","","0","","","","0","Jul 21, 2026","","Aug 20, 2026","","","Tue Jul 21 2026 13:43:41 GMT-0700","2026","July 2026","","","","","0","0","0","0","0","42","0","42","Jess Gonzalez","","","30","0","NaN","","","-","-","909 West Colter Street, Phoenix, Arizona 85013","Phoenix","Arizona","85013","No","AZ Service:MFH","","","","","Lowe's","Free","","Residential","Tier 1 - 8%","","","15508690","(480) 640-7388","fswanson@harborgroupmanagement.com","","","Logen Uknavage","","","","","","Mon Mar 30 2026 09:43:16 GMT-0700","Harbor","Colter Park","Colter Park","Feljie","Swanson","","","","","MFH - Plumbing","","Josh","","","","","Completed","Unit 146
Fan coil no cool- possible flush
POC Josh","Benito Valdez, Roman Twardoz","MFH - Plumbing, Swiss Army Knife","No access, need to return schedule","","Default Workflow"
"77672","Invoiced","Invoiced","Dennis Young","","Dennis Young - Estimate - Warranty :Lowes Water Heaters","#27009 - Warranty :Lowes Water Heaters","Warranty :Lowes Water Heaters","Dennis Young - Estimate - Warranty :Lowes Water Heaters","185","185","185","31.2","153.8","83","0","185","0","185","No","","","","0","","","","0","Jul 22, 2026","","Aug 20, 2026","","","Tue Jul 21 2026 13:43:13 GMT-0700","2026","July 2026","","","","Lowes","0","0","0","0","0","31.2","0","31.2","Brenton Heward","","","0","55.5","NaN","","","-","-","8528 North 52nd Avenue, Glendale, AZ 85302","Glendale","AZ","85302","No","Lowes","","","","","Lowe's","Free","","Residential","Tier 1 - 8%","","","6734451","(818) 203-5577","dennyy1956@yahoo.com","","","","","","","","","Wed Apr 24 2024 18:29:00 GMT-0700","Lowes","Dennis Young","Dennis Young","","","","41406759","","","Lowes - Water Heaters","","","","","","","New","-Warranty reason: Customer is getting an error code ""046"" on his 12 yr  water heater we installed back in 2022. He called AO Smith and is getting the part shipped (automatic shut off valve). Customer also purchased a 5 yr EPP and is saying labor should be covered. We are moving forward with the job. We do need to get a card on file to make sure we get paid and then he can go through Lowes to get reimbursed.

Please come at 10 or later.

-Original installer? James

Lowes will be covering the cost.","Tanner LaForge","Lowes","","Lowes,Warranty","Default Workflow"
"77671","Sent","Sent","505 West","Harbor Group Management Co., LLC","Unit 1080 - Condensate Leak Repair","#26844 - Fan Coil - Water Leak","Fan Coil - Water Leak","","323","323","323","56.2","266.8","83","0","323","63","260","No","","","","0","","","","0","Jul 21, 2026","Mon Jul 27 2026 17:56:54 GMT-0700","Aug 20, 2026","","","Tue Jul 21 2026 13:20:27 GMT-0700","2026","July 2026","","","","","0","0","0","0","25","31.2","25","31.2","Chuy Torres","Chuy Torres","","32","85.37","NaN","","","-","-","505 West Baseline Road, Tempe, Arizona 85283","Tempe","Arizona","85283","No","MFH:MFH - HVAC","","","","","Lowe's","Free","","Residential","Tier 1 - 8%","","","15570187","480-577-2649","jpelayo@harborgroupmanagement.com","","","Logen Uknavage","","","","","Can't be on property after 6p. If we have to be, call Jesus to verify
Goodman condensers only for this property - R32 ONLY","Thu Apr 02 2026 10:44:15 GMT-0700","Harbor","505 West","505 West","Jesus","Maintenance supervisor","","85650901","","","MFH - HVAC","","Jesus","","","","","Completed","Can't be on property after 6p. If we have to be, call Jesus to verify
Unit 1080
Jesus called in the unit leaking
POC Jeuss","Chuy Torres","MFH - HVAC","---

## **Field Service Report: Condensate Backup & Drain Clearing**

**Date:** July 21, 2026  
**Unit:** 1080  
**Status:** Arrived on-site, diagnosed an active condensate leak caused by a clogged drain line, cleared the blockage with high-pressure CO2, and restored proper drainage.

### **Diagnostic Findings**
* **Initial Assessment:** Responded to a service call to investigate an active **condensate leak** at the indoor equipment.
* **System Evaluation:** Inspected the HVAC unit and drain pan, determining that a restriction in the primary **condensate drain line** was causing water to back up and spill over.

### **Repairs Performed**
* **Drain Clearing:** Hooked up the **CO2** cartridge and blasted the drain line with high pressure to successfully blow out the clog and completely clear the restriction.

### **Final Status**
* **Verification:** Poured water directly into the drain pan to thoroughly water-test the newly cleared line. Confirmed that the water is flowing freely and **draining properly** with absolutely no backups.
* **Outcome:** **Restored operation; the leak is resolved and the system is draining properly at this time.**

---

**Status: Drain Cleared & Tested — Ticket Closed**

---","","Default Workflow"
"77670","Paid","Paid","Bruce Ruehl","","Bruce Ruehl - Estimate - Toilet :Lowes Simple Installs","#26521 - Toilet :Lowes Simple Installs","Toilet :Lowes Simple Installs","Bruce Ruehl - Estimate - Toilet :Lowes Simple Installs","295","295","295","71.2","223.8","76","295","0","110","185","Yes","","","","0","","","","0","Jul 21, 2026","","Aug 5, 2026","","Tue Jul 21 2026 13:20:15 GMT-0700","Tue Jul 21 2026 13:20:04 GMT-0700","2026","July 2026","","","","Add On","0","0","0","0","49","22.2","49","22.2","Brenton Heward","","","0","0","NaN","Tue Jul 21 2026 05:00:00 GMT-0700","Tue Jul 21 2026 05:00:00 GMT-0700","-","-","2550 East River Road, unit 7106, Tucson, Arizona 85718","Tucson","Arizona","85718","No","Lowes:Simple Installs","","","","","Lowe's","","","","","","","10540558","(203) 550-9313","bruceruehl1@gmail.com","","","Josh Harris","IMS","1st Attempt","","ESTIMATE_APPOINTMENT | APPOINTMENT_SET","ESTIMATE_APPOINTMENT | APPOINTMENT_SET","Mon May 12 2025 09:13:51 GMT-0700","Lowes,Resi","Bruce Ruehl","","Bruce","Ruehl","","407712757","","","Lowes - Simple Installs","","","","","","","Canceled","Simple installs -
1- Mainstream White Round Chair height 12-in Rough-In WaterSense 1.28 GPF Soft Close 2-
1- Mainstream White Elongated Chair height 12-in Rough-In WaterSense 1.28 GPF Soft
both toilets are onsite/ customer is also going to have us replace his shut off and supply lines/ he knows about the additional charge and ok'd it. The water to the whole complex will be off from 8-5pm

Bruce has to leave by 10:15.

Trip Charge: PR32445977","Mathew Hodges","Lowes","Came up to customers house to install two American Standard toilets on my arrival. The sister-in-law was here and told me that I have to replace both of the angle stops and supply lines. He called the homeowner. I had to make sure that he let the HOA know or the property know that we have to shut off water to replace these angle stops. Shut off water started replacing angle stops turn water back on to test for no leaks. There’s no leaks at this time started removing old toilets and setting up outside guest bathroom toilet got that fully installed with angle stop and supply line talk around the toilet and turned water on to make sure there was no leaks. There is no leaks at this time in that bathroom went to the master bathroom built the toilet trying to see if that one will fit toilet does not fit the toilet that he got was a 12 on center. It needs a 10 on center of drain. Told the customer about that dispatch collected payment for replacing supply lines and angle stops. Customer has to take toilet back to change it for another one. I asked customer did he want me to break down the toilet and put it back into the box. He said don’t worry about it. I will do it later. Whenever customer is ready he will call back to reschedule for us to come out and install toilet inside Mr. bedroom","Lowes,onsite","Default Workflow"
"77667","Sent","Sent","AX MAXX","RFA Asset Management","AX MAXX - Estimate - Clogged Drain :Plumbing","#26608 - Clogged Drain :Plumbing","Clogged Drain :Plumbing","AX MAXX - Estimate - Clogged Drain :Plumbing","3735","3735","3735","1132.2","2602.8","70","0","3735","1800","1935","No","","","","0","","","","0","Jul 21, 2026","Tue Jul 21 2026 15:40:05 GMT-0700","Aug 20, 2026","Tue Jul 21 2026 13:15:34 GMT-0700","Thu Jul 16 2026 12:01:38 GMT-0700","Tue Jul 21 2026 13:15:34 GMT-0700","2026","July 2026","","","","","0","0","0","0","900","232.2","900","232.2","Adam George","","","29","754.81","NaN","","","-","-","6811 East Mayo Boulevard, Phoenix, Arizona 85054","Phoenix","Arizona","85054","No","AZ Service","","","","","Lowe's","Free","","Residential","Tier 1 - 8%","","","6738629","","azinvoices@rfa.ca","","","Kris Driggs","Existing Customer","","","","","Wed Apr 24 2024 18:45:58 GMT-0700","Commercial,VIP","AX MAXX","AX MAXX","","","","","","","PHX - Plumbing","","Josh","","","","","Completed","REMINDER TO USE CAMERA AND LOOK FOR SEWER/GENERAL PIPE REPLACEMENT OPPORTUNITIES. 

Reason for call? mop sink clogged","Adam George","PHX - Plumbing","","Commercial","Default Workflow"
"77665","Sent","Sent","Hillstone Residences at Canyon Trails","","Hillstone Residences at Canyon Trails - Estimate - Job for Hillstone Residences at Canyon Trails","#26531 - Job for Hillstone Residences at Canyon Trails","Job for Hillstone Residences at Canyon Trails","Hillstone Residences at Canyon Trails - Estimate - Job for Hillstone Residences at Canyon Trails","1400","1400","1400","552","848","61","0","1400","550","850","No","","","","0","","","","0","Jul 21, 2026","Tue Jul 21 2026 13:46:26 GMT-0700","Aug 20, 2026","Tue Jul 21 2026 12:46:20 GMT-0700","Thu Jul 16 2026 12:05:47 GMT-0700","Tue Jul 21 2026 12:46:20 GMT-0700","2026","July 2026","","","","","0","0","0","0","450","102","450","102","Jasper Castaneda","","Multiple commissions applied (view Commission Report to see specific type breakdown)","Multiple commissions applied (view Commission Report to see specific % breakdown)","0","NaN","","","-","-","1050 South 173rd Avenue, Goodyear, Arizona 85338","Goodyear","Arizona","85338","No","AZ Service:Pools","","","","","Lowe's","Free","","Residential","Tier 1 - 8%","","","15755210","(623) 230-2400","mindy.price2@assetliving.com","928-614-5090","riley.sparkman@assetliving.com","Logen Uknavage","","","","","","Mon Apr 13 2026 08:25:28 GMT-0700","","Hillstone Residences at Canyon Trails","Hillstone Residences at Canyon Trails","Riley","","","","","","Pool Repair","","Riley","","","","","Pending Site Visits","Splash Pad
Inclusions

Scope of Work

Cycle and test Rain Deck RD500-0 controller programs (A, B, C, D) to isolate zone-specific
versus system-wide pressure drops.
Inspect the surge tank / holding tank for proper operational water levels.
Examine the pump strainer basket for debris blockages.
Test the pump suction line for cavitation or air leaks.


Filtration System Service
Inspect the main system filter.
Perform a thorough backwash and rinse cycle
Remove, flush, and re-seat filter media Valve Manifold & Hydraulic Inspection 
Inspect the 24V solenoid valve manifold.
Ensure flow control stems are properly adjusted for maximum flow.
If specific zones are restricted, disassemble the affected valve(s) and flush trapped grit/
debris from the diaphragm.

Nozzle Descaling & Hard Water Treatment
Inspect all brass and plastic surface nozzles for calcium and scale buildup (common with
local hard water).
Manually clear orifices and/or utilize commercial descaler to dissolve calcium blockages
causing backpressure.


*If descaling and debris removal does not relsove issue 
Secondary will be provided based on findings during our advanced diagnostics*

Exclusions 
Any additional work
POC Riley","Benito Valdez, Jasper Castaneda","MFH - Plumbing, Pools","Arrived on site, call will be turned over to nexlvl pool dept

763-221-0400 Minday Cell","","Default Workflow"
"77661","Paid","Paid","Brian Brewer","","Brian Brewer - Estimate - Septic Inspection  :Plumbing","#27002 - Septic Inspection  :Plumbing","Septic Inspection  :Plumbing","Brian Brewer - Estimate - Septic Inspection  :Plumbing","592.25","592.25","592.25","195","397.25","67","592.25","0","0","592.25","Yes","","","","0","","","","0","Jul 21, 2026","Tue Jul 21 2026 15:59:20 GMT-0700","Aug 20, 2026","","Mon Jul 27 2026 14:54:36 GMT-0700","Tue Jul 21 2026 11:51:18 GMT-0700","2026","July 2026","","","","","0","0","0","0","0","195","0","195","Jaxon Bryant","Jaxon Bryant","","0","0","NaN","Tue Jul 21 2026 05:00:00 GMT-0700","Tue Jul 21 2026 05:00:00 GMT-0700","-","-","1356 West Ribeye Road, Safford, Arizona 85546","Safford","Arizona","85546","No","AZ Service:Gila Valley","","","","","Lowe's","Free","","Residential","Tier 1 - 8%","","","8164708","(928) 296-0861","bhbrewer823@gmail.com","","","","HVAC","","","","","Thu Oct 31 2024 22:00:52 GMT-0700","","Brian Brewer","","Brian","Brewer","","","","","Gila Valley - Septic","","Raena Carter","","","","","Completed","GET CREDIT CARD ON FILE (REQUIRED FOR US TO GO ON SITE)

Reason for call? septic Pumping & inspection

When is the close date? 08/11/2026

Do you know where the lid is? Brian will confirm

Is it uncovered? If not, are the lids able to be accessed with a tractor? No

When was the last time the tank was pumped? 8/21/25

When was your home built? 2009

What is the Parcel Number? 10715050

Who will be present to meet the technician? Stephanie Brewer

Who is the Title Company? Pioneer Title

What is the email and phone number of the Title Company contact? 925-428-0180 lindsey.wilson@pioneertitleagency.com

Who needs the inspection and invoice emailed to them? And what is their email? Title - lindsey.wilson@pioneertitleagency.com

How did you hear about NexLvl Services? Existing

Brian will call back with cc info. 

Also will confirm if he knows where lids are located and if they are uncovered.","Jaxon Bryant","Gila Valley","raenacarter.re@gmail.com

1356 W Ribeye Rd","Resi,Gila Valley,Tractor Needed","Default Workflow"
"77658","Invoiced","Invoiced","Venue on Camelback","BH Management Services LLC","Unit 412 - Fan Coil Replacement","#26697 - Active Water Leak :Plumbing","Active Water Leak :Plumbing","Venue on Camelback - Estimate - Active Water Leak :Plumbing","1875","1875","1875","823.6","1051.4","56","0","1875","1095","780","No","","","","0","","","","0","Jul 20, 2026","","Aug 20, 2026","Tue Jul 21 2026 11:49:44 GMT-0700","Fri Jul 17 2026 10:13:44 GMT-0700","Tue Jul 21 2026 11:49:44 GMT-0700","2026","July 2026","","","","","0","0","0","0","730","93.6","730","93.6","Chris Marrs","Hunter Howell","","30","315.42","NaN","","","-","-","1930 East Camelback Road, Phoenix, Arizona 85016","Phoenix","Arizona","85016","No","AZ Service:MFH","","","","","Lowe's","Free","","Residential","Tier 1 - 8%","","","12805541","(480) 340-2646","andres.marquez@livebh.com","","","Logen Uknavage","","","","","","Thu Oct 16 2025 15:10:12 GMT-0700","Commercial,MFH,BH Mgmt","Venue on Camelback","Venue on Camelback","Andres","Marquez","","","","","MFH - Plumbing","","Andres","","","","","Completed","Unit 412
Cracked drain line in wall still leaking  (L/O 7/10)
POC Andres","Benito Valdez, Hunter Howell","MFH - Plumbing","Fan coil is leaking from the left side past the pan because it is rusted, ,i also vacuumed out the condensate line
1 recommend replacing the unit,picture shows rh but it is actually a 4hbc3 lh,someone must have changed out the blower motor at one time","","Default Workflow"
"77657","Paid","Paid","Cristen Burrell","","Cristen Burrell - Estimate","#26989 - Water Heater Install :Lowes Water Heaters","Water Heater Install :Lowes Water Heaters","Cristen Burrell - Estimate","2049.75","2049.75","2049.75","1011","1038.75","51","2049.75","0","902","1147.75","Yes","","","","0","","","","0","Jul 21, 2026","","Aug 20, 2026","Tue Jul 21 2026 11:08:06 GMT-0700","Mon Jul 20 2026 12:17:37 GMT-0700","Tue Jul 21 2026 11:08:06 GMT-0700","2026","July 2026","7/21

Arrived on site to install a new 40 gallon gas heater in the backyard storage shed. 

Drained and removed the old tank. Replaced both supply lines and ball valve. 

Set the new pan and tank in place. Installed an expansion tank. Ran new t&p.

Put on a sediment trap and filled the tank. Turned on the burner and checked for leaks. 

No issues with the install today","","","Lowes","0","0","0","0","681","330","681","330","Gina Neisius","Gina Neisius","","30","614.92","NaN","Mon Jul 27 2026 05:00:00 GMT-0700","Mon Jul 27 2026 05:00:00 GMT-0700","-","-","4257 N Miller Rd, Scottsdale, AZ 85251","Scottsdale","AZ","85251","No","Lowes","","","","","Lowe's","Free","","Residential","Tier 1 - 8%","","","17585960","(602) 510-9360","burrellroad@gmail.com","","","Gina Neisius","IME","New Prospect","","ESTIMATE_APPOINTMENT | APPOINTMENT_SET","ESTIMATE_APPOINTMENT | APPOINTMENT_SET","Mon Jul 20 2026 11:10:00 GMT-0700","","Cristen Burrell","","Cristen","Burrell","","41422574","closet on patio","","Lowes - Water Heaters","","","","","","","Completed","#1325040
8-12pm
said she would clear out the junk in front of the water heater- has meetings between 830 and 1 (in the home) so might take a minute if there's any issues. Said you can drive the truck right up to the patio where the heater is. 

Order #


Model Number #


Lowes Store Address:


Notes and Details (Addon bundles, other details):","Tanner LaForge","Lowes","7/21

Arrived on site to install a new 40 gallon gas heater in the backyard storage shed. 

Drained and removed the old tank. Replaced both supply lines and ball valve. 

Set the new pan and tank in place. Installed an expansion tank. Ran new t&p.

Put on a sediment trap and filled the tank. Turned on the burner and checked for leaks. 

No issues with the install today","Lowes,In Warehouse","Default Workflow"
"77656","Paid","Paid","Jim Huff","","Jim Huff - Estimate","#26916 - Water Heater Install :Lowes Water Heaters","Water Heater Install :Lowes Water Heaters","Jim Huff - Estimate","1700","1700","1700","877","823","48","1700","0","804","896","Yes","","","","0","","","","0","Jul 21, 2026","","Aug 20, 2026","Tue Jul 21 2026 11:05:54 GMT-0700","Fri Jul 17 2026 12:25:50 GMT-0700","Tue Jul 21 2026 11:05:54 GMT-0700","2026","July 2026","Scope of Work Performed**

* Removed two existing supply lines
* Removed one existing shut off valve 
* Disconnected the electrical
* Cut the T&P line
* Drained water heater and removed unit from the house

**Installation & Reconnection**

* Installed two new water supply lines
* Installed one new shut off valve.
* Installed 22-inch drain pan
* Re-ran T&P discharge line into the wall outlet
* Connected electrical to heater
* Filled water heater


**Testing & Closeout**

* Checked system for proper operation
* Registered new water heater 
* All documentation signed and payment collected","","","Lowes","0","0","0","0","577","300","577","300","Travis Germain","Travis Germain","","2.35","39.95","NaN","Mon Jul 27 2026 05:00:00 GMT-0700","Mon Jul 27 2026 05:00:00 GMT-0700","-","-","18904 N 71st Dr, Glendale, AZ 85308","Glendale","AZ","85308","No","Lowes","","","41404084","","Lowe's","Free","","Residential","Tier 1 - 8%","","","17536846","(512) 749-7461","jhufftct@gmail.com","","","Travis Germain","IME","1st Attempt","","ESTIMATE_APPOINTMENT | APPOINTMENT_SET","ESTIMATE_APPOINTMENT | APPOINTMENT_SET","Fri Jul 17 2026 12:08:04 GMT-0700","","Jim Huff","","Jim","Huff","","41404084","Garage","","Lowes - Water Heaters","","","","","","","Completed","WH816161
8-12noon

Order #


Model Number #


Lowes Store Address:


Notes and Details (Addon bundles, other details):","Matt Schlosser","Lowes","Scope of Work Performed**

* Removed two existing supply lines
* Removed one existing shut off valve 
* Disconnected the electrical
* Cut the T&P line
* Drained water heater and removed unit from the house

**Installation & Reconnection**

* Installed two new water supply lines
* Installed one new shut off valve.
* Installed 22-inch drain pan
* Re-ran T&P discharge line into the wall outlet
* Connected electrical to heater
* Filled water heater


**Testing & Closeout**

* Checked system for proper operation
* Registered new water heater 
* All documentation signed and payment collected","Lowes,In Warehouse","Default Workflow"
"77654","Paid","Paid","Richard Rosenbaum","","richard rosenbaum - Estimate","#26998 - Water Heater Install :Lowes Water Heaters","Water Heater Install :Lowes Water Heaters","richard rosenbaum - Estimate","1785","1785","1785","958","827","46","1785","0","936","849","Yes","","","","0","","","","0","Jul 21, 2026","","Aug 2, 2026","Tue Jul 21 2026 10:41:32 GMT-0700","Mon Jul 20 2026 12:55:11 GMT-0700","Tue Jul 21 2026 10:41:32 GMT-0700","2026","July 2026","Upon my arrival, I was greeted by customers, adult daughter and shown to the garage or water heater is to be replaced. Previous company had drain down most of the water heater and bypassed it with a loop using a nipple. Gas has been shut off to unit as well. I finished cleaning down water heater and shut down water service to the home to replace Ball valve and two supply lines. I installed a new Ball valve and two new supply lines, and drip pan. I sent new water heater into place and connect vent hood to vent piping, supply lines to water heater, assemble the sediment trap and installed it to the thermostat and connected the gas line, connected temperature and pressure relief line to temperature and pressure relief valve. I restored water service to the home and filled water heater to check for leaks and found no leaks at this time. I use a gas knife for two sniffer gas leaks, and found no gas leaks at this time","","","Lowes","0","0","0","0","688","270","688","270","Gina Neisius","Gina Neisius","","30","535.5","NaN","Mon Jul 27 2026 05:00:00 GMT-0700","Mon Jul 27 2026 05:00:00 GMT-0700","-","-","590 e mountain view rd, San Tan Valley, AZ 85143","San Tan Valley","AZ","85143","No","Lowes","","","41421654","","Lowe's","Free","","Residential","Tier 1 - 8%","","","17584674","(480) 369-4556","jodi.rosenbaum@yahoo.com","","","Gina Neisius","IME","New Prospect","","ESTIMATE_APPOINTMENT | APPOINTMENT_SET","ESTIMATE_APPOINTMENT | APPOINTMENT_SET","Mon Jul 20 2026 09:48:44 GMT-0700","Resi,Lowes","Richard Rosenbaum","","Richard","Rosenbaum","","41421654","garage","","Lowes - Water Heaters","","","","","","","Completed","#962540
older couple- please give another call 15 minutes prior to arrival if possible. coming home from dialysis. 

Order #


Model Number #


Lowes Store Address:


Notes and Details (Addon bundles, other details):","Edward Lopez","Lowes","Upon my arrival, I was greeted by customers, adult daughter and shown to the garage or water heater is to be replaced. Previous company had drain down most of the water heater and bypassed it with a loop using a nipple. Gas has been shut off to unit as well. I finished cleaning down water heater and shut down water service to the home to replace Ball valve and two supply lines. I installed a new Ball valve and two new supply lines, and drip pan. I sent new water heater into place and connect vent hood to vent piping, supply lines to water heater, assemble the sediment trap and installed it to the thermostat and connected the gas line, connected temperature and pressure relief line to temperature and pressure relief valve. I restored water service to the home and filled water heater to check for leaks and found no leaks at this time. I use a gas knife for two sniffer gas leaks, and found no gas leaks at this time","In Warehouse,Lowes","Default Workflow"
"77653","Paid","Paid","Mark Larsen","","Mark Larsen - Estimate - Toilet :Lowes Simple Installs","#26982 - Toilet :Lowes Simple Installs","Toilet :Lowes Simple Installs","Mark Larsen - Estimate - Toilet :Lowes Simple Installs","147.5","147.5","147.5","35.6","111.9","76","147.5","0","55","92.5","Yes","","","","0","","","","0","Jul 21, 2026","","Aug 20, 2026","Tue Jul 21 2026 10:39:33 GMT-0700","Tue Jul 21 2026 08:55:33 GMT-0700","Tue Jul 21 2026 10:39:33 GMT-0700","2026","July 2026","","","","Lowes,Add On","0","0","0","0","24.5","11.1","24.5","11.1","Ashley Reed","Erik Tange","","0","29","NaN","Tue Jul 21 2026 05:00:00 GMT-0700","Tue Jul 21 2026 05:00:00 GMT-0700","-","-","1202 W HAZELWOOD ST, PHOENIX, AZ 85013","PHOENIX","AZ","85013","No","Lowes:Simple Installs","","","","","Lowe's","Free","","Residential","Tier 1 - 8%","","","17521590","708-421-9203","mark.larsen1982@gmail.com","","","","IMS","","","PLUMB - ONLINE ONLY","PLUMB - ONLINE ONLY","Thu Jul 16 2026 08:00:09 GMT-0700","Phoenix,Resi","Mark Larsen","","Mark","Larsen","","413319415","","","Lowes - Simple Installs","","","","","","","Canceled","x2
KOHLER Battan The Complete Solution White Elongated Chair height 12-in Rough-In WaterSense 1.28 GPF Soft Close 2-piece Toilet

Store:5809 WEST NORTHERN AVE.,
Glendale, AZ 85301
Order#300902197264147553

Trip fee:PR32445116","Erik Tange","Lowes","Exsisting angle stop is gate valve and has a slow leak when turned off. I suggested to customer they should have it replaced. Customer agreed to quote and invoice. Turned water off to house, removed old supply line, removed old toilet, cleaned area under old toilet. Exsisting toilet flange is cast iron and in VERY poor condition, and has multiple exsisting cracks, and broken pieces. I informed customer of the situation and customer will be waiting for a call from our residential division.

Removed old angle stop, cut 1/4"" off end of copper pipe, **installed new 1/4 turn angle stop and 16"" toilet supply line.** Turned water on to house, checked angle stop for leaks, no leaks.","Lowes,Pick up from Lowes","Default Workflow"
"77651","Paid","Paid","john kilass","","john kilass - Invoice - Toilet :Lowes Simple Installs","#26876 - Toilet :Lowes Simple Installs","Toilet :Lowes Simple Installs","","50","50","50","5","45","90","50","0","0","50","Yes","","","","0","","","","0","Jul 21, 2026","","Aug 16, 2026","","","Tue Jul 21 2026 10:03:16 GMT-0700","2026","July 2026","","","","Lowes,Add On","0","0","0","0","0","5","0","5","Brenton Heward","Bryan Pickett","","0","18","NaN","Tue Jul 21 2026 05:00:00 GMT-0700","Tue Jul 21 2026 05:00:00 GMT-0700","-","-","308 Leisure World, Mesa, AZ 85206","Mesa","AZ","85206","No","Lowes:Simple Installs","","","","","Lowe's","Free","","Residential","Tier 1 - 8%","","","17465556","707-322-0291","john.kilass.85@gmail.com","","","","IMS","","","PLUMB - GENERAL (NO SOFTENERS)","PLUMB - GENERAL (NO SOFTENERS)","Fri Jul 10 2026 08:00:09 GMT-0700","","john kilass","","john","kilass","","412882356","","","Lowes - Simple Installs","","","","","","","Canceled","Simple installs -2- Project Source Pro-flush White Elongated Chair height 12-in Rough-In WaterSense 1.28 GPF 2-piece Toilet with XL Trapway/ pick up from lowes/ when you get to the guard give him the customers address

1440 SOUTH HIGLEY ROAD,
Mesa, AZ 85206
Store: #714
Phone: (480) 832-1666

Delivery Fee: PR32416719
Trip Charge: PR32440246","Bryan Pickett","Lowes","Master Bath: Disconnected water supply line, removed old toilet and old wax ring. Installed new waxring and new toilet. Reconnected water supply line and tested by filling tank and flushing through bowl several times while checking for leaks and moisture. No visible water, customer tested and customer satisfied.

Pickup/Delivery charge 
Toilet Install

Guest Bathroom: Toilet was not accepted by customer, states that he purchased an Tall model that was supposed to be 2 inches taller. Informed customer of return and rescheduling options. Returned toilet to lowes as seen in photos.","Lowes,Pick up from Lowes","Default Workflow"
"77650","Paid","Paid","Nicole Momjian","","Nicole Momjian - Invoice - Toilet :Lowes Simple Installs","#26079 - Toilet :Lowes Simple Installs","Toilet :Lowes Simple Installs","","50","50","50","5","45","90","50","0","0","50","Yes","","","","0","","","","0","Jul 21, 2026","","Aug 5, 2026","","","Tue Jul 21 2026 10:02:27 GMT-0700","2026","July 2026","Trip Fee: PR32440054","","","Add On","0","0","0","0","0","5","0","5","Brenton Heward","","","0","0","NaN","Tue Jul 21 2026 05:00:00 GMT-0700","Tue Jul 21 2026 05:00:00 GMT-0700","-","-","3756 North Placita Vergel, Tucson, Arizona 85719","Tucson","Arizona","85719","No","Lowes:Simple Installs","","","","","Lowe's","Free","","Residential","Tier 1 - 8%","","","17326286","(480) 620-2582","studionicole1@aol.com","","","","IMS","","","","","Fri Jun 26 2026 11:42:36 GMT-0700","Lowes - Simple Installs","Nicole Momjian","","Nicole","Momjian","","411777513","","","Lowes - Simple Installs","","","","","","","New","Simple installs -2-American Standard Edgemere White Elongated Chair height 10-in Rough-In WaterSense 1.28 GPF Soft Close 2-piece Toilet/ Pick up from lowe's/ She lives in Scottsdale but will be driving to tucson to meet you at the house / it is a gated community so need to call her to get in/ we will also be installing new shut off valves that we are suppling, Estimate is created and sent to customer 
Ordered#: 201638201261682330

4151 NORTH ORACLE ROAD,
Tucson, AZ 85705
Store: #1638
Phone: (520) 887-1003

7/21 Delivery Fee: PR32232719
7/21 Trip Fee: PR32440054

7/22: Delivery Fee: PR32459492","Mathew Hodges","Lowes","Came out to customers house to install Kohler toilets they were the wrong size. They were 12 inch on center. They have to be 10 inch on center going back to Lowe’s to drop off the new toilets that I picked up job has to be rescheduled. Customer has to pick up the right toilets. I did pull one of the toilets. Customer told me to leave it off and just put something down to cover the drain that is in my pictures as well.","Lowes,Pick up from Lowes","Default Workflow"
"77649","Paid","Paid","Nicole Momjian","","Nicole Momjian - Invoice - Toilet :Lowes Simple Installs","#26079 - Toilet :Lowes Simple Installs","Toilet :Lowes Simple Installs","","35","35","35","4","31","89","35","0","0","35","Yes","","","","0","","","","0","Jul 21, 2026","","Aug 5, 2026","","","Tue Jul 21 2026 10:02:03 GMT-0700","2026","July 2026","","","","Add On","0","0","0","0","0","4","0","4","Brenton Heward","","","0","0","NaN","Tue Jun 30 2026 05:00:00 GMT-0700","Tue Jun 30 2026 05:00:00 GMT-0700","-","-","3756 North Placita Vergel, Tucson, Arizona 85719","Tucson","Arizona","85719","No","Lowes:Simple Installs","","","","","Lowe's","Free","","Residential","Tier 1 - 8%","","","17326286","(480) 620-2582","studionicole1@aol.com","","","","IMS","","","","","Fri Jun 26 2026 11:42:36 GMT-0700","Lowes - Simple Installs","Nicole Momjian","","Nicole","Momjian","","411777513","","","Lowes - Simple Installs","","","","","","","New","Simple installs -2-American Standard Edgemere White Elongated Chair height 10-in Rough-In WaterSense 1.28 GPF Soft Close 2-piece Toilet/ Pick up from lowe's/ She lives in Scottsdale but will be driving to tucson to meet you at the house / it is a gated community so need to call her to get in/ we will also be installing new shut off valves that we are suppling, Estimate is created and sent to customer 
Ordered#: 201638201261682330

4151 NORTH ORACLE ROAD,
Tucson, AZ 85705
Store: #1638
Phone: (520) 887-1003

7/21 Delivery Fee: PR32232719
7/21 Trip Fee: PR32440054

7/22: Delivery Fee: PR32459492","Mathew Hodges","Lowes","Came out to customers house to install Kohler toilets they were the wrong size. They were 12 inch on center. They have to be 10 inch on center going back to Lowe’s to drop off the new toilets that I picked up job has to be rescheduled. Customer has to pick up the right toilets. I did pull one of the toilets. Customer told me to leave it off and just put something down to cover the drain that is in my pictures as well.","Lowes,Pick up from Lowes","Default Workflow"
"77646","Sent","Sent","ATI Restoration","","Job #2600216460 - Water Heater Replacement","#26782 - Job for ATI Restoration","Job for ATI Restoration","ATI Restoration - Estimate - Job for ATI Restoration","2505","2505","2505","893.6","1611.4","64","0","2505","1350","1155","No","","","","0","","","","0","Jul 21, 2026","Thu Jul 23 2026 10:16:48 GMT-0700","Aug 20, 2026","","Thu Jul 23 2026 10:13:58 GMT-0700","Tue Jul 21 2026 09:53:07 GMT-0700","2026","July 2026","","","","","0","0","0","0","800","93.6","800","93.6","Hunter Howell","Hunter Howell","","30","483.42","NaN","","","-","-","22815 North 120th Lane, Sun City, Arizona 85373","Sun City","Arizona","85373","No","AZ Service","","","","","Lowe's","Free","","Residential","Tier 1 - 8%","","","15944328","","phxinvoices@atirestoration.com","","","Chris Marrs","Referral","","","","","Tue Apr 21 2026 09:12:25 GMT-0700","Commercial,VIP","ATI Restoration","ATI Restoration","","","","001-099543","","","PHX - Plumbing","","","","","","","Completed","Need to install a water heater at a residential","Hunter Howell","MFH - Plumbing","Includes:
Turned water off to the system.
Drained the system.
Removed the existing angle stops and capped the water lines.
Replaced the water heater.
Restored water service.
Leak tested all connections.
Cleaned up the work area.
Excludes:
Work beyond listed scope.
Water damage.
Modifications to existing plumbing beyond the point of connection.","Resi","Default Workflow"
"77642","Paid","Paid","Guillermo Juarez","","Guillermo Juarez - Invoice - Toilet :Lowes Simple Installs","#26784 - Toilet :Lowes Simple Installs","Toilet :Lowes Simple Installs","","348","348","348","34","314","90","348","0","0","348","Yes","","","","0","","","","0","Jul 20, 2026","","Aug 20, 2026","","","Tue Jul 21 2026 09:09:14 GMT-0700","2026","July 2026","","","","Lowes","0","0","0","0","0","34","0","34","Ashley Reed","Dave Barber Show Low (Contactor)","","0","348","NaN","Wed Jul 22 2026 05:00:00 GMT-0700","Wed Jul 22 2026 05:00:00 GMT-0700","-","-","6901 Mercury Dr, Lakeside, AZ 85929","Lakeside","AZ","85929","No","Lowes:Simple Installs","","","","","","","","","","","","17465598","480-710-8468","gmjuarez46@gmail.com","null","","","IMS","","","PLUMB - GENERAL (NO SOFTENERS)","PLUMB - GENERAL (NO SOFTENERS)","Fri Jul 10 2026 08:04:32 GMT-0700","","Guillermo Juarez","","Guillermo","Juarez","","411884245","","","Lowes - Simple Installs","","","","","","","Completed","Simple installs -2
KOHLER Elliston White Elongated Chair height 12-in Rough-In WaterSense 1.28 GPF Soft Close 2-piece Toilet
KOHLER Elliston White Elongated Tall height 12-in Rough-In WaterSense 1.28 GPF Soft Close 2-piece Toilet

Lowe's of Show Low
5800 S WHITE MOUNTAIN ROAD,
Show Low, AZ 85901
Store: #2833
Phone: (928) 532-2620

Delivery fee: PR32390706","Dave Barber Show Low (Contactor)","Lowes","","Lowes,Pick up from Lowes","Default Workflow"
"77626","Paid","Paid","Lynn Miller","","Lynn Miller - Estimate","#26968 - Water Heater Install :Lowes Water Heaters","Water Heater Install :Lowes Water Heaters","Lynn Miller - Estimate","1989.7","1989.7","1989.7","1138","851.7","43","1989.7","0","1153","836.7","Yes","","","","0","","","","0","Jul 21, 2026","","Aug 20, 2026","Tue Jul 21 2026 08:00:22 GMT-0700","Mon Jul 20 2026 09:07:28 GMT-0700","Tue Jul 21 2026 08:00:22 GMT-0700","2026","July 2026","Came out to customers house to install 40 gallon propane, gas water heater ran into a little issues old water heater did not want to drain right got the old water heater down and installed new water heater then I had the new supply line gasket was leaking. Had to replace the gasket. that’s why it took a little bit longer than usual got everything hooked up made sure there was no leaks. After replacing the gasket tested everything. There is no leaks at this time turned gas onto the water heater filled up the water heater. Turn gas on water heater is now heating up. Customer is satisfied with the work.","","","Needs Permit,Lowes","0","0","0","0","868","270","868","270","Gina Neisius","Gina Neisius","","30","596.91","NaN","Mon Jul 27 2026 05:00:00 GMT-0700","Mon Jul 27 2026 05:00:00 GMT-0700","-","-","5071 n silverbell rd, Tucson, AZ 85745","Tucson","AZ","85745","No","Lowes","","","41420342","","Lowe's","Free","","Residential","Tier 1 - 8%","","","17582446","(520) 808-5522","lmiller520@comcast.net","","","Gina Neisius","IME","New Prospect","","ESTIMATE_APPOINTMENT | APPOINTMENT_SET","ESTIMATE_APPOINTMENT | APPOINTMENT_SET","Mon Jul 20 2026 07:34:41 GMT-0700","","Lynn Miller","","Lynn","Miller","","41420342","single car garage","","Lowes - Water Heaters","","","","","","","Completed","#1325041
didn't have photos since he is not home. Current unit is 56.5 inches tall in the single car garage. 

Order #300902201264480938

Model Number # #G6-T4036PVR

Lowes Store Address: 4075 WEST INA ROAD, Tucson, AZ, 85741


Notes and Details (Addon bundles, other details):","Mathew Hodges","Lowes","Came out to customers house to install 40 gallon propane, gas water heater ran into a little issues old water heater did not want to drain right got the old water heater down and installed new water heater then I had the new supply line gasket was leaking. Had to replace the gasket. that’s why it took a little bit longer than usual got everything hooked up made sure there was no leaks. After replacing the gasket tested everything. There is no leaks at this time turned gas onto the water heater filled up the water heater. Turn gas on water heater is now heating up. Customer is satisfied with the work.","Pick up from Lowes,Lowes","Default Workflow"
"77610","Sent","Sent","Colter Park","Harbor Group Management Co., LLC","Unit 295 - Fan Coil Leak Repair","#27021 - Fan Coil Leak","Fan Coil Leak","Colter Park - Estimate - Fan Coil Leak","345","345","345","56","289","84","0","345","45","300","No","","","","0","","","","0","Jul 20, 2026","Wed Jul 22 2026 13:48:47 GMT-0700","Aug 19, 2026","","Wed Jul 22 2026 13:47:04 GMT-0700","Mon Jul 20 2026 18:57:58 GMT-0700","2026","July 2026","","","","RealPage","0","0","0","0","20","36","20","36","Hunter Howell","Hunter Howell","","30","86.7","NaN","","","-","-","909 West Colter Street, Phoenix, Arizona 85013","Phoenix","Arizona","85013","No","AZ Service:MFH","","","","","Lowe's","Free","","Residential","Tier 1 - 8%","","","15508690","(480) 640-7388","fswanson@harborgroupmanagement.com","","","Logen Uknavage","","","","","","Mon Mar 30 2026 09:43:16 GMT-0700","Harbor","Colter Park","Colter Park","Feljie","Swanson","","85833834","","","MFH - Plumbing","","","","","","","Completed","Fan coil i s leaking","Hunter Howell","MFH - Plumbing","Findings
Found the fan coil leaking.
Includes
Opened the ceiling register to access the fan coil.
Insulated the condensating pipes.
Leak tested the system.
Cleaned up the work area.
Excludes
Work beyond the listed scope.
Water damage.
Drywall, texture, and paint repairs","","Default Workflow"
"77606","Sent","Sent","Colter Park","Harbor Group Management Co., LLC","Unit 232 - Fan Coil Condensate Line Clearing","#27022 - Fan Coil Leak","Fan Coil Leak","Unit 232 - Fan Coil Condensate Line Clearing","270","270","270","33","237","88","0","270","-5","275","No","","","","0","","","","0","Jul 20, 2026","Wed Jul 22 2026 13:52:28 GMT-0700","Aug 19, 2026","","","Mon Jul 20 2026 18:16:32 GMT-0700","2026","July 2026","","","","RealPage","0","0","0","0","0","33","0","33","Hunter Howell","Hunter Howell","","30","71.1","NaN","","","-","-","909 West Colter Street, Phoenix, Arizona 85013","Phoenix","Arizona","85013","No","AZ Service:MFH","","","","","Lowe's","Free","","Residential","Tier 1 - 8%","","","15508690","(480) 640-7388","fswanson@harborgroupmanagement.com","","","Logen Uknavage","","","","","","Mon Mar 30 2026 09:43:16 GMT-0700","Harbor","Colter Park","Colter Park","Feljie","Swanson","","85835838","","","MFH - Plumbing","","","","","","","Completed","Fan coil leaking
POC Anthony: 602-880-8228","Hunter Howell","MFH - Plumbing","Findings
Found the condensate drain line backed up with debris, restricting proper drainage.
Includes
Opened the condensate drain line
Vacuumed debris from the drain line
Drain tested to verify proper flow
Leak tested
Cleaned up
Excludes
Work beyond listed scope
Water damage
Repairs to the condensate drain line","","Default Workflow"
"77601","Sent","Sent","Heritage district","AIR Communities","Unit 1113 - Capacitor Replacement and Condenser Coil Cleaning","#26977 - No Cool :HVAC","No Cool :HVAC","","323","323","323","56.2","266.8","83","0","323","63","260","No","","","","0","","","","0","Jul 20, 2026","Wed Jul 22 2026 11:59:42 GMT-0700","Aug 19, 2026","","","Mon Jul 20 2026 17:40:15 GMT-0700","2026","July 2026","","","","","0","0","0","0","25","31.2","25","31.2","Chuy Torres","Chuy Torres","","32","0","NaN","","","-","-","275 West Juniper Avenue, Gilbert, Arizona 85233","Gilbert","Arizona","85233","No","MFH:MFH - HVAC","","","","","Lowe's","Free","","Residential","Tier 1 - 8%","","","16169568","(480) 217-6717","susan.kucherer@aircommunities.com","","","Logen Uknavage","Referral","","","","","Thu Apr 30 2026 16:10:28 GMT-0700","Coupa","Heritage district","Heritage district","","","","1406088","","","MFH - HVAC","","Mike","","","","","Completed","Unit 1113
Per Mike unit not cooling
POC Mike","Jacob Martinez, Chuy Torres","MFH - HVAC","---

## **Field Service Report: Capacitor Replacement & Condenser Cleaning**

**Date:** July 20, 2026  
**Unit:** 1113  
**Status:** Arrived on-site, diagnosed a bad run capacitor causing the compressor to stall, replaced the component, and cleaned a dirty condenser coil to resolve high operating temperatures.

### **Diagnostic Findings**
* **Initial Assessment:** Responded to a no-cooling call and evaluated the outdoor HVAC equipment.
* **Component Failure:** Found the **compressor was not coming on**. Tested the electrical components and found a completely dead/failed **40/5 mfd dual run capacitor**.

### **Repairs Performed**
* **Component Replacement:** Supplied and installed a brand-new **40/5 mfd run capacitor** to restore voltage to the compressor and fan motor. 
* **System Evaluation & Maintenance:** Hooked up the gauges to check the refrigerant cycle. Noticed the **high side temperature was running excessively hot at over 120°F**, indicating poor heat rejection.
* **Coil Cleaning:** Performed a thorough cleaning of the **condenser coil** to remove the dirt and restriction. 

### **Final Status**
* **Verification:** After cleaning the coil, the head pressures successfully regulated and dropped back down to normal operating levels. Checked the indoor performance and verified a perfect **20-degree air split** (temperature drop) across the evaporator.
* **Outcome:** **Restored operation; the system is working properly at this time.**

---

**Status: Component Replaced & Maintenance Performed — Ticket Closed**

---","","Default Workflow"
"77588","Paid","Paid","Sue Clark","","Sue Clark - Invoice - Toilet :Lowes Simple Installs","#26939 - Toilet :Lowes Simple Installs","Toilet :Lowes Simple Installs","","174","174","174","17","157","90","174","0","0","174","Yes","","","","0","","","","0","Jul 20, 2026","","Aug 4, 2026","","","Mon Jul 20 2026 16:16:27 GMT-0700","2026","July 2026","","","","Lowes","0","0","0","0","0","17","0","17","Ashley Reed","Erik Tange","","0","61","NaN","Wed Jul 22 2026 05:00:00 GMT-0700","Wed Jul 22 2026 05:00:00 GMT-0700","-","-","1705 West Cortez Circle, Chandler, Arizona 85224","Chandler","Arizona","85224","No","Lowes:Simple Installs","","","","","Lowe's","Free","","Residential","Tier 1 - 8%","","","17544731","(480) 203-5622","smithclark3@msn.com","","","","IMS","","","","","Fri Jul 17 2026 16:04:47 GMT-0700","Lowes - Simple Installs","Sue Clark","","Sue","Clark","","413432113","","","Lowes - Simple Installs","","","","","","","Completed","simple installs -1- KOHLER Elliston White Elongated Tall height 12-in Rough-In WaterSense 1.28 GPF Soft Close 2-piece Toilet/ onsite, the toilet is in there car","Erik Tange","Lowes","Exsisting angle stop is 1/4 turn and works as it should. Removed old supply line, removed old toilet, cleaned area under old toilet, exsisting toilet flange is in good working condition. Installed new included wax ring, installed toilet bowl, installed toilet tank. **Installed new 16"" toilet supply line.** Checked for leaks, no leaks. Toilet flushes and functions as necessary. Sealed to floor with white silicone caulking. Installed new included toilet seat.","Lowes,onsite","Default Workflow"
"77587","Invoiced","Invoiced","Westmount at Urban Trails","BH Management Services LLC","Unit 013 - Thermostat, Transformer, and Relay Replacement","#26980 - No Cool :HVAC","No Cool :HVAC","","909","909","909","253.8","655.2","72","0","909","219","690","No","","","","0","","","","0","Jul 20, 2026","","Aug 20, 2026","","","Mon Jul 20 2026 16:14:30 GMT-0700","2026","July 2026","","","","","0","0","0","0","125","128.8","125","128.8","Chuy Torres","","","32","209.66","NaN","","","-","-","1620 West Southern Avenue, Mesa, Arizona 85202","Mesa","Arizona","85202","No","MFH:MFH - HVAC","","","","","Lowe's","Free","","Residential","Tier 1 - 8%","","","6991839","(505) 770-4644","lyndsay.robinson@livebh.com","","","Logen Uknavage","","New Prospect","","Greystar","","Mon Jun 03 2024 15:06:37 GMT-0700","VendorCafe,BH Mgmt,MFH","Westmount at Urban Trails","Westmount at Urban Trails","Lyndsay","Robinson","","","","","MFH - HVAC","","Lyndsay","","","","","Completed","Unit 013
No cool - possible t-stat issue
POC Lyndsay","Chuy Torres, Jacob Martinez","MFH - HVAC","Service Completed — Unit 13:
Investigated a total loss of power to the thermostat on Unit 13. Found both the system transformer and control relay burned out and non-functional. Replaced the transformer, relay, and thermostat. Restored system power and verified that the unit is actively blowing cold air and cycling as intended.","","Default Workflow"
"77585","Invoiced","Invoiced","David Herzog","Old Republic Home Protection","David Herzog - Estimate - Pool Equipment Repair","#26555 - Pool Equipment Repair","Pool Equipment Repair","David Herzog - Estimate - Pool Equipment Repair","3340","3340","3340","2040.8","1299.2","39","0","3340","3000","340","No","","","","0","","","","0","Jul 24, 2026","","Jul 20, 2026","Mon Jul 20 2026 15:59:22 GMT-0700","Thu Jul 16 2026 19:11:56 GMT-0700","Mon Jul 20 2026 15:59:22 GMT-0700","2026","July 2026","Autho #FTX 098 AUTHORIZATION TOTAL $1,965.55","","","","0","0","0","0","2000","40.8","2000","40.8","Jasper Castaneda","Jasper Castaneda","","30","389.76","NaN","","","-","-","9725 North Fireridge Trail, Fountain Hills, Arizona 85268","Fountain Hills","Arizona","85268","No","AZ Service:Pools","","","","","Lowe's","Free","","Residential","Tier 1 - 8%","","","17463026","928-451-1412","daveherzog@icloud.com","","","","","","","","","Thu Jul 09 2026 14:11:48 GMT-0700","Resi","David Herzog","","David","Herzog","","7500-8803","","","Pool Repair","","ORHP/ DAVID HERZOG","","","","","Pending Site Visits","Symptoms: Leaking air/ pump not priming","Jasper Castaneda","Pools","","Resi","Default Workflow"
"77584","Paid","Paid","Sue Clark","","Sue Clark - Estimate - Toilet :Lowes Simple Installs","#26939 - Toilet :Lowes Simple Installs","Toilet :Lowes Simple Installs","Sue Clark - Estimate - Toilet :Lowes Simple Installs","25","25","25","7.5","17.5","70","25","0","25","0","Yes","","","","0","","","","0","Jul 20, 2026","","Aug 19, 2026","Mon Jul 20 2026 15:51:53 GMT-0700","Mon Jul 20 2026 15:47:01 GMT-0700","Mon Jul 20 2026 15:51:53 GMT-0700","2026","July 2026","","","","Add On,Lowes","0","0","0","0","7.5","0","7.5","0","Ashley Reed","Erik Tange","","0","4","NaN","Mon Jul 20 2026 05:00:00 GMT-0700","Mon Jul 20 2026 05:00:00 GMT-0700","-","-","1705 West Cortez Circle, Chandler, Arizona 85224","Chandler","Arizona","85224","No","Lowes:Simple Installs","","","","","Lowe's","Free","","Residential","Tier 1 - 8%","","","17544731","(480) 203-5622","smithclark3@msn.com","","","","IMS","","","","","Fri Jul 17 2026 16:04:47 GMT-0700","Lowes - Simple Installs","Sue Clark","","Sue","Clark","","413432113","","","Lowes - Simple Installs","","","","","","","Completed","simple installs -1- KOHLER Elliston White Elongated Tall height 12-in Rough-In WaterSense 1.28 GPF Soft Close 2-piece Toilet/ onsite, the toilet is in there car","Erik Tange","Lowes","Exsisting angle stop is 1/4 turn and works as it should. Removed old supply line, removed old toilet, cleaned area under old toilet, exsisting toilet flange is in good working condition. Installed new included wax ring, installed toilet bowl, installed toilet tank. **Installed new 16"" toilet supply line.** Checked for leaks, no leaks. Toilet flushes and functions as necessary. Sealed to floor with white silicone caulking. Installed new included toilet seat.","Lowes,onsite","Default Workflow"
"77578","Paid","Paid","Parq on 50th Apartments","BH Management Services LLC","Parq on 50th Apartments - Estimate - No Cool :HVAC","#26565 - No Cool :HVAC","No Cool :HVAC","Parq on 50th Apartments - Estimate - No Cool :HVAC","1999","1999","1999","1339.86","659.1400000000001","33","1999","0","1350","649","Yes","","","","0","","","","0","Jul 20, 2026","","Aug 19, 2026","Mon Jul 20 2026 15:27:29 GMT-0700","Tue Jul 14 2026 15:45:23 GMT-0700","Mon Jul 20 2026 15:27:29 GMT-0700","2026","July 2026","","","","VendorCafe","0","0","0","0","900","128.8","900","128.8","Jarren Heward","","","30","0","NaN","Wed Jul 22 2026 05:00:00 GMT-0700","Wed Jul 22 2026 05:00:00 GMT-0700","-","-","5008 East Thomas Road, Phoenix, Arizona 85018","Phoenix","Arizona","85018","No","MFH:MFH - HVAC","","","","","Lowe's","Free","","Residential","Tier 1 - 8%","","","10287520","602-354-5936","lydia.flores@livebh.com","602-218-2197 cell","","Logen Uknavage","","","","","","Thu Apr 24 2025 15:03:17 GMT-0700","BH Mgmt,MFH,Commercial","Parq on 50th Apartments","Parq on 50th Apartments","Lydia","Flores","","4763191","","","MFH - HVAC","","Edwin","","","","","Completed","Unit 1104
No cool- temp not dropping during peak hours
POC Edwin","Chuy Torres, Riley Torres","MFH - HVAC","---

## **Field Service Report: Compressor Failure & Replacement Estimate**

**Date:** July 10, 2026  
**Unit:** 1104  
**Status:** Arrived on-site, diagnosed a catastrophic mechanical failure within the compressor, and initiated a replacement quote per the property's request.

### **Diagnostic Findings**
* **Initial Assessment:** Responded to a no-cooling call and evaluated the HVAC equipment.
* **Component Failure:** Inspected the compressor and found it is permanently **stuck in internal bypass**. The internal pressure relief valve (IPRV) has opened and failed to reset, meaning the compressor is running electrically but is no longer pumping refrigerant.

### **Recommendations & Next Steps**
* **Estimate Requested:** Due to the fatal mechanical failure, the compressor must be replaced. The property management has explicitly requested a bid for a compressor replacement only.
* **Equipment Specs:** The current system utilizes **R-410A refrigerant**. I am submitting these findings and equipment details to the office to generate a formal compressor replacement proposal.

---

**Status: Compressor Condemned — Pending Replacement Quote (R-410A)**

---","","Default Workflow"
"77576","Paid","Paid","Daniel Phillips","","Daniel Phillips - Invoice - Toilet :Lowes Simple Installs","#26771 - Toilet :Lowes Simple Installs","Toilet :Lowes Simple Installs","","174","174","174","17","157","90","174","0","0","174","Yes","","","","0","","","","0","Jul 20, 2026","","Aug 19, 2026","","","Mon Jul 20 2026 15:19:47 GMT-0700","2026","July 2026","","","","Lowes","0","0","0","0","0","17","0","17","Ashley Reed","Erik Tange","","0","61","NaN","Tue Jul 21 2026 05:00:00 GMT-0700","Tue Jul 21 2026 05:00:00 GMT-0700","-","-","43449 W NEELY DR, MARICOPA, AZ 85138","MARICOPA","AZ","85138","No","Lowes:Simple Installs","","","","","Lowe's","Free","","Residential","Tier 1 - 8%","","","17486431","402-319-0911","dan68123@gmail.com","","","","IMS","","","PLUMB - GENERAL (NO SOFTENERS)","PLUMB - GENERAL (NO SOFTENERS)","Sat Jul 11 2026 08:00:22 GMT-0700","","Daniel Phillips","","Daniel","Phillips","","412944805","","","Lowes - Simple Installs","","","","","","","Completed","Simple installs -1- American Standard Esteem VorMax White Elongated Chair height 12-in Rough-In WaterSense 1.28 GPF Soft Close 2-piece Toilet/ pick up from lowes

44400 W. HONEYCUTT AVENUE,
Maricopa, AZ 85138
Store: #3068
Phone: (520) 607-5540

Delivery Date: PR32385561","Erik Tange","Lowes","Exsisting angle stop is single piece gate valve. I suggested to customer they should have it replaced. Customer agreed to quote and invoice.
Turned water off to house, disconnected supply line, removed old toilet, cleaned area under old toilet. Exsisting toilet flange has minimal surface rust, but otherwise in good working condition.
Removed old angle stop, cut 1/4"" off end of copper pipe. **Installed new 1/4 turn angle stop, installed new 16"" toilet supply line.** Turned water on to house, checked angle stop for leaks, no leaks. 
Installed new included wax ring, installed toilet bowl, as I was installing tank I noticed one of the bolts was stripped, upon further inspection I noticed that bolt was missing an interior rubber washer from the factory. (Check included pics.) 

 I replaced that bolt and rubber washer with an extra from my bag. Installed toilet tank, checked for leaks, no leaks. Toilet flushes and functions as necessary. Sealed to floor with white silicone caulking.","Pick up from Lowes,Lowes","Default Workflow"
"77575","Paid","Paid","Jason Valentino.","","Jason Valentino. - Invoice - Garbage Disposal :Lowes Simple Installs","#26777 - Garbage Disposal :Lowes Simple Installs","Garbage Disposal :Lowes Simple Installs","","127","127","127","13","114","90","147","-20","0","127","Yes","","","","0","","","","0","Jul 20, 2026","","Aug 4, 2026","","","Mon Jul 20 2026 15:17:26 GMT-0700","2026","July 2026","","","","Lowes","0","0","0","0","0","13","0","13","Ashley Reed","Erik Tange","","0","44","NaN","Tue Jul 21 2026 05:00:00 GMT-0700","Tue Jul 21 2026 05:00:00 GMT-0700","-","-","2926 North Coronado Drive, Florence, Arizona 85132","Florence","Arizona","85132","No","Lowes:Simple Installs","","","","","Lowe's","Free","","Residential","Tier 1 - 8%","","","17484337","(702) 234-9364","nyankees3@hotmail.com","","","","IMS","","","","","Fri Jul 10 2026 16:03:51 GMT-0700","Lowes - Simple Installs","Jason Valentino.","","Jason","Valentino.","","412808532","","","Lowes - Simple Installs","","","","","","","Completed","simple installs- 1- Badger 5XL Continuous feed 1/2-HP Septic Safe Non-corded Garbage Disposal/ onsite/ will purchase a power cord from us, invoice created","Erik Tange","Lowes","House was vacant upon arrival, customer contact was 45 min away, they gave location of key and permission to enter.  Customer will need to be called to collect payment for power cord.

Disconnected p-trap and under sink drain plumbing, disconnected dishwasher drain hose, removed old disposal, removed old disposal flange. Cleaned sink area under old flange. 

**Installed new power cord**, popped out dishwasher drain plug, installed new disposal flange, installed new disposal, reconnected under sink drain plumbing and p-trap, reconnected dishwasher drain hose. Checked for leaks, no leaks. Disposal and drain function as necessary.","Lowes,onsite","Default Workflow"
"77574","Paid","Paid","JILL COSTANTINO","","JILL COSTANTINO - Invoice - Faucet :Lowes Simple Installs","#26778 - Faucet :Lowes Simple Installs","Faucet :Lowes Simple Installs","","135","135","135","14","121","90","135","0","0","135","Yes","","","","0","","","","0","Jul 20, 2026","","Aug 19, 2026","","","Mon Jul 20 2026 15:12:39 GMT-0700","2026","July 2026","","","","Lowes","0","0","0","0","0","14","0","14","Ashley Reed","Erik Tange","","0","47","NaN","Tue Jul 21 2026 05:00:00 GMT-0700","Tue Jul 21 2026 05:00:00 GMT-0700","-","-","1533 E Cielo Azul Way, San Tan Valley, AZ 85140","San Tan Valley","AZ","85140","No","Lowes:Simple Installs","","","","","Lowe's","Free","","Residential","Tier 1 - 8%","","","17486433","(909) 964-9597","jlcostantino5@gmail.com","909-227-4775","","","IMS","","","PLUMB - GENERAL (NO SOFTENERS)","PLUMB - GENERAL (NO SOFTENERS)","Sat Jul 11 2026 08:01:11 GMT-0700","","JILL COSTANTINO","","JILL","COSTANTINO","","412836976","","","Lowes - Simple Installs","","","","","","","Completed","Simple installs -1- Delta Lenta Touch2O Matte Black Single Handle Deck-mount Touch-on Pull-down Kitchen Faucet with Sprayer (Includes Deck Plate)/ onsite/ he also stated he has a very sweet golden doodle that will great you at the door","Erik Tange","Lowes","Exsisting angle stops are 1/4 turn and work as they should. Disconnected supply lines, removed old single handle touchless kitchen faucet. Cleaned countertop area under old faucet. Installed new single handle touchless kitchen faucet. Connected supply lines, checked for leaks, no leaks. Faucet functions as necessary.","Lowes,onsite","Default Workflow"
"77573","Paid","Paid","Patricia Green","","Patricia Green - Invoice - Toilet :Lowes Simple Installs","#26774 - Toilet :Lowes Simple Installs","Toilet :Lowes Simple Installs","","209","209","209","21","188","90","209","0","0","209","Yes","","","","0","","","","0","Jul 20, 2026","","Aug 19, 2026","","","Mon Jul 20 2026 15:08:05 GMT-0700","2026","July 2026","","","","Lowes","0","0","0","0","0","21","0","21","Ashley Reed","","","0","0","NaN","Tue Jul 21 2026 05:00:00 GMT-0700","Tue Jul 21 2026 05:00:00 GMT-0700","-","-","2172 w morning jewel pl, Tucson, AZ 85742","Tucson","AZ","85742","No","Lowes:Simple Installs","","","","","","","","","","","","17490401","520-256-6030","pagreen14@gmail.com","null","","","IMS","","","PLUMB - ONLINE ONLY","PLUMB - ONLINE ONLY","Mon Jul 13 2026 08:00:43 GMT-0700","","Patricia Green","","Patricia","Green","","413009069","","","Lowes - Simple Installs","","","","","","","Completed","Simple installs -1- KOHLER Elliston White Elongated Chair height 12-in Rough-In WaterSense 1.28 GPF Soft Close 2-piece Toilet/ pick up from lowe's/
Order#: 300902193263825948 

4075 WEST INA ROAD,
Tucson, AZ 85741
Store: #1707
Phone: (520) 572-7300","Mathew Hodges","Lowes","Came out to customers house to install Kohler toilet I had to fix toilet flans ring to make it back to level. Got that fixed. Didn’t have to replace it just to fix it then I put new bolts and wax ring. Set the new toilet down turned water back on to test for no leaks. There is no leaks at this time. Toilet is now functional. I let customer know not to mop or clean the area for 24 hours because of the caulking, customer is satisfied with the work. and we gave customer an estimate to replace angle stops as well. Sent email to wife. She just hasn’t got back to it yet. We might have to return to replace the ankle stops one downstairs one upstairs whenever she says OK for the replacing of the angle stops.","Lowes,Pick up from Lowes","Default Workflow"
"77572","Paid","Paid","Adiza Sulley","","Adiza Sulley - Estimate - Fixture Issues :Plumbing","#26795 - Fixture Issues :Plumbing","Fixture Issues :Plumbing","Adiza Sulley - Estimate - Fixture Issues :Plumbing","250","250","250","54","196","78","250","0","0","250","Yes","","","","0","","","","0","Jul 20, 2026","Mon Jul 20 2026 15:14:44 GMT-0700","Aug 19, 2026","Mon Jul 20 2026 15:07:44 GMT-0700","Mon Jul 20 2026 14:18:46 GMT-0700","Mon Jul 20 2026 15:07:44 GMT-0700","2026","July 2026","","","","","0","0","0","0","0","54","0","54","Ian Gauvin","","","31","0","NaN","Mon Jul 20 2026 05:00:00 GMT-0700","Mon Jul 20 2026 05:00:00 GMT-0700","-","-","16 West Encanto Boulevard, Apt. #605, Phoenix, Arizona 85003","Phoenix","Arizona","85003","No","","","","","","Lowe's","Free","","Residential","Tier 1 - 8%","","","17510532","(718) 666-9306","asulley2014@gmail.com","","","","Word of Mouth","","","","","Wed Jul 15 2026 09:02:18 GMT-0700","Resi","Adiza Sulley","","Adiza","Sulley","","","","","Resi Plumbing","","Adiza Sulley","","","","","Completed","Reason for call? 2 shower valves old and corroded. Please call Adiza when you are 30-40 minutes away. Please go to property office to get into the building. Key will be under mat in front of the unit.

Who will be present to meet the technician? Tenant 
 
Is there anything else you would like technician to look at while they are there? N/A

How did you hear about NexLvl Services? Word of mouth

CC on file
Quoted $79 svc fee

No gate coded needed, tenant will buzz you in","Ian Gauvin","PHX - Plumbing","","Resi","Default Workflow"
"77571","Paid","Paid","Eric Bordonaro","","Eric Bordonaro - Invoice - Toilet :Lowes Simple Installs","#26914 - Toilet :Lowes Simple Installs","Toilet :Lowes Simple Installs","","174","174","174","17","157","90","174","0","0","174","Yes","","","","0","","","","0","Jul 20, 2026","","Aug 19, 2026","","","Mon Jul 20 2026 15:06:45 GMT-0700","2026","July 2026","","","","Lowes","0","0","0","0","0","17","0","17","Ashley Reed","","","0","0","NaN","Tue Jul 21 2026 05:00:00 GMT-0700","Tue Jul 21 2026 05:00:00 GMT-0700","-","-","6550 N 47th Ave, Unit 118, Glendale, AZ 85301","Glendale","AZ","85301","No","Lowes:Simple Installs","","","","","","","","","","","","17337404","520-909-8594","noemailpmoc@lowes.com","null","","","IMS","","","PLUMB - GENERAL (NO SOFTENERS)","PLUMB - GENERAL (NO SOFTENERS)","Sun Jun 28 2026 08:01:04 GMT-0700","","Eric Bordonaro","","Eric","Bordonaro","","413117618","","","Lowes - Simple Installs","","","","","","","Completed","Simple installs -1- American Standard Edgemere White Round Chair height 10-in Rough-In WaterSense 1.28 GPF Soft Close 2-piece Toilet/ pick up from lowes

5809 WEST NORTHERN AVE.,
Glendale, AZ 85301
Store: #1728
Phone: (623) 463-6120

Labor:PR32426850
Delivery Fee: PR32433135","Matt Schlosser","Lowes","2 piece toilet

*toilet removal and install*


Shut off angle stop and flushed toilet
Disconnected supply line, and removed bolts
Pull toilet lid and then toilet
Set wax ring on flange
Built new toilet
Installed new toilet
Connected bolts and new supply line
Turned on water and tested toilet
China caps, toilet seat, and toilet lid put on toilet
Customer requested no caulking

Door was in the way, had to remove bathroom door and put it back after I was finished","Lowes,Pick up from Lowes","Default Workflow"
"77570","Paid","Paid","Eric Bordonaro","","Eric Bordonaro - Invoice - Toilet :Lowes Simple Installs","#26914 - Toilet :Lowes Simple Installs","Toilet :Lowes Simple Installs","","35","35","35","4","31","89","35","0","0","35","Yes","","","","0","","","","0","Jul 20, 2026","","Aug 19, 2026","","","Mon Jul 20 2026 15:06:02 GMT-0700","2026","July 2026","","","","Add On,Lowes","0","0","0","0","0","4","0","4","Ashley Reed","","","0","0","NaN","Tue Jul 21 2026 05:00:00 GMT-0700","Tue Jul 21 2026 05:00:00 GMT-0700","-","-","6550 N 47th Ave, Unit 118, Glendale, AZ 85301","Glendale","AZ","85301","No","Lowes:Simple Installs","","","","","","","","","","","","17337404","520-909-8594","noemailpmoc@lowes.com","null","","","IMS","","","PLUMB - GENERAL (NO SOFTENERS)","PLUMB - GENERAL (NO SOFTENERS)","Sun Jun 28 2026 08:01:04 GMT-0700","","Eric Bordonaro","","Eric","Bordonaro","","413117618","","","Lowes - Simple Installs","","","","","","","Completed","Simple installs -1- American Standard Edgemere White Round Chair height 10-in Rough-In WaterSense 1.28 GPF Soft Close 2-piece Toilet/ pick up from lowes

5809 WEST NORTHERN AVE.,
Glendale, AZ 85301
Store: #1728
Phone: (623) 463-6120

Labor:PR32426850
Delivery Fee: PR32433135","Matt Schlosser","Lowes","2 piece toilet

*toilet removal and install*


Shut off angle stop and flushed toilet
Disconnected supply line, and removed bolts
Pull toilet lid and then toilet
Set wax ring on flange
Built new toilet
Installed new toilet
Connected bolts and new supply line
Turned on water and tested toilet
China caps, toilet seat, and toilet lid put on toilet
Customer requested no caulking

Door was in the way, had to remove bathroom door and put it back after I was finished","Lowes,Pick up from Lowes","Default Workflow"
"77569","Paid","Paid","louis hibner","","louis hibner - Invoice - Toilet :Lowes Simple Installs","#26932 - Toilet :Lowes Simple Installs","Toilet :Lowes Simple Installs","","35","35","35","4","31","89","35","0","0","35","Yes","","","","0","","","","0","Jul 22, 2026","","Aug 19, 2026","","","Mon Jul 20 2026 14:53:45 GMT-0700","2026","July 2026","","","","Add On,Lowes","0","0","0","0","0","4","0","4","Ashley Reed","Dave Barber Show Low (Contactor)","","0","35","NaN","Tue Jul 21 2026 05:00:00 GMT-0700","Tue Jul 21 2026 05:00:00 GMT-0700","-","-","2634 E POPLAR DR, PINETOP, AZ 85935","PINETOP","AZ","85935","No","Lowes:Simple Installs","","","","","Lowe's","Free","","Residential","Tier 1 - 8%","","","17465593","928-358-2402","chefhibner1@gmail.com","","","","IMS","","","PLUMB - GENERAL (NO SOFTENERS)","PLUMB - GENERAL (NO SOFTENERS)","Fri Jul 10 2026 08:03:36 GMT-0700","Lowes - Simple Installs","louis hibner","","louis","hibner","","412394468","","","Lowes - Simple Installs","","","","","","","Completed","x3
KOHLER Elliston White Elongated Chair height 12-in Rough-In WaterSense 1.28 GPF Soft Close 2-piece Toilet

Store: 5800 S WHITE MOUNTAIN ROAD,
Show Low, AZ 85901

Delivery Fee: PR32430691","Dave Barber Show Low (Contactor)","Lowes","","Lowes,Pick up from Lowes","Default Workflow"
"77568","Paid","Paid","LINDA POLISEO","","LINDA POLISEO - Invoice - Toilet :Lowes Simple Installs","#26920 - Toilet :Lowes Simple Installs","Toilet :Lowes Simple Installs","","35","35","35","4","31","89","35","0","0","35","Yes","","","","0","","","","0","Jul 22, 2026","","Aug 19, 2026","","","Mon Jul 20 2026 14:52:20 GMT-0700","2026","July 2026","","","","Add On,Lowes","0","0","0","0","0","4","0","4","Ashley Reed","","","0","0","NaN","Mon Jul 20 2026 05:00:00 GMT-0700","Mon Jul 20 2026 05:00:00 GMT-0700","-","-","6176 W Koch Pl, Tucson, AZ 85743","Tucson","AZ","85743","No","Lowes:Simple Installs","","","","","","","","","","","","17521617","732-232-0888","lindapoliseo@gmail.com","null","","","IMS","","","PLUMB - GENERAL (NO SOFTENERS)","PLUMB - GENERAL (NO SOFTENERS)","Thu Jul 16 2026 08:00:53 GMT-0700","","LINDA POLISEO","","LINDA","POLISEO","","413166445","","","Lowes - Simple Installs","","","","","","","Completed","Simple installs -1- American Standard Edgemere White Elongated Chair height 10-in Rough-In WaterSense 1.28 GPF Soft Close 2-piece Toilet/ onsite

Delivery Fee: PR32426930
Trip charge: PR32457167","Mathew Hodges","Lowes","7/28:
Came out to customers house thought it was on site took toilet out of box and put the toilet together. Put the new wax ring down Volks there from when I came out the first time set the toilet turned water back on to test for no leaks. There’s no leaks at this time. Customer is satisfied with the work and cocked in the toilet.





7/22: Came out to customers house to install toilet, started removing the old toilet with wax string and oats found out that the toilet flange ring was broken. Told the homeowner and called dispatch to let them know that to send them an estimate to replace the ring from the toilet flange collected payment of that then I tried to set the new toilet and did not fit the toilet that they have is a 12 on center they needed a 10 inch on center. I put the new toilet back in the box and going to Lowe’s to return it. Job has to be rescheduled for another day.","Lowes,onsite","Default Workflow"
"77566","Paid","Paid","Sondra Anderson","","Sondra Anderson - Invoice - Toilet :Lowes Simple Installs","#26910 - Toilet :Lowes Simple Installs","Toilet :Lowes Simple Installs","","174","174","174","17","157","90","174","0","0","174","Yes","","","","0","","","","0","Jul 20, 2026","","Aug 4, 2026","","","Mon Jul 20 2026 14:50:41 GMT-0700","2026","July 2026","","","","Lowes","0","0","0","0","0","17","0","17","Ashley Reed","","","0","0","NaN","Tue Jul 21 2026 05:00:00 GMT-0700","Tue Jul 21 2026 05:00:00 GMT-0700","-","-","5113 West Laurie Lane, Glendale, Arizona 85302","Glendale","Arizona","85302","No","Lowes:Simple Installs","","","","","Lowe's","Free","","Residential","Tier 1 - 8%","","","14556361","(623) 203-0256","ssa0512@yahoo.com","","","","IMS","","","","","Thu Feb 05 2026 14:54:04 GMT-0700","Lowes - Simple Installs","Sondra Anderson","","Sondra","Anderson","","413348758","","","Lowes - Simple Installs","","","","","","","Completed","Simple installs -1- American Standard Champion White Elongated Chair height 12-in Rough-In 1.6 GPF Soft Close 2-piece Toilet/ pick up from lowe's/ 

5809 WEST NORTHERN AVE.,
Glendale, AZ 85301
Store: #1728
Phone: (623) 463-6120

Delivery: PR32427063","Matt Schlosser","Lowes","2 piece toilet

*toilet removal and install*


Shut off angle stop and flushed toilet
Disconnected supply line, and removed bolts
Pull toilet lid and then toilet
Set wax ring on flange
Built new toilet
Installed new toilet
Connected bolts and new supply line
Turned on water and tested toilet
China caps, toilet seat, and toilet lid put on toilet
Customer requested no caulking","Lowes,Pick up from Lowes","Default Workflow"
"77564","Paid","Paid","Sondra Anderson","","Sondra Anderson - Invoice - Toilet :Lowes Simple Installs","#26910 - Toilet :Lowes Simple Installs","Toilet :Lowes Simple Installs","","35","35","35","4","31","89","35","0","0","35","Yes","","","","0","","","","0","Jul 20, 2026","","Aug 4, 2026","","","Mon Jul 20 2026 14:49:45 GMT-0700","2026","July 2026","","","","Add On,Lowes","0","0","0","0","0","4","0","4","Ashley Reed","","","0","0","NaN","Mon Jul 20 2026 05:00:00 GMT-0700","Mon Jul 20 2026 05:00:00 GMT-0700","-","-","5113 West Laurie Lane, Glendale, Arizona 85302","Glendale","Arizona","85302","No","Lowes:Simple Installs","","","","","Lowe's","Free","","Residential","Tier 1 - 8%","","","14556361","(623) 203-0256","ssa0512@yahoo.com","","","","IMS","","","","","Thu Feb 05 2026 14:54:04 GMT-0700","Lowes - Simple Installs","Sondra Anderson","","Sondra","Anderson","","413348758","","","Lowes - Simple Installs","","","","","","","Completed","Simple installs -1- American Standard Champion White Elongated Chair height 12-in Rough-In 1.6 GPF Soft Close 2-piece Toilet/ pick up from lowe's/ 

5809 WEST NORTHERN AVE.,
Glendale, AZ 85301
Store: #1728
Phone: (623) 463-6120

Delivery: PR32427063","Matt Schlosser","Lowes","2 piece toilet

*toilet removal and install*


Shut off angle stop and flushed toilet
Disconnected supply line, and removed bolts
Pull toilet lid and then toilet
Set wax ring on flange
Built new toilet
Installed new toilet
Connected bolts and new supply line
Turned on water and tested toilet
China caps, toilet seat, and toilet lid put on toilet
Customer requested no caulking","Lowes,Pick up from Lowes","Default Workflow"
"77562","Paid","Paid","Susan Earl","","Susan Earl - Invoice - Faucet :Lowes Simple Installs","#26759 - Faucet :Lowes Simple Installs","Faucet :Lowes Simple Installs","","135","135","135","14","121","90","135","0","0","135","Yes","","","","0","","","","0","Jul 20, 2026","","Aug 19, 2026","","","Mon Jul 20 2026 14:45:30 GMT-0700","2026","July 2026","","","","Lowes","0","0","0","0","0","14","0","14","Ashley Reed","","","0","0","NaN","Tue Jul 21 2026 05:00:00 GMT-0700","Tue Jul 21 2026 05:00:00 GMT-0700","-","-","16038 N 25th Dr, Phoenix, AZ 85023","Phoenix","AZ","85023","No","Lowes:Simple Installs","","","","","","","","","","","","17486430","602-819-0872","sgearl06@gmail.com","null","","","IMS","","","PLUMB - GENERAL (NO SOFTENERS)","PLUMB - GENERAL (NO SOFTENERS)","Sat Jul 11 2026 08:00:09 GMT-0700","","Susan Earl","","Susan","Earl","","412956340","","","Lowes - Simple Installs","","","","","","","Completed","x1
Project Source Ellesburg Stainless Steel Single Handle Deck-mount Pull-down Kitchen Faucet with Sprayer (Includes Deck Plate)/on site.","Sean Marble","Lowes","Existing faucet removed new faucet install installed and built tested at all points water connection. No leaks faucet works job complete.","Lowes,onsite","Default Workflow"
"77561","Paid","Paid","Ian Nelson","","Ian Nelson - Invoice - Toilet :Lowes Simple Installs","#26908 - Toilet :Lowes Simple Installs","Toilet :Lowes Simple Installs","","522","522","522","51","471","90","522","0","0","522","Yes","","","","0","","","","0","Jul 20, 2026","","Aug 19, 2026","","","Mon Jul 20 2026 14:43:41 GMT-0700","2026","July 2026","","","","Lowes","0","0","0","0","0","51","0","51","Ashley Reed","Bryan Pickett","Multiple commissions applied (view Commission Report to see specific type breakdown)","Multiple commissions applied (view Commission Report to see specific % breakdown)","183","NaN","Tue Jul 21 2026 05:00:00 GMT-0700","Tue Jul 21 2026 05:00:00 GMT-0700","-","-","4373 E Page Ave, Gilbert, AZ 85234","Gilbert","AZ","85234","No","Lowes:Simple Installs","","","","","","","","","","","","17508280","949-299-6642","dagon26@gmail.com","null","","","IMS","","","PLUMB - GENERAL (NO SOFTENERS)","PLUMB - GENERAL (NO SOFTENERS)","Wed Jul 15 2026 08:00:16 GMT-0700","","Ian Nelson","","Ian","Nelson","","413230001","","","Lowes - Simple Installs","","","","","","","Completed","Simple installs -3- KOHLER Elliston White Elongated Chair height 12-in Rough-In WaterSense 1.28 GPF Soft Close 2-piece Toilet/ pick up from lowe's/ one is downstairs, two go upstairs (customer has cats)

1440 SOUTH HIGLEY ROAD,
Mesa, AZ 85206
Store: #714
Phone: (480) 832-1666

Trip charge: PR32430964
Delivery Fee: PR32428899","Bryan Pickett","Lowes","(x2) Disconnected water supply line, removed old toilet and old wax ring. Installed new waxring and new toilet. Reconnected water supply line and tested by filling tank and flushing through bowl several times while checking for leaks and moisture. No visible water, customer tested and customer satisfied.

Pickup/Delivery charge 
Toilet Install

Upstairs Guest Bathroom has countertop running along back of toilet preventing a successful install. Returned toilet to Lowes as seen in photos and informed customer of options with rescheduling.","Lowes,Pick up from Lowes","Default Workflow"
"77560","Paid","Paid","Ian Nelson","","Ian Nelson - Invoice - Toilet :Lowes Simple Installs","#26908 - Toilet :Lowes Simple Installs","Toilet :Lowes Simple Installs","","35","35","35","4","31","89","35","0","0","35","Yes","","","","0","","","","0","Jul 20, 2026","","Aug 19, 2026","","","Mon Jul 20 2026 14:42:59 GMT-0700","2026","July 2026","","","","Add On,Lowes","0","0","0","0","0","4","0","4","Ashley Reed","Bryan Pickett","","0","12","NaN","Mon Jul 20 2026 05:00:00 GMT-0700","Mon Jul 20 2026 05:00:00 GMT-0700","-","-","4373 E Page Ave, Gilbert, AZ 85234","Gilbert","AZ","85234","No","Lowes:Simple Installs","","","","","","","","","","","","17508280","949-299-6642","dagon26@gmail.com","null","","","IMS","","","PLUMB - GENERAL (NO SOFTENERS)","PLUMB - GENERAL (NO SOFTENERS)","Wed Jul 15 2026 08:00:16 GMT-0700","","Ian Nelson","","Ian","Nelson","","413230001","","","Lowes - Simple Installs","","","","","","","Completed","Simple installs -3- KOHLER Elliston White Elongated Chair height 12-in Rough-In WaterSense 1.28 GPF Soft Close 2-piece Toilet/ pick up from lowe's/ one is downstairs, two go upstairs (customer has cats)

1440 SOUTH HIGLEY ROAD,
Mesa, AZ 85206
Store: #714
Phone: (480) 832-1666

Trip charge: PR32430964
Delivery Fee: PR32428899","Bryan Pickett","Lowes","(x2) Disconnected water supply line, removed old toilet and old wax ring. Installed new waxring and new toilet. Reconnected water supply line and tested by filling tank and flushing through bowl several times while checking for leaks and moisture. No visible water, customer tested and customer satisfied.

Pickup/Delivery charge 
Toilet Install

Upstairs Guest Bathroom has countertop running along back of toilet preventing a successful install. Returned toilet to Lowes as seen in photos and informed customer of options with rescheduling.","Lowes,Pick up from Lowes","Default Workflow"
"77558","Paid","Paid","Donn Terrill","","Donn Terrill - Invoice - Garbage Disposal :Lowes Simple Installs","#26901 - Garbage Disposal :Lowes Simple Installs","Garbage Disposal :Lowes Simple Installs","","127","127","127","13","114","90","127","0","0","127","Yes","","","","0","","","","0","Jul 20, 2026","","Aug 19, 2026","","","Mon Jul 20 2026 14:39:19 GMT-0700","2026","July 2026","","","","Lowes","0","0","0","0","0","13","0","13","Ashley Reed","Bryan Pickett","","0","44","NaN","Tue Jul 21 2026 05:00:00 GMT-0700","Tue Jul 21 2026 05:00:00 GMT-0700","-","-","1687 W Bluebird Dr, Chandler, AZ 85286","Chandler","AZ","85286","No","Lowes:Simple Installs","","","","","","","","","","","","17521613","602-690-3330","phxslsrep@cox.net","null","","","IMS","","","PLUMB - GENERAL (NO SOFTENERS)","PLUMB - GENERAL (NO SOFTENERS)","Thu Jul 16 2026 08:00:44 GMT-0700","","Donn Terrill","","Donn","Terrill","","413173816","","","Lowes - Simple Installs","","","","","","","Completed","Simple installs -1- Badger 5XP Continuous feed 3/4-HP Septic Safe Non-corded Garbage Disposal/ onsite/ does not have a new power cord and asked we try the old one first","Bryan Pickett","Lowes","Removed dishwasher supply line, removed existing plumbing, and uninstalled old disposal. Installed new garbage disposal and reconnected existing plumbing. Reconnected dishwasher line and tested by filling sink with water and draining with disposal running while checking for drips and leaks. No visible water, customer tested and customer satisfied

Customer purchased new power cord from truck stock","Lowes,onsite","Default Workflow"
"77557","Void","Void","**44 Monroe","Greystar","**44 Monroe - Invoice","No parent Job","","","0","0","0","5155.2","-5155.2","0","0","0","0","0","No","","","","0","","","","0","Jul 20, 2026","","Aug 19, 2026","","","Mon Jul 20 2026 14:38:17 GMT-0700","2026","July 2026","","","","","0","0","NaN","NaN","0","0","0","0","Chris Marrs","","","0","0","NaN","","","-","-","44 West Monroe Street, Phoenix, AZ 85003","Phoenix","AZ","85003","No","AZ Service:MFH","","","","","Lowe's","Free","","Residential","Tier 1 - 8%","","","6724719","480-818-0717","sarah.odaniel@greystar.com","","44monroemaint@greystar.com","Kris Driggs","Cushman & Wakefield","","","","Call Dominic Meza regarding work","Tue Apr 23 2024 16:10:56 GMT-0700","Commercial,VIP","**44 Monroe","**44 Monroe","Sarah","ODaniel","","","","","","","","","","","","","","","","","","Default Workflow"
"77555","Invoiced","Invoiced","Alonzo Anthony","","Alonzo Anthony - Estimate","#26954 - Water Heater Install :Lowes Water Heaters","Water Heater Install :Lowes Water Heaters","Alonzo Anthony - Estimate","1803.7","1803.7","1803.7","958","845.7","47","0","1803.7","936","867.7","No","","","","0","","","","0","Jul 20, 2026","","Aug 19, 2026","Mon Jul 20 2026 14:29:37 GMT-0700","Mon Jul 20 2026 08:06:59 GMT-0700","Mon Jul 20 2026 14:29:37 GMT-0700","2026","July 2026","I picked up water heater from our warehouse. On my arrival, Customer met me in the garage to show me where water heater was to be replaced. And again by shutting water off at the main begin drain down water heater. While draining and removed supply lines, old gas supply line, gas, sediment trap, disconnected temperature and pressure relief line from temperature and pressure relief pals. Install a new Ball valve and two new water supply lines. Water heater was drained and removed water heater only to find that the vent piping was not properly connected in attic and fell through the ceiling. No ceiling damage was caused, but this may have to go up into the attic to connect ventilation line properly. Once ventilation line was connected properly in the attic I set a new drip pan into place, installed sediment trap onto gas valve and 36 inch gas supply line. I sent new water heater into place and connected vent line to the vent fluid. I connected Water supply lines, connected temperature an","","","Lowes","0","0","0","0","688","270","688","270","Gina Neisius","Gina Neisius","","30","541.11","NaN","","","-","-","36308 W Alhambra St, Maricopa, AZ 85138","Maricopa","AZ","85138","No","Lowes","","","41415213","","Lowe's","Free","","Residential","Tier 1 - 8%","","","17579238","(469) 222-1107","brendaholman2@gmail.com","","","Gina Neisius","IME","New Prospect","","ESTIMATE_APPOINTMENT | APPOINTMENT_SET","ESTIMATE_APPOINTMENT | APPOINTMENT_SET","Sun Jul 19 2026 07:41:36 GMT-0700","","Alonzo Anthony","","Alonzo","Anthony","","41415213","garage","","Lowes - Water Heaters","","","","","","","Completed","#962540
8am-12pm
if they don't answer the door please call Brenda(wife) usually answers the phone. They don't always hear the doorbell
there is a pole in front of the water heater, but there is open space on the side to remove it from the platform- will move the fishing poles, bike etc that are in the way to make room 

Order #


Model Number #


Lowes Store Address:


Notes and Details (Addon bundles, other details):","Edward Lopez","Lowes","I picked up water heater from our warehouse. On my arrival, Customer met me in the garage to show me where water heater was to be replaced. And again by shutting water off at the main begin drain down water heater. While draining and removed supply lines, old gas supply line, gas, sediment trap, disconnected temperature and pressure relief line from temperature and pressure relief pals. Install a new Ball valve and two new water supply lines. Water heater was drained and removed water heater only to find that the vent piping was not properly connected in attic and fell through the ceiling. No ceiling damage was caused, but this may have to go up into the attic to connect ventilation line properly. Once ventilation line was connected properly in the attic I set a new drip pan into place, installed sediment trap onto gas valve and 36 inch gas supply line. I sent new water heater into place and connected vent line to the vent fluid. I connected Water supply lines, connected temperature and pressure, relief line, temperature and pressure, relief valve, connected gas supply line and begin filling water in the water heater to check leaks. No leaks were found at this time.","In Warehouse,Lowes","Default Workflow"
"61983399","Invoiced","Invoiced","Josh Mcelroy","","","No parent Job","","","150","112.5","112.5","0","150","100","0","112.5","0","150","No","Discount","","percent","37.5","","","","0","Jul 20, 2026","","Jul 20, 2026","","","Mon Jul 20 2026 14:15:55 GMT-0700","2026","July 2026","We appreciate your business and prompt payment","","","","0","0","0","0","0","0","0","0","Jed Green","","","30","45","NaN","","","-","-","6806 South Terrace Road, Tempe, Arizona 85283","Tempe","Arizona","85283","Yes","","","","","","Lowe's","Free","","Residential","Tier 1 - 8%","","","15313796","480-787-1278","josh.m.mcelroy@gmail.com","","","","Google Search","","","","","Fri Mar 13 2026 14:48:03 GMT-0700","Resi","Josh Mcelroy","","Josh","Mcelroy","","","","","","","","","","","","","","","","","","Default Workflow"
"77549","Sent","Sent","Joann Dalcin","","Joann Dalcin - Estimate - Pool Equipment Repair","#26743 - Pool Equipment Repair","Pool Equipment Repair","Joann Dalcin - Estimate - Pool Equipment Repair","457.94","457.94","457.94","170.4","287.53999999999996","63","0","457.94","287.94","170","No","","","","0","","","","0","Jul 20, 2026","Tue Jul 21 2026 09:10:42 GMT-0700","Aug 19, 2026","Mon Jul 20 2026 14:07:29 GMT-0700","Wed Jul 15 2026 13:39:10 GMT-0700","Mon Jul 20 2026 14:07:29 GMT-0700","2026","July 2026","","","","","0","0","0","0","150","20.4","150","20.4","Jasper Castaneda","Jasper Castaneda","","30","86.26","NaN","","","-","-","3897 East Lexington Avenue Gilbert, Arizona 85234","","Arizona","85234","No","","","","","","","","","","","","","6707836","(602) 619-6834","jodalcin11@gmail.com","","","","","","","","","Tue Apr 23 2024 06:31:42 GMT-0700","Pool Cleaning,Pools","Joann Dalcin","","Joann","Dalcin","","","","","Pool Repair","","Joann Dalcin","","","","","Completed","Pool cleaner notes: Backwash handle broke in backwash position pump can I run until fixed. Needs new handle and plunger for push pull Hayward sand filter.

7/14/26 Cust left voice message for us to come out diagnose and quote. (Hi, this is Joanne, Elson calling, I got your email about the back horse thing. Yes, send, send somebody over and check it out and let me know how much it's gonna cost with at 3897. East Lexington Ave. Gilbert, and that's Joanne Dawson, thank you.)","Jasper Castaneda","Pools","Glued 1.5 pipe to backwash so hose can be connected for backwashing.","Resi","Default Workflow"
"77546","Paid","Paid","Daniel Phillips","","Daniel Phillips - Estimate - Toilet :Lowes Simple Installs","#26771 - Toilet :Lowes Simple Installs","Toilet :Lowes Simple Installs","Daniel Phillips - Estimate - Toilet :Lowes Simple Installs","147.5","147.5","147.5","35.6","111.9","76","147.5","0","55","92.5","Yes","","","","0","","","","0","Jul 20, 2026","","Aug 19, 2026","Mon Jul 20 2026 13:43:16 GMT-0700","Mon Jul 20 2026 12:40:02 GMT-0700","Mon Jul 20 2026 13:43:16 GMT-0700","2026","July 2026","","","","Add On,Lowes","0","0","0","0","24.5","11.1","24.5","11.1","Ashley Reed","Erik Tange","","0","29","NaN","Mon Jul 20 2026 05:00:00 GMT-0700","Mon Jul 20 2026 05:00:00 GMT-0700","-","-","43449 W NEELY DR, MARICOPA, AZ 85138","MARICOPA","AZ","85138","No","Lowes:Simple Installs","","","","","Lowe's","Free","","Residential","Tier 1 - 8%","","","17486431","402-319-0911","dan68123@gmail.com","","","","IMS","","","PLUMB - GENERAL (NO SOFTENERS)","PLUMB - GENERAL (NO SOFTENERS)","Sat Jul 11 2026 08:00:22 GMT-0700","","Daniel Phillips","","Daniel","Phillips","","412944805","","","Lowes - Simple Installs","","","","","","","Completed","Simple installs -1- American Standard Esteem VorMax White Elongated Chair height 12-in Rough-In WaterSense 1.28 GPF Soft Close 2-piece Toilet/ pick up from lowes

44400 W. HONEYCUTT AVENUE,
Maricopa, AZ 85138
Store: #3068
Phone: (520) 607-5540

Delivery Date: PR32385561","Erik Tange","Lowes","Exsisting angle stop is single piece gate valve. I suggested to customer they should have it replaced. Customer agreed to quote and invoice.
Turned water off to house, disconnected supply line, removed old toilet, cleaned area under old toilet. Exsisting toilet flange has minimal surface rust, but otherwise in good working condition.
Removed old angle stop, cut 1/4"" off end of copper pipe. **Installed new 1/4 turn angle stop, installed new 16"" toilet supply line.** Turned water on to house, checked angle stop for leaks, no leaks. 
Installed new included wax ring, installed toilet bowl, as I was installing tank I noticed one of the bolts was stripped, upon further inspection I noticed that bolt was missing an interior rubber washer from the factory. (Check included pics.) 

 I replaced that bolt and rubber washer with an extra from my bag. Installed toilet tank, checked for leaks, no leaks. Toilet flushes and functions as necessary. Sealed to floor with white silicone caulking.","Pick up from Lowes,Lowes","Default Workflow"
"77544","Paid","Paid","eleanor blas","","eleanor blas - Invoice - Toilet :Lowes Simple Installs","#26857 - Toilet :Lowes Simple Installs","Toilet :Lowes Simple Installs","","174","174","174","17","157","90","174","0","0","174","Yes","","","","0","","","","0","Jul 20, 2026","","Aug 19, 2026","","","Mon Jul 20 2026 13:25:47 GMT-0700","2026","July 2026","","","","","0","0","0","0","0","17","0","17","Brenton Heward","","","0","0","NaN","Tue Jul 21 2026 05:00:00 GMT-0700","Tue Jul 21 2026 05:00:00 GMT-0700","-","-","4923 E Foothills Dr, Sierra Vista, AZ 85635","Sierra Vista","AZ","85635","No","Lowes:Simple Installs","","","","","","","","","","","","17487477","520-249-3777","blas_duarte@msn.com","null","","","IMS","","","PLUMB - GENERAL (NO SOFTENERS)","PLUMB - GENERAL (NO SOFTENERS)","Sun Jul 12 2026 08:00:52 GMT-0700","","eleanor blas","","eleanor","blas","","412983221","","","Lowes - Simple Installs","","","","","","","Completed","x1
American Standard Mainstream White Round Chair height 12-in Rough-In WaterSense 1.28 GPF Soft Close 2-piece Toilet
Order#: 202663192261796692

Store: 3700 MARTIN LUTHER KING PARKWAY,
Sierra Vista, AZ 85635

Delivery fee: PR32414449","Mathew Hodges","Lowes","Came out to customers house to install American Standard toilet inside master bedroom toilet was already removed. Customer pulled inside toilet flange had to remove the ring of the toilet flange to replace it because it was rusty and old and it broke went to the store came back with the new ring for the flange. Got that all replaced put new waxing and bolts set new toilet down turned water back onto test for no leaks. There’s no leaks at this time caulked around toilet also put salt before I set the toilet down then no roots get inside of the toilet anymore. customer satisfied with the work and I did tell the customer to wait 24 hours for mopping the floor.","Lowes,Pick up from Lowes","Default Workflow"
"77541","Paid","Paid","Tyrone Anderson","","Tyrone Anderson - Estimate","#26962 - Water Heater Install :Lowes Water Heaters","Water Heater Install :Lowes Water Heaters","Tyrone Anderson - Estimate","1678.75","1678.75","1678.75","928","750.75","45","1678.75","0","936","742.75","Yes","","","","0","","","","0","Jul 20, 2026","","Aug 19, 2026","Mon Jul 20 2026 13:13:17 GMT-0700","Mon Jul 20 2026 09:02:37 GMT-0700","Mon Jul 20 2026 13:13:17 GMT-0700","2026","July 2026","7/20

Arrived to install a new 50 gallon gas heater. Drained and removed the old tank and pan. Replaced both supply lines and ball valve. 

Set a new pan and the tank in place. Connected water lines and ran new t&p. Ran new gas line. 

Filled the heater and turned on the burner. 

No issues with the install today","","","Lowes","0","0","0","0","688","240","688","240","Gina Neisius","Gina Neisius","","30","503.62","NaN","Fri Jul 24 2026 05:00:00 GMT-0700","Fri Jul 24 2026 05:00:00 GMT-0700","-","-","21031 W Western Dr, Buckeye, AZ 85396","Buckeye","AZ","85396","No","Lowes","","","41419781","","Lowe's","Free","","Residential","Tier 1 - 8%","","","17581550","(928) 978-2626","jlha54@yahoo.com","","","Gina Neisius","IME","New Prospect","","ESTIMATE_APPOINTMENT | APPOINTMENT_SET","ESTIMATE_APPOINTMENT | APPOINTMENT_SET","Mon Jul 20 2026 06:05:47 GMT-0700","","Tyrone Anderson","","Tyrone","Anderson","","41419781","garage","","Lowes - Water Heaters","","","","","","","Completed","#962540
10am-2pm

Order# 300902201264469995

Lowes Store Address: 700 SOUTH WATSON ROAD, Buckeye, AZ, 85326


Notes and Details (Addon bundles, other details):","Tanner LaForge","Lowes","7/20

Arrived to install a new 50 gallon gas heater. Drained and removed the old tank and pan. Replaced both supply lines and ball valve. 

Set a new pan and the tank in place. Connected water lines and ran new t&p. Ran new gas line. 

Filled the heater and turned on the burner. 

No issues with the install today","Lowes,Pick up from Lowes","Default Workflow"
"77535","Paid","Paid","Ian Nelson","","Ian Nelson - Invoice - Toilet :Lowes Simple Installs","#26908 - Toilet :Lowes Simple Installs","Toilet :Lowes Simple Installs","","50","50","50","5","45","90","50","0","0","50","Yes","","","","0","","","","0","Jul 20, 2026","","Aug 19, 2026","","","Mon Jul 20 2026 12:51:10 GMT-0700","2026","July 2026","","","","Add On,Lowes","0","0","0","0","0","5","0","5","Ashley Reed","Bryan Pickett","","0","18","NaN","Tue Jul 21 2026 05:00:00 GMT-0700","Tue Jul 21 2026 05:00:00 GMT-0700","-","-","4373 E Page Ave, Gilbert, AZ 85234","Gilbert","AZ","85234","No","Lowes:Simple Installs","","","","","","","","","","","","17508280","949-299-6642","dagon26@gmail.com","null","","","IMS","","","PLUMB - GENERAL (NO SOFTENERS)","PLUMB - GENERAL (NO SOFTENERS)","Wed Jul 15 2026 08:00:16 GMT-0700","","Ian Nelson","","Ian","Nelson","","413230001","","","Lowes - Simple Installs","","","","","","","Completed","Simple installs -3- KOHLER Elliston White Elongated Chair height 12-in Rough-In WaterSense 1.28 GPF Soft Close 2-piece Toilet/ pick up from lowe's/ one is downstairs, two go upstairs (customer has cats)

1440 SOUTH HIGLEY ROAD,
Mesa, AZ 85206
Store: #714
Phone: (480) 832-1666

Trip charge: PR32430964
Delivery Fee: PR32428899","Bryan Pickett","Lowes","(x2) Disconnected water supply line, removed old toilet and old wax ring. Installed new waxring and new toilet. Reconnected water supply line and tested by filling tank and flushing through bowl several times while checking for leaks and moisture. No visible water, customer tested and customer satisfied.

Pickup/Delivery charge 
Toilet Install

Upstairs Guest Bathroom has countertop running along back of toilet preventing a successful install. Returned toilet to Lowes as seen in photos and informed customer of options with rescheduling.","Lowes,Pick up from Lowes","Default Workflow"
"77529","Invoiced","Invoiced","Aventerra at Dobson Ranch","BH Management Services LLC","Unit Replacement - 30-Gallon Lowboy Water Heater","#26960 - Active Water Leak :Plumbing","Active Water Leak :Plumbing","","1585","1585","1585","764.8","820.2","52","0","1585","1045","540","No","","","","0","","","","0","Jul 20, 2026","","Aug 19, 2026","","","Mon Jul 20 2026 12:11:45 GMT-0700","2026","July 2026","","","","VendorCafe","0","0","0","0","700","64.8","700","64.8","Jess Gonzalez","Jess Gonzalez","","30","475.5","NaN","","","-","-","1960 West Keating Avenue, Mesa, Arizona 85202","Mesa","Arizona","85202","No","AZ Service:MFH","","","","","Lowe's","Free","","Residential","Tier 1 - 8%","","","12763964","(480) 210-7636","richard.atwood@livebh.com","","","Logen Uknavage","Referral","","","","Per Chris do not send Julian","Mon Oct 13 2025 09:26:02 GMT-0700","BH Mgmt,MFH,Commercial","Aventerra at Dobson Ranch","Aventerra at Dobson Ranch","Janette","Witcher","","4769868","","","MFH - Plumbing","","","","","","","Completed","Need to replace water heater. 
30 Gal low boy
Bring supply lines also","Brodyn Janshen","MFH - Plumbing","Arrived on site office was closed upon arrival located unit tenant was home. I saw the oven was already pulled, and I could see the water heater in there rusty I checked the breaker to make sure the power was off. I got my hose and started draining the water heater and disconnected the supply lines. Once drained enough. I moved it out of the way I had to redo the TNP line as it was a flex line, so I re-piped it with copper, and then put the new water heater in and hooked up the supply lines and filled it once it was full and got the air out of the system. I kicked it on, and I could hear it buzzing. I called Maintenance to let them know the work was complete and I cleaned my mess inside and I put the oven back.","","Default Workflow"
"77526","Paid","Paid","Michael Renovato","","Michael Renovato - Estimate - Active Water Leak :Plumbing","#26768 - Active Water Leak :Plumbing","Active Water Leak :Plumbing","Michael Renovato - Estimate - Active Water Leak :Plumbing","427.5","427.5","427.5","111.75","315.75","74","427.5","0","150","277.5","Yes","","","","0","","","","0","Jul 20, 2026","","Aug 19, 2026","Mon Jul 20 2026 11:53:43 GMT-0700","Mon Jul 20 2026 10:05:43 GMT-0700","Mon Jul 20 2026 11:53:43 GMT-0700","2026","July 2026","","","","","0","0","0","0","75","36.75","75","36.75","David Edholm","David Edholm","","30","94.72","NaN","Mon Jul 20 2026 05:00:00 GMT-0700","Mon Jul 20 2026 05:00:00 GMT-0700","-","-","5074 South 14th Avenue, Safford, Arizona 85546","Safford","Arizona","85546","No","","","","","","Lowe's","Free","","Residential","Tier 1 - 8%","","","8404191","(928) 965-9656","mikeyt1927@gmail.com","","","","","","","","","Tue Nov 19 2024 11:56:59 GMT-0700","Resi,Gila Valley","Michael Renovato","","Michael","Renovato","","","","","Gila Valley - Plumbing","","Michael Renovato","","","","","Completed","Reason for call? Masterbathroom sink leaking

Who will be present to meet the technician? Amanda (sister)

- Where is the water leak? Master bathroom

- How bad is it? Spraying? Dripping? Flowing? Dripping

- Is water valve shut off? No

Is there anything else you would like technician to look at while they are there? 

How did you hear about NexLvl Services? existing

CC on file
Quoted $79 svc fee","David Edholm","Gila Valley","","Resi,Gila Valley","Default Workflow"
"77522","Paid","Paid","Hilarie Brown","","Hilarie Brown - Estimate - Active Water Leak :Plumbing","#26345 - Active Water Leak :Plumbing","Active Water Leak :Plumbing","Hilarie Brown - Estimate - Active Water Leak :Plumbing","1080","1080","1080","293.6","786.4","73","1080","0","300","780","Yes","","","","0","","","","0","Jul 20, 2026","Mon Jul 20 2026 11:48:10 GMT-0700","Aug 19, 2026","Mon Jul 20 2026 11:25:43 GMT-0700","Thu Jul 16 2026 08:43:03 GMT-0700","Mon Jul 20 2026 11:25:43 GMT-0700","2026","July 2026","","","","","0","0","0","0","200","93.6","200","93.6","Adam George","Adam George","","29","228.05","NaN","Mon Jul 20 2026 05:00:00 GMT-0700","Mon Jul 20 2026 05:00:00 GMT-0700","-","-","10301 North 70th Street, unit 125, Paradise Valley, Arizona 85253","Paradise Valley","Arizona","85253","No","AZ Service:Resi Plumbing","","","","","Lowe's","Free","","Residential","Tier 1 - 8%","","","17232918","602-738-4784","habrownaz@gmail.com","","","","IMS","","","PLUMB - SHOWER HEADS","PLUMB - SHOWER HEADS","Fri Jun 19 2026 08:04:12 GMT-0700","Lowes - Simple Installs","Hilarie Brown","","Hilarie","Brown","","","","","Resi Plumbing","","Hilarie Brown","","","","","Completed","PLUMB - SHOWER HEADS

Reason for call? Per Sean in LSI - problem lies in her shower valve itself. 

Who will be present to meet the technician? Hillarie

- Where is the water leak? Bathroom

- How bad is it? Spraying? Dripping? Flowing? Dripping

- Is water valve shut off? Unknown

Is there anything else you would like technician to look at while they are there? N/A

How did you hear about NexLvl Services? Lowes

Field Notes from Sean Marble: Upon arrival, Customer showed me where the leaking was a concern. The area she showed me was the showerhead itself where the water is supposed to come out. There is a constant drip coming from there, and she thought that that would be considered a leak which is not. the problem lies in her shower valve itself. It is an old valve and the cartridge needs to be replaced. Her shower will continue to drip until this problem has been addressed. I suggested she called our company to set up an appointment. She also said that she will be leaving out of town so will not be calling for a week. job complete","Adam George","PHX - Plumbing","","Resi,Lowes","Default Workflow"
"77521","Paid","Paid","Jennifer Vincent","","Jennifer Vincent - Estimate","#26956 - Water Heater Install :Lowes Water Heaters","Water Heater Install :Lowes Water Heaters","Jennifer Vincent - Estimate","1473.9","1473.9","1473.9","728","745.9000000000001","51","1473.9","0","694","779.9","Yes","","","","0","","","","0","Jul 20, 2026","","Aug 19, 2026","Mon Jul 20 2026 11:25:33 GMT-0700","Mon Jul 20 2026 08:04:47 GMT-0700","Mon Jul 20 2026 11:25:33 GMT-0700","2026","July 2026","Scope of Work Performed**

* Removed two existing supply lines
* Removed one existing shut off valve 
* Disconnected the electrical
* Cut the T&P line
* Drained water heater and removed unit from the house

**Installation & Reconnection**

* Installed two new water supply lines
* Installed one new shut off valve.
* Installed 22-inch drain pan
* Re-ran T&P discharge line into the wall outlet
* Connected electrical to heater
* Filled water heater


**Testing & Closeout**

* Checked system for proper operation
* Registered new water heater 
* All documentation signed and payment collected","","","Lowes","0","0","0","0","488","240","488","240","Gina Neisius","Gina Neisius","","30","442.17","NaN","Fri Jul 24 2026 05:00:00 GMT-0700","Fri Jul 24 2026 05:00:00 GMT-0700","-","-","6409 E Kelton Ln, Scottsdale, AZ 85254","Scottsdale","AZ","85254","No","Lowes","","","41416564","","Lowe's","Free","","Residential","Tier 1 - 8%","","","17579996","(480) 268-6901","jenniferevincent@yahoo.com","","","Gina Neisius","IME","New Prospect","","ESTIMATE_APPOINTMENT | APPOINTMENT_SET","ESTIMATE_APPOINTMENT | APPOINTMENT_SET","Sun Jul 19 2026 10:33:06 GMT-0700","","Jennifer Vincent","","Jennifer","Vincent","","41416564","GARAGE","","Lowes - Water Heaters","","","","","","","Completed","#816158
8AM-12PM
Jennifer's dad will let you in and will pay you. Water heater is 47in tall

Order #


Model Number #


Lowes Store Address:


Notes and Details (Addon bundles, other details):","Matt Schlosser","Lowes","Scope of Work Performed**

* Removed two existing supply lines
* Removed one existing shut off valve 
* Disconnected the electrical
* Cut the T&P line
* Drained water heater and removed unit from the house

**Installation & Reconnection**

* Installed two new water supply lines
* Installed one new shut off valve.
* Installed 22-inch drain pan
* Re-ran T&P discharge line into the wall outlet
* Connected electrical to heater
* Filled water heater


**Testing & Closeout**

* Checked system for proper operation
* Registered new water heater 
* All documentation signed and payment collected","In Warehouse,Lowes","Default Workflow"
"77515","Sent","Sent","Shambhala Development, LLC c/o Eagle Commercial Realty","**Eagle Commercial","Shambhala Development, LLC c/o Eagle Commercial Realty - Estimate - Active Water Leak :Plumbing","#26504 - Active Water Leak :Plumbing","Active Water Leak :Plumbing","Shambhala Development, LLC c/o Eagle Commercial Realty - Estimate - Active Water Leak :Plumbing","1513","1513","1513","406","1107","73","0","1513","438","1075","No","","","","0","","","","0","Jul 21, 2026","Tue Jul 21 2026 08:22:14 GMT-0700","Aug 19, 2026","Mon Jul 20 2026 10:34:36 GMT-0700","Thu Jul 16 2026 16:47:53 GMT-0700","Mon Jul 20 2026 10:34:36 GMT-0700","2026","July 2026","","","","","0","0","0","0","250","156","250","156","Ian Gauvin","","","31","0","NaN","","","-","-","9163 West Union Hills Drive, Peoria, Arizona 85382","Peoria","Arizona","85382","No","","","","","","","","","","","","","6748000","(602) 952-1282","justin@eaglecommercial.com","","","Kris Driggs","","","","","","Thu Apr 25 2024 17:56:43 GMT-0700","VIP,Commercial","Shambhala Development, LLC c/o Eagle Commercial Realty","Shambhala Development, LLC c/o Eagle Commercial Realty","Justin","Winters","","","","","PHX - Plumbing","","Patti","","","","","Completed","Reason for call? leaking backflow

There is a water main leaking in the front parking lot at Peoria Plaza.  From the picture it looks like it is in front of the west side of Fry’s in the middle to the south end of the parking lot.
 
It has been leaking for about a week.","Ian Gauvin","PHX - Plumbing","","Commercial","Default Workflow"
"77513","Paid","Paid","eleanor blas","","eleanor blas - Estimate - Toilet :Lowes Simple Installs","#26857 - Toilet :Lowes Simple Installs","Toilet :Lowes Simple Installs","eleanor blas - Estimate - Toilet :Lowes Simple Installs","142.5","142.5","142.5","26.1","116.4","82","142.5","0","50","92.5","Yes","","","","0","","","","0","Jul 20, 2026","Mon Jul 20 2026 10:22:19 GMT-0700","Aug 19, 2026","Mon Jul 20 2026 10:20:06 GMT-0700","Mon Jul 20 2026 08:30:31 GMT-0700","Mon Jul 20 2026 10:20:06 GMT-0700","2026","July 2026","","","","Add On","0","0","0","0","15","11.1","15","11.1","Brenton Heward","","","0","0","NaN","Mon Jul 20 2026 05:00:00 GMT-0700","Mon Jul 20 2026 05:00:00 GMT-0700","-","-","4923 E Foothills Dr, Sierra Vista, AZ 85635","Sierra Vista","AZ","85635","No","Lowes:Simple Installs","","","","","","","","","","","","17487477","520-249-3777","blas_duarte@msn.com","null","","","IMS","","","PLUMB - GENERAL (NO SOFTENERS)","PLUMB - GENERAL (NO SOFTENERS)","Sun Jul 12 2026 08:00:52 GMT-0700","","eleanor blas","","eleanor","blas","","412983221","","","Lowes - Simple Installs","","","","","","","Completed","x1
American Standard Mainstream White Round Chair height 12-in Rough-In WaterSense 1.28 GPF Soft Close 2-piece Toilet
Order#: 202663192261796692

Store: 3700 MARTIN LUTHER KING PARKWAY,
Sierra Vista, AZ 85635

Delivery fee: PR32414449","Mathew Hodges","Lowes","Came out to customers house to install American Standard toilet inside master bedroom toilet was already removed. Customer pulled inside toilet flange had to remove the ring of the toilet flange to replace it because it was rusty and old and it broke went to the store came back with the new ring for the flange. Got that all replaced put new waxing and bolts set new toilet down turned water back onto test for no leaks. There’s no leaks at this time caulked around toilet also put salt before I set the toilet down then no roots get inside of the toilet anymore. customer satisfied with the work and I did tell the customer to wait 24 hours for mopping the floor.","Lowes,Pick up from Lowes","Default Workflow"
"77511","Sent","Sent","Atlas Real Estate","","Atlas Real Estate - Estimate - Pool Equipment Repair","#25718 - Pool Equipment Repair","Pool Equipment Repair","Atlas Real Estate - Estimate - Pool Equipment Repair","212","212","212","74.38","137.62","65","0","212","62","150","No","","","","0","","","","0","Jul 20, 2026","Tue Jul 21 2026 08:23:30 GMT-0700","Aug 19, 2026","Mon Jul 20 2026 09:56:23 GMT-0700","Tue Jul 07 2026 08:48:21 GMT-0700","Mon Jul 20 2026 09:56:23 GMT-0700","2026","July 2026","","","","","0","0","0","0","47.29","0","47.29","0","Ian Campbell","","","5","6.88","NaN","","","-","-","415 West Jersey Way San Tan Valley, Arizona 85143","","","","No","AZ Service:Pools","","","","","Lowe's","Free","","Residential","Tier 1 - 8%","","","6710785","480-757-9200","hannah.erickson@realatlas.com","","yasamin.sahak@realatlas.com","","","","","","","Tue Apr 23 2024 06:33:08 GMT-0700","Commercial,Pools,Pool Cleaning","Atlas Real Estate","Atlas Real Estate","Hannah","Erickson","","","","","Pool Repair","","Atlas Real Estate","","","","","Completed","Pool cleaner notes: Psi guage has lost its seal, need replaced asap, going to leave pool off for now. Could use a filter clean as well👍🙏","Ian Campbell","Pools","","Resi","Default Workflow"
"77501","Paid","Paid","Donn Terrill","","Donn Terrill - Invoice - Garbage Disposal :Lowes Simple Installs","#26901 - Garbage Disposal :Lowes Simple Installs","Garbage Disposal :Lowes Simple Installs","","25","25","25","20","5","20","25","0","25","0","Yes","","","","0","","","","0","Jul 20, 2026","","Aug 19, 2026","","","Mon Jul 20 2026 08:44:17 GMT-0700","2026","July 2026","","","","Add On,Lowes","0","0","0","0","20","0","20","0","Ashley Reed","Bryan Pickett","","0","3","NaN","Mon Jul 20 2026 05:00:00 GMT-0700","Mon Jul 20 2026 05:00:00 GMT-0700","-","-","1687 W Bluebird Dr, Chandler, AZ 85286","Chandler","AZ","85286","No","Lowes:Simple Installs","","","","","","","","","","","","17521613","602-690-3330","phxslsrep@cox.net","null","","","IMS","","","PLUMB - GENERAL (NO SOFTENERS)","PLUMB - GENERAL (NO SOFTENERS)","Thu Jul 16 2026 08:00:44 GMT-0700","","Donn Terrill","","Donn","Terrill","","413173816","","","Lowes - Simple Installs","","","","","","","Completed","Simple installs -1- Badger 5XP Continuous feed 3/4-HP Septic Safe Non-corded Garbage Disposal/ onsite/ does not have a new power cord and asked we try the old one first","Bryan Pickett","Lowes","Removed dishwasher supply line, removed existing plumbing, and uninstalled old disposal. Installed new garbage disposal and reconnected existing plumbing. Reconnected dishwasher line and tested by filling sink with water and draining with disposal running while checking for drips and leaks. No visible water, customer tested and customer satisfied

Customer purchased new power cord from truck stock","Lowes,onsite","Default Workflow"
"77464","Paid","Paid","Nancy Fairchild","","Nancy Fairchild - Invoice - Toilet :Lowes Simple Installs","#26888 - Toilet :Lowes Simple Installs","Toilet :Lowes Simple Installs","","35","35","35","4","31","89","35","0","0","35","Yes","","","","0","","","","0","Jul 21, 2026","","Aug 16, 2026","","","Fri Jul 17 2026 16:38:27 GMT-0700","2026","July 2026","","","","Add On,Lowes","0","0","0","0","0","4","0","4","Ashley Reed","","","0","0","NaN","Mon Jul 20 2026 05:00:00 GMT-0700","Mon Jul 20 2026 05:00:00 GMT-0700","-","-","4911 N Escondido Rd W, Litchfield Park, AZ 85340","Litchfield Park","AZ","85340","No","Lowes:Simple Installs","","","","","","","","","","","","17349261","623-986-0315","kansas323@hotmail.com","null","","","IMS","","","PLUMB - ONLINE ONLY","PLUMB - ONLINE ONLY","Tue Jun 30 2026 08:00:52 GMT-0700","","Nancy Fairchild","","Nancy","Fairchild","","413373544","","","Lowes - Simple Installs","","","","","","","Completed","Simple installs- 2- KOHLER Elliston White Elongated Chair height 12-in Rough-In WaterSense 1.28 GPF Soft Close 2-piece Toilet/ pick up from lowe's/ Requested for Sean specifically 

13191 W MCDOWELL RD,
Goodyear, AZ 85338
Store: #1553
Phone: (623) 935-9157

Delivery Fee:PR32413492","Sean Marble","Lowes","Removed two toilets both flanges were in good condition. Replaced wax rings built two new toilets install installed caulking applied tested no leaks job complete","Lowes,Pick up from Lowes","Default Workflow"
"77463","Paid","Paid","john kilass","","john kilass - Invoice - Toilet :Lowes Simple Installs","#26876 - Toilet :Lowes Simple Installs","Toilet :Lowes Simple Installs","","35","35","35","4","31","89","35","0","0","35","Yes","","","","0","","","","0","Jul 21, 2026","","Aug 16, 2026","","","Fri Jul 17 2026 16:34:58 GMT-0700","2026","July 2026","","","","Add On,Lowes","0","0","0","0","0","4","0","4","Ashley Reed","Bryan Pickett","","0","12","NaN","Mon Jul 20 2026 05:00:00 GMT-0700","Mon Jul 20 2026 05:00:00 GMT-0700","-","-","308 Leisure World, Mesa, AZ 85206","Mesa","AZ","85206","No","Lowes:Simple Installs","","","","","Lowe's","Free","","Residential","Tier 1 - 8%","","","17465556","707-322-0291","john.kilass.85@gmail.com","","","","IMS","","","PLUMB - GENERAL (NO SOFTENERS)","PLUMB - GENERAL (NO SOFTENERS)","Fri Jul 10 2026 08:00:09 GMT-0700","","john kilass","","john","kilass","","412882356","","","Lowes - Simple Installs","","","","","","","Canceled","Simple installs -2- Project Source Pro-flush White Elongated Chair height 12-in Rough-In WaterSense 1.28 GPF 2-piece Toilet with XL Trapway/ pick up from lowes/ when you get to the guard give him the customers address

1440 SOUTH HIGLEY ROAD,
Mesa, AZ 85206
Store: #714
Phone: (480) 832-1666

Delivery Fee: PR32416719
Trip Charge: PR32440246","Bryan Pickett","Lowes","Master Bath: Disconnected water supply line, removed old toilet and old wax ring. Installed new waxring and new toilet. Reconnected water supply line and tested by filling tank and flushing through bowl several times while checking for leaks and moisture. No visible water, customer tested and customer satisfied.

Pickup/Delivery charge 
Toilet Install

Guest Bathroom: Toilet was not accepted by customer, states that he purchased an Tall model that was supposed to be 2 inches taller. Informed customer of return and rescheduling options. Returned toilet to lowes as seen in photos.","Lowes,Pick up from Lowes","Default Workflow"
"77446","Paid","Paid","Karen Hayden","","Karen Hayden - Invoice - Faucet :Lowes Simple Installs","#26770 - Faucet :Lowes Simple Installs","Faucet :Lowes Simple Installs","","50","50","50","5","45","90","50","0","0","50","Yes","","","","0","","","","0","Jul 21, 2026","","Aug 16, 2026","","","Fri Jul 17 2026 13:45:58 GMT-0700","2026","July 2026","","","","Add On","0","0","0","0","0","5","0","5","Brenton Heward","","","0","0","NaN","Mon Jul 20 2026 05:00:00 GMT-0700","Mon Jul 20 2026 05:00:00 GMT-0700","-","-","12695 S Cherokee Ln, Tucson, AZ 85736","Tucson","AZ","85736","No","Lowes:Simple Installs","","","","","","","","","","","","17486437","520-822-1311","karenhayden@aol.com","null","","","IMS","","","PLUMB - GENERAL (NO SOFTENERS)","PLUMB - GENERAL (NO SOFTENERS)","Sat Jul 11 2026 08:02:18 GMT-0700","","Karen Hayden","","Karen","Hayden","","412689971","","","Lowes - Simple Installs","","","","","","","Completed","x1
Elements of Design Victorian Satin nickel Double Handle Deck-mount Kitchen Faucet (Includes Deck Plate) (Includes Side Sprayer)
on site

Trip Charge: PR32415469","Mathew Hodges","Lowes","The faucet needs extra long supply lines. So rescheduling so customer can pick up the right size from Lowes.

Came out to customers house to install think and customer supplied supply lines turned off water to remove the old sink started install installing the new sink. Turned water back on to test for no leaks. There’s no leaks at this time. Customer is satisfied with the work.","Lowes,onsite","Default Workflow"
"77440","Paid","Paid","eleanor blas","","eleanor blas - Invoice - Toilet :Lowes Simple Installs PR32414449","#26857 - Toilet :Lowes Simple Installs","Toilet :Lowes Simple Installs","","35","35","35","4","31","89","35","0","0","35","Yes","","","","0","","","","0","Jul 20, 2026","","Aug 16, 2026","","","Fri Jul 17 2026 12:55:18 GMT-0700","2026","July 2026","Delivery fee: PR32414449","","","Add On","0","0","0","0","0","4","0","4","Brenton Heward","","","0","0","NaN","Mon Jul 20 2026 05:00:00 GMT-0700","Mon Jul 20 2026 05:00:00 GMT-0700","-","-","4923 E Foothills Dr, Sierra Vista, AZ 85635","Sierra Vista","AZ","85635","No","Lowes:Simple Installs","","","","","","","","","","","","17487477","520-249-3777","blas_duarte@msn.com","null","","","IMS","","","PLUMB - GENERAL (NO SOFTENERS)","PLUMB - GENERAL (NO SOFTENERS)","Sun Jul 12 2026 08:00:52 GMT-0700","","eleanor blas","","eleanor","blas","","412983221","","","Lowes - Simple Installs","","","","","","","Completed","x1
American Standard Mainstream White Round Chair height 12-in Rough-In WaterSense 1.28 GPF Soft Close 2-piece Toilet
Order#: 202663192261796692

Store: 3700 MARTIN LUTHER KING PARKWAY,
Sierra Vista, AZ 85635

Delivery fee: PR32414449","Mathew Hodges","Lowes","Came out to customers house to install American Standard toilet inside master bedroom toilet was already removed. Customer pulled inside toilet flange had to remove the ring of the toilet flange to replace it because it was rusty and old and it broke went to the store came back with the new ring for the flange. Got that all replaced put new waxing and bolts set new toilet down turned water back onto test for no leaks. There’s no leaks at this time caulked around toilet also put salt before I set the toilet down then no roots get inside of the toilet anymore. customer satisfied with the work and I did tell the customer to wait 24 hours for mopping the floor.","Lowes,Pick up from Lowes","Default Workflow"
"77421","Paid","Paid","Packaging Corp of America","","Packaging Corp of America - Estimate - Fixture Issues :Plumbing","#26393 - Fixture Issues :Plumbing","Fixture Issues :Plumbing","Packaging Corp of America - Estimate - Fixture Issues :Plumbing","1810","1810","1810","1031.2","778.8","43","1810","0","1550","260","Yes","","","","0","","","","0","Jul 20, 2026","Mon Jul 20 2026 09:26:33 GMT-0700","Aug 16, 2026","Fri Jul 17 2026 09:57:11 GMT-0700","Mon Jul 13 2026 14:37:25 GMT-0700","Fri Jul 17 2026 09:57:11 GMT-0700","2026","July 2026","","","","","0","0","0","0","1000","31.2","1000","31.2","Adam George","","","29","0","NaN","Tue Jul 28 2026 05:00:00 GMT-0700","Tue Jul 28 2026 05:00:00 GMT-0700","-","-","10100 North 151st Avenue, Glendale, Arizona 85355","Glendale","Arizona","85355","No","AZ Service","","","","","Lowe's","","","","","","","6745728","(602) 657-4208","rickthomas@packagingcorp.com","","","Kris Driggs","Cushman & Wakefield","","","","","Thu Apr 25 2024 11:23:11 GMT-0700","Commercial,VIP","Packaging Corp of America","Packaging Corp of America","Richard","Thomas","","","","","PHX - Plumbing","","Ray","","","","","Completed","Rich called in about the women's restroom having a loose toilet seat and a faucet not working.","Adam George","PHX - Plumbing","","","Default Workflow"
"77390","Paid","Paid","Ken Koenen","","Ken Koenen - Invoice - Toilet seat :Lowes Simple Installs","#26882 - Toilet seat :Lowes Simple Installs","Toilet seat :Lowes Simple Installs","","85","85","85","9","76","89","85","0","0","85","Yes","","","","0","","","","0","Jul 20, 2026","","Aug 15, 2026","","","Thu Jul 16 2026 16:49:26 GMT-0700","2026","July 2026","","","","Add On,Lowes","0","0","0","0","0","9","0","9","Ashley Reed","Sean Marble","Multiple commissions applied (view Commission Report to see specific type breakdown)","Multiple commissions applied (view Commission Report to see specific % breakdown)","30","NaN","Mon Jul 20 2026 05:00:00 GMT-0700","Mon Jul 20 2026 05:00:00 GMT-0700","-","-","12958 West Hummingbird Terrace, Peoria, Arizona 85383","Peoria","Arizona","85383","No","Lowes:Simple Installs","","","","","Lowe's","Free","","Residential","Tier 1 - 8%","","","17340981","602-359-7573","lawkentoday@gmail.com","","","","IMS","","","PLUMB - ONLINE ONLY","PLUMB - ONLINE ONLY","Mon Jun 29 2026 08:00:34 GMT-0700","Lowes - Simple Installs","Ken Koenen","","Ken","Koenen","","WO003300492","","","Lowes - Simple Installs","","","","","","","Completed","This is to replace the toilet seat. Customer stated the current one he has does not fit correctly. Need to pick up from lowe's/ Verify with the associate there if they want you to return the other seat

25311 N LAKE PLEASANT PKWY,
Peoria, AZ 85383
Store: #2820
Phone: (623) 537-2640","Sean Marble","Lowes","From what I can see the original toilet seat fit just fine. Installed the new toilet seat. The customer still has the same problem they had with the original one. The lip of the seat is just barely off the front really not at all. It’s the way the toilet seat is manufactured to solve this. Customer may have to buy their own custom seat. Toilet seat fits just fine.","Lowes,Warranty","Default Workflow"
"77341","Paid","Paid","Guillermo Juarez","","Guillermo Juarez - Invoice - Toilet :Lowes Simple Installs","#26784 - Toilet :Lowes Simple Installs","Toilet :Lowes Simple Installs","","35","35","35","4","31","89","35","0","0","35","Yes","","","","0","","","","0","Jul 20, 2026","","Aug 15, 2026","","","Thu Jul 16 2026 09:48:28 GMT-0700","2026","July 2026","","","","Add On,Lowes","0","0","0","0","0","4","0","4","Ashley Reed","Dave Barber Show Low (Contactor)","","0","35","NaN","Thu Jul 16 2026 05:00:00 GMT-0700","Thu Jul 16 2026 05:00:00 GMT-0700","-","-","6901 Mercury Dr, Lakeside, AZ 85929","Lakeside","AZ","85929","No","Lowes:Simple Installs","","","","","","","","","","","","17465598","480-710-8468","gmjuarez46@gmail.com","null","","","IMS","","","PLUMB - GENERAL (NO SOFTENERS)","PLUMB - GENERAL (NO SOFTENERS)","Fri Jul 10 2026 08:04:32 GMT-0700","","Guillermo Juarez","","Guillermo","Juarez","","411884245","","","Lowes - Simple Installs","","","","","","","Completed","Simple installs -2
KOHLER Elliston White Elongated Chair height 12-in Rough-In WaterSense 1.28 GPF Soft Close 2-piece Toilet
KOHLER Elliston White Elongated Tall height 12-in Rough-In WaterSense 1.28 GPF Soft Close 2-piece Toilet

Lowe's of Show Low
5800 S WHITE MOUNTAIN ROAD,
Show Low, AZ 85901
Store: #2833
Phone: (928) 532-2620

Delivery fee: PR32390706","Dave Barber Show Low (Contactor)","Lowes","","Lowes,Pick up from Lowes","Default Workflow"
"77339","Invoiced","Invoiced","Daniel Phillips","","Daniel Phillips - Invoice - Toilet :Lowes Simple Installs","#26771 - Toilet :Lowes Simple Installs","Toilet :Lowes Simple Installs","","35","35","35","4","31","89","0","35","0","35","No","","","","0","","","","0","Jul 20, 2026","","Aug 15, 2026","","","Thu Jul 16 2026 09:41:16 GMT-0700","2026","July 2026","","","","Add On,Lowes","0","0","0","0","0","4","0","4","Ashley Reed","Erik Tange","","0","12","NaN","","","-","-","43449 W NEELY DR, MARICOPA, AZ 85138","MARICOPA","AZ","85138","No","Lowes:Simple Installs","","","","","Lowe's","Free","","Residential","Tier 1 - 8%","","","17486431","402-319-0911","dan68123@gmail.com","","","","IMS","","","PLUMB - GENERAL (NO SOFTENERS)","PLUMB - GENERAL (NO SOFTENERS)","Sat Jul 11 2026 08:00:22 GMT-0700","","Daniel Phillips","","Daniel","Phillips","","412944805","","","Lowes - Simple Installs","","","","","","","Completed","Simple installs -1- American Standard Esteem VorMax White Elongated Chair height 12-in Rough-In WaterSense 1.28 GPF Soft Close 2-piece Toilet/ pick up from lowes

44400 W. HONEYCUTT AVENUE,
Maricopa, AZ 85138
Store: #3068
Phone: (520) 607-5540

Delivery Date: PR32385561","Erik Tange","Lowes","Exsisting angle stop is single piece gate valve. I suggested to customer they should have it replaced. Customer agreed to quote and invoice.
Turned water off to house, disconnected supply line, removed old toilet, cleaned area under old toilet. Exsisting toilet flange has minimal surface rust, but otherwise in good working condition.
Removed old angle stop, cut 1/4"" off end of copper pipe. **Installed new 1/4 turn angle stop, installed new 16"" toilet supply line.** Turned water on to house, checked angle stop for leaks, no leaks. 
Installed new included wax ring, installed toilet bowl, as I was installing tank I noticed one of the bolts was stripped, upon further inspection I noticed that bolt was missing an interior rubber washer from the factory. (Check included pics.) 

 I replaced that bolt and rubber washer with an extra from my bag. Installed toilet tank, checked for leaks, no leaks. Toilet flushes and functions as necessary. Sealed to floor with white silicone caulking.","Pick up from Lowes,Lowes","Default Workflow"
"77334","Sent","Sent","Paradise village office park","Lincoln Property Company","Paradise village office park- Lincoln - Invoice - Active Water Leak :Plumbing","#26796 - Active Water Leak :Plumbing","Active Water Leak :Plumbing","","1080","1080","1080","378.11","701.89","65","0","1080","430","650","No","","","","0","","","","0","Jul 24, 2026","","Aug 22, 2026","","","Thu Jul 16 2026 08:50:40 GMT-0700","2026","July 2026","","","","","0","0","0","0","300","78","300","78","Adam George","Adam George","","29","203.54","NaN","","","-","-","11811 North Tatum Boulevard, Phoenix, Arizona 85028","Phoenix","Arizona","85028","No","AZ Service","","","","","Lowe's","Free","","Residential","Tier 1 - 8%","","","17202620","602-575-5781","sfloyd@lpc.com","","","Logen Uknavage","","","","","","Tue Jun 16 2026 16:00:32 GMT-0700","","Paradise village office park","Paradise village office park","Stephen","Floyd","","","","","PHX - Plumbing","","Stephen","","","","","Completed","Plaza level / 1st Floor
4"" Cast iron repair
POC Steve","Adam George","PHX - Plumbing","","","Default Workflow"
"77265","Invoiced","Invoiced","Hillstone Residences at Canyon Trails","","Unit 174 - Leak Detection & Temporary Recharge","#26716 - No Cool :HVAC","No Cool :HVAC","","626","626","626","104.4","521.6","83","0","626","366","260","No","","","","0","","","","0","Jul 25, 2026","","Aug 13, 2026","","","Tue Jul 14 2026 16:34:16 GMT-0700","2026","July 2026","","","","","0","0","0","0","73.2","31.2","73.2","31.2","Chuy Torres","Chuy Torres","","32","166.91","NaN","","","-","-","1050 South 173rd Avenue, Goodyear, Arizona 85338","Goodyear","Arizona","85338","No","MFH:MFH - HVAC","","","","","Lowe's","Free","","Residential","Tier 1 - 8%","","","15755210","(623) 230-2400","mindy.price2@assetliving.com","928-614-5090","riley.sparkman@assetliving.com","Logen Uknavage","","","","","","Mon Apr 13 2026 08:25:28 GMT-0700","","Hillstone Residences at Canyon Trails","Hillstone Residences at Canyon Trails","Riley","","","","","","MFH - HVAC","","Riley","","","","","Completed","Unit 174
No cool- compressor and fan kicking on issue with suction line (410A)
POC Riley","Chuy Torres","MFH - HVAC","*. 

---

## **Field Service Report: Leak Detection & Temporary Recharge**

**Date:** July 14, 2026  
**Unit:** 174  
**Status:** Arrived on-site, diagnosed a completely flat system, located a leak in the outdoor condenser coil, and provided a temporary recharge per maintenance to restore cooling while pending a coil replacement.

### **Diagnostic Findings**
* **Initial Assessment:** Responded to a no-cooling call and evaluated the HVAC equipment.
* **System Evaluation:** Hooked up the gauges and found the system was completely **flat**, holding zero refrigerant. 
* **Leak Detection:** Performed a thorough leak search using bubble solution. Successfully pinpointed a small but active refrigerant leak located in the corner of the **outdoor condenser coil**.

### **Repairs Performed & Temporary Relief**
* **System Recharge:** Per the authorization of the property maintenance team, I bypassed a permanent repair for today to give the resident immediate relief. Weighed in **6 lbs of R-410A refrigerant** to get the system running and get them by until the replacement parts are sourced.

### **Recommendations & Next Steps**
* **Future Action Required:** The outdoor coil is compromised and needs to be replaced. I am submitting these findings so the office/maintenance can get the replacement coil ordered and scheduled. 

### **Final Status**
* **Verification:** Monitored the system after the heavy recharge. The unit is pulling good temperatures and blowing cold air.
* **Outcome:** **Restored temporary operation; the system is cooling properly at this time.**

---

**Status: Temporary Charge Added — Pending Outdoor Coil Replacement**","","Default Workflow"
"77255","Paid","Paid","Jason Valentino.","","Jason Valentino. - Invoice - Toilet :Lowes Simple Installs","#26777 - Garbage Disposal :Lowes Simple Installs","Garbage Disposal :Lowes Simple Installs","","35","35","35","20","15","43","35","0","35","0","Yes","","","","0","","","","0","Jul 20, 2026","Mon Jul 20 2026 15:16:03 GMT-0700","Jul 29, 2026","","","Tue Jul 14 2026 15:12:33 GMT-0700","2026","July 2026","","","","Add On,Lowes","0","0","0","0","20","0","20","0","Ashley Reed","Erik Tange","","0","3","NaN","Mon Jul 20 2026 05:00:00 GMT-0700","Mon Jul 20 2026 05:00:00 GMT-0700","-","-","2926 North Coronado Drive, Florence, Arizona 85132","Florence","Arizona","85132","No","Lowes:Simple Installs","","","","","Lowe's","Free","","Residential","Tier 1 - 8%","","","17484337","(702) 234-9364","nyankees3@hotmail.com","","","","IMS","","","","","Fri Jul 10 2026 16:03:51 GMT-0700","Lowes - Simple Installs","Jason Valentino.","","Jason","Valentino.","","412808532","","","Lowes - Simple Installs","","","","","","","Completed","simple installs- 1- Badger 5XL Continuous feed 1/2-HP Septic Safe Non-corded Garbage Disposal/ onsite/ will purchase a power cord from us, invoice created","Erik Tange","Lowes","House was vacant upon arrival, customer contact was 45 min away, they gave location of key and permission to enter.  Customer will need to be called to collect payment for power cord.

Disconnected p-trap and under sink drain plumbing, disconnected dishwasher drain hose, removed old disposal, removed old disposal flange. Cleaned sink area under old flange. 

**Installed new power cord**, popped out dishwasher drain plug, installed new disposal flange, installed new disposal, reconnected under sink drain plumbing and p-trap, reconnected dishwasher drain hose. Checked for leaks, no leaks. Disposal and drain function as necessary.","Lowes,onsite","Default Workflow"
"77230","Sent","Sent","505 West","Harbor Group Management Co., LLC","Unit 2037 - Condensation Leak Repair","#26736 - No Cool :HVAC","No Cool :HVAC","","345","345","345","64.4","280.6","81","0","345","0","345","No","","","","0","","","","0","Jul 24, 2026","Mon Jul 27 2026 14:59:38 GMT-0700","Aug 13, 2026","","","Tue Jul 14 2026 13:03:02 GMT-0700","2026","July 2026","Condensate drain clear and rebuild","","","","0","0","0","0","0","64.4","0","64.4","Jacob Martinez","Jacob Martinez","","30","84.18","NaN","","","-","-","505 West Baseline Road, Tempe, Arizona 85283","Tempe","Arizona","85283","No","MFH:MFH - HVAC","","","","","Lowe's","Free","","Residential","Tier 1 - 8%","","","15570187","480-577-2649","jpelayo@harborgroupmanagement.com","","","Logen Uknavage","","","","","Can't be on property after 6p. If we have to be, call Jesus to verify
Goodman condensers only for this property - R32 ONLY","Thu Apr 02 2026 10:44:15 GMT-0700","Harbor","505 West","505 West","Jesus","Maintenance supervisor","","85770636","","","MFH - HVAC","","Jesus","","","","","Completed","Unit 2037
Condensation leak 
POC Jesus","Roman Twardoz, Jacob Martinez, Riley Torres","Swiss Army Knife, MFH - HVAC","Uppon arrival unit had water dripping from airhandler  pan was full. We cut the pipe cleared it also vaced it out u it is drai ing properly at this time but the drain pan needs replaceing I put a band fix to temporarily stop the drip but it will need replaceinhg. Estimate has been made","","Default Workflow"
"77008","Sent","Sent","Agave Ridge Apartments","29th Street Communities","Unit 139 - HVAC Diagnostics","#26544 - No Cool :HVAC","No Cool :HVAC","","255","255","255","65.6","189.4","74","0","255","125","130","No","","","","0","","","","0","Jul 24, 2026","Mon Jul 27 2026 14:57:22 GMT-0700","Aug 9, 2026","","","Fri Jul 10 2026 13:31:09 GMT-0700","2026","July 2026","","","","","0","0","0","0","50","15.6","50","15.6","Chuy Torres","Chuy Torres","","32","60.6","NaN","","","-","-","1609 West Glendale Avenue, Phoenix, Arizona 85021","Phoenix","Arizona","85021","No","MFH:MFH - HVAC","","","","","Lowe's","Free","","Residential","Tier 1 - 8%","","","13751174","602 688-1527","agaveridge@29scliving.com","","","Logen Uknavage","","","","","","Tue Dec 16 2025 14:50:31 GMT-0700","","Agave Ridge Apartments","Agave Ridge Apartments","","","","","","","MFH - HVAC","","Nick","","","","","Completed","Unit 139
No cool- per POC just not cooling
POC Nick","Chuy Torres, Riley Torres","MFH - HVAC","---

## **Field Service Report: Evaporator Coil Leak & Replacement Estimate**

**Date:** July 10, 2026  
**Unit:** 139  
**Status:** Arrived on-site, diagnosed a flat system that tripped the low-pressure safety, located the refrigerant leak, and initiated an estimate for an indoor coil replacement.

### **Diagnostic Findings**
* **Initial Assessment:** Responded to a no-cooling call and evaluated the HVAC equipment. Found that the system's **low-pressure switch** had tripped, locking out the compressor.
* **System Evaluation:** Hooked up my gauges to check the operating pressures and found the R-410A system was completely **flat (zero refrigerant pressure)**.
* **Leak Detection:** Conducted a visual leak check of the equipment. Successfully located the source of the blowout, finding a massive, catastrophic refrigerant leak originating at the **indoor evaporator coil**.

### **Recommendations & Next Steps**
* **Repair vs. Replacement:** Because the indoor coil is structurally compromised and has completely dumped the system's R-410A charge, patching it is not a viable option. I highly **recommend replacing the indoor coil**.
* **Action Item:** The system will remain off for safety. I am submitting these findings to the office to generate a formal estimate for the coil replacement so the property can approve the repair.

---

**Status: Unit Condemned (Leaking Coil) — Pending Coil Replacement Quote**","","Default Workflow"