"","","","Contact","","","","","","","","","","","","","","","","Location","","","","","","","","","","","","","","","","","","","","","","","","","","","","","","","Estimate - Product","","","Estimate - Service","","","Invoice - Product","","","","Invoice - Service","","","Related invoices","","","","","","","","","","","","","","Customer","","","","","","","","","","","","","","","","","","","","","","","","","Job Status Workflow - Test","","","","","","","","Job Status Workflow - Home Depot Job","","","","","","","","","","","","","","","","","","","","","","","","","","","","","","","","","","","","","","","","Job Status Workflow - Lowes Water Heater","","","","","","","","","","","","","","","","","","","","","","","","","","","","","","","","Job Status Workflow - Default Workflow","","","","","","","","","","","","","","","","","","","","","","","","","","","","","","","","","","","","Job Status Workflow - Backflow test","","","","","","","","","","","","","","","","","","","","","","","","Job Status Workflow - Pool Repair Estimate/Diagnostic","","","","","","","","","","","","","","","","","","","","","","","","Job Status Workflow - Pool Cleaning Estimate","","","","","","","","","","","","","","","","","","","","Job Status Workflow - Septic Inspection","","","","","","","","","","","","","","","","","","","","","","",""
"#ID","Customer","Parent Customer","Contact Name","Contact Email","Contact Phone","Title","Subtitle","Status","Start Date/Time","End Date/Time","Start Date","Start Time","End Date","End Time","Created At","Created Date Year","Created Date Month","Created By","Location Address","City","State","Zip Code","Location Name","Assigned Team Members","Assigned Teams","Related Invoice Status","Total Invoice Amount","Total Estimate Amount","Total Invoice Amount Due","Total Amount Paid","Assets","Related Estimate and Invoices","Related Estimate","Related Estimate's QuickBooks Class","Related Invoices","Related Invoice's QuickBooks Class","Notes","Field Notes","Tags","Related Project","Related Project Status","Job Duration","Job Duration Decimal","Scheduled Duration","Scheduled Duration Decimal","Travel Duration","Travel Duration Decimal","Total Timesheet Duration","Total Timesheet Duration Decimal","Estimate - Total Product Cost","Estimate - Total Product Amount","Estimate - Total Product Margin","Estimate - Total Service Cost","Estimate - Total Service Amount","Estimate - Total Service Margin","Invoice - Total Product Cost","Invoice - Total Product Amount","Invoice - Total Product Margin","Total Product Cost [tax inc]","Invoice - Total Service Cost","Invoice - Total Service Amount","Invoice - Total Service Margin","Related Invoices - Total Tax Amount","Related Invoices - Total Taxable Amount (Total - Tax)","Related Invoices Total (Inc Tax)","IME Work Order Number (Old)","PO Number","Special Location Access Info","nothing","Business Unit","Cancellation Reason","Name of Requestor","TGL","Job Feedback Score","Job Feedback Message","Lowes - Water Heaters","Customer Specific Markup Rate","Lead Partner","Membership Status","Membership Credits","Membership Type","Membership Discount Tier","Feedback Score","Feedback Message","Customer #","Customer Phone","Customer Email","Customer Phone 2","Customer Email 2","Customer Assigned To","Customer Lead Source","Customer Pipeline Status","Customer Next Steps","Customer Notes","Customer Job Notes","Customer Created Date","Customer Tags","Customer Display Name","Customer Company Name","Customer First name","Customer Last Name","New - Start Timestamp","New - End Timestamp","New - Completed Total Time in Status","New - Current Total Time in Status","Completed - Start Timestamp","Completed - End Timestamp","Completed - Completed Total Time in Status","Completed - Current Total Time in Status","New - Start Timestamp","New - End Timestamp","New - Completed Total Time in Status","New - Current Total Time in Status","On The Way - Start Timestamp","On The Way - End Timestamp","On The Way - Completed Total Time in Status","On The Way - Current Total Time in Status","In Progress - Start Timestamp","In Progress - End Timestamp","In Progress - Completed Total Time in Status","In Progress - Current Total Time in Status","Waiting on Parts - Start Timestamp","Waiting on Parts - End Timestamp","Waiting on Parts - Completed Total Time in Status","Waiting on Parts - Current Total Time in Status","Pending Site Visits - Start Timestamp","Pending Site Visits - End Timestamp","Pending Site Visits - Completed Total Time in Status","Pending Site Visits - Current Total Time in Status","Needs to be Rescheduled - Start Timestamp","Needs to be Rescheduled - End Timestamp","Needs to be Rescheduled - Completed Total Time in Status","Needs to be Rescheduled - Current Total Time in Status","Working on Paperwork - Start Timestamp","Working on Paperwork - End Timestamp","Working on Paperwork - Completed Total Time in Status","Working on Paperwork - Current Total Time in Status","Pending Audit - Start Timestamp","Pending Audit - End Timestamp","Pending Audit - Completed Total Time in Status","Pending Audit - Current Total Time in Status","Completed - Start Timestamp","Completed - End Timestamp","Completed - Completed Total Time in Status","Completed - Current Total Time in Status","Canceled - Start Timestamp","Canceled - End Timestamp","Canceled - Completed Total Time in Status","Canceled - Current Total Time in Status","New - Start Timestamp","New - End Timestamp","New - Completed Total Time in Status","New - Current Total Time in Status","Lowes Store - Start Timestamp","Lowes Store - End Timestamp","Lowes Store - Completed Total Time in Status","Lowes Store - Current Total Time in Status","On The Way - Start Timestamp","On The Way - End Timestamp","On The Way - Completed Total Time in Status","On The Way - Current Total Time in Status","In Progress - Start Timestamp","In Progress - End Timestamp","In Progress - Completed Total Time in Status","In Progress - Current Total Time in Status","Needs to be Rescheduled - Start Timestamp","Needs to be Rescheduled - End Timestamp","Needs to be Rescheduled - Completed Total Time in Status","Needs to be Rescheduled - Current Total Time in Status","Pending Audit - Start Timestamp","Pending Audit - End Timestamp","Pending Audit - Completed Total Time in Status","Pending Audit - Current Total Time in Status","Completed - Start Timestamp","Completed - End Timestamp","Completed - Completed Total Time in Status","Completed - Current Total Time in Status","Canceled - Start Timestamp","Canceled - End Timestamp","Canceled - Completed Total Time in Status","Canceled - Current Total Time in Status","New - Start Timestamp","New - End Timestamp","New - Completed Total Time in Status","New - Current Total Time in Status","On The Way - Start Timestamp","On The Way - End Timestamp","On The Way - Completed Total Time in Status","On The Way - Current Total Time in Status","In Progress - Start Timestamp","In Progress - End Timestamp","In Progress - Completed Total Time in Status","In Progress - Current Total Time in Status","Pending Site Visits - Start Timestamp","Pending Site Visits - End Timestamp","Pending Site Visits - Completed Total Time in Status","Pending Site Visits - Current Total Time in Status","Needs to be Rescheduled - Start Timestamp","Needs to be Rescheduled - End Timestamp","Needs to be Rescheduled - Completed Total Time in Status","Needs to be Rescheduled - Current Total Time in Status","Waiting on Parts - Start Timestamp","Waiting on Parts - End Timestamp","Waiting on Parts - Completed Total Time in Status","Waiting on Parts - Current Total Time in Status","Pending Audit - Start Timestamp","Pending Audit - End Timestamp","Pending Audit - Completed Total Time in Status","Pending Audit - Current Total Time in Status","Completed - Start Timestamp","Completed - End Timestamp","Completed - Completed Total Time in Status","Completed - Current Total Time in Status","Canceled - Start Timestamp","Canceled - End Timestamp","Canceled - Completed Total Time in Status","Canceled - Current Total Time in Status","New - Start Timestamp","New - End Timestamp","New - Completed Total Time in Status","New - Current Total Time in Status","On The Way - Start Timestamp","On The Way - End Timestamp","On The Way - Completed Total Time in Status","On The Way - Current Total Time in Status","In Progress - Start Timestamp","In Progress - End Timestamp","In Progress - Completed Total Time in Status","In Progress - Current Total Time in Status","Working on Paperwork - Start Timestamp","Working on Paperwork - End Timestamp","Working on Paperwork - Completed Total Time in Status","Working on Paperwork - Current Total Time in Status","Completed - Start Timestamp","Completed - End Timestamp","Completed - Completed Total Time in Status","Completed - Current Total Time in Status","Canceled - Start Timestamp","Canceled - End Timestamp","Canceled - Completed Total Time in Status","Canceled - Current Total Time in Status","New - Start Timestamp","New - End Timestamp","New - Completed Total Time in Status","New - Current Total Time in Status","On The Way - Start Timestamp","On The Way - End Timestamp","On The Way - Completed Total Time in Status","On The Way - Current Total Time in Status","In Progress - Start Timestamp","In Progress - End Timestamp","In Progress - Completed Total Time in Status","In Progress - Current Total Time in Status","Kirk Needs to Estimate - Start Timestamp","Kirk Needs to Estimate - End Timestamp","Kirk Needs to Estimate - Completed Total Time in Status","Kirk Needs to Estimate - Current Total Time in Status","Estimate/Contract Sent - Start Timestamp","Estimate/Contract Sent - End Timestamp","Estimate/Contract Sent - Completed Total Time in Status","Estimate/Contract Sent - Current Total Time in Status","Canceled - Start Timestamp","Canceled - End Timestamp","Canceled - Completed Total Time in Status","Canceled - Current Total Time in Status","New - Start Timestamp","New - End Timestamp","New - Completed Total Time in Status","New - Current Total Time in Status","On The Way - Start Timestamp","On The Way - End Timestamp","On The Way - Completed Total Time in Status","On The Way - Current Total Time in Status","In Progress - Start Timestamp","In Progress - End Timestamp","In Progress - Completed Total Time in Status","In Progress - Current Total Time in Status","Estimate/Contract Sent - Start Timestamp","Estimate/Contract Sent - End Timestamp","Estimate/Contract Sent - Completed Total Time in Status","Estimate/Contract Sent - Current Total Time in Status","Canceled - Start Timestamp","Canceled - End Timestamp","Canceled - Completed Total Time in Status","Canceled - Current Total Time in Status","New - Start Timestamp","New - End Timestamp","New - Completed Total Time in Status","New - Current Total Time in Status","On The Way - Start Timestamp","On The Way - End Timestamp","On The Way - Completed Total Time in Status","On The Way - Current Total Time in Status","In Progress - Start Timestamp","In Progress - End Timestamp","In Progress - Completed Total Time in Status","In Progress - Current Total Time in Status","Working on Paperwork - Start Timestamp","Working on Paperwork - End Timestamp","Working on Paperwork - Completed Total Time in Status","Working on Paperwork - Current Total Time in Status","Completed - Start Timestamp","Completed - End Timestamp","Completed - Completed Total Time in Status","Completed - Current Total Time in Status","Canceled - Start Timestamp","Canceled - End Timestamp","Canceled - Completed Total Time in Status","Canceled - Current Total Time in Status"
"27349","Capri on Camelback","Harbor Group Management Co., LLC","Juan Barajas","","909-762-2934","Fan Coil - Flush Valves","Unit D-416","Completed","Jul 26, 2026, 4:00 PM","Jul 26, 2026, 5:00 PM","07/26/2026","16:00:00","07/26/2026","17:00:00","Jul 26, 2026, 3:11 PM","2026","July 2026","Chris Marrs","5115 North 40th Street, Phoenix, Arizona 85018","Phoenix","Arizona","85018","Main Location","Jordan Wise","MFH - Plumbing","Sent","1470","0","0","0","","78036","","","78036","AZ Service:MFH","Need to install flush valves and flush the coil","Arrived 4:20pm - Finished 5:30pm
Once inside unit inspected coil found location where I wanted to install flush valves shut down water and installed valves as needed. Turned on water tested for leaks. All is good flushed from new valves. Tons of air came out and also dirty water continued to flush multiple buckets until air was depleted from system, and water was clear afterwards took temperatures and is cooling much better now got a 16° split.
2- 1/2” hose bibs","","-","-","01:24:01","1.4","01:00:00","1","00:31:24","0.52","","0","0","0","0","0","0","0","170","350","180","170","134.4","1120","985.6","0","1470","1470","","","","","MFH - Plumbing","","Juan","","","","","","Lowe's","Free","","Residential","Tier 1 - 8%","","","17009572","(602) 882-8579","tgeorge@harborgroupmanagement.com","","","Logen Uknavage","Referral","","","","","Jun 2, 2026, 4:45 PM","MFH,Commercial","Capri on Camelback","Capri on Camelback","Travis","George","-","-","-","-","-","-","-","-","-","-","-","-","-","-","-","-","-","-","-","-","-","-","-","-","-","-","-","-","-","-","-","-","-","-","-","-","-","-","-","-","-","-","-","-","-","-","-","-","-","-","-","-","-","-","-","-","-","-","-","-","-","-","-","-","-","-","-","-","-","-","-","-","-","-","-","-","-","-","-","-","Jul 26, 2026, 3:11 PM","Jul 26, 2026, 3:44 PM","00:33:13","-","Jul 26, 2026, 3:44 PM","Jul 26, 2026, 4:16 PM","00:31:24","-","Jul 26, 2026, 4:16 PM","Jul 26, 2026, 5:40 PM","01:24:02","-","-","-","-","-","-","-","-","-","-","-","-","-","Jul 26, 2026, 5:40 PM","Jul 27, 2026, 11:19 AM","17:39:18","-","Jul 27, 2026, 11:19 AM","-","-","33:59:48","-","-","-","-","-","-","-","-","-","-","-","-","-","-","-","-","-","-","-","-","-","-","-","-","-","-","-","-","-","-","-","-","-","-","-","-","-","-","-","-","-","-","-","-","-","-","-","-","-","-","-","-","-","-","-","-","-","-","-","-","-","-","-","-","-","-","-","-","-","-","-","-","-","-","-","-","-","-","-","-","-","-","-","-","-","-","-","-","-","-","-","-","-","-","-","-"
"27346","Colter Park","Harbor Group Management Co., LLC","Contact","","602-880-8228","Fan Coil - No Cool","Unit 98","Completed","Jul 26, 2026, 1:00 PM","Jul 26, 2026, 2:00 PM","07/26/2026","13:00:00","07/26/2026","14:00:00","Jul 26, 2026, 1:22 PM","2026","July 2026","Chris Marrs","909 West Colter Street, Phoenix, Arizona 85013","Phoenix","Arizona","85013","Main Location","Jordan Wise","MFH - Plumbing","Void","0","345","0","0","","78074, 78075","78074","AZ Service:MFH","78075","AZ Service:MFH","","Arrived 2pm - Finished 2:30pm
Once inside unit inspected coil and it was cooling well however air pressure was not very high even after we just replaced the fan and everything is operating normal. Inspected ceiling area and found it was not boxed in well and there was also a slight gap on the left side of the coil these two issues combined could be causing the lack of air pressure and I would recommend having us come out and box in the area properly and seal off the duct informed maintenance of what is needed before leaving property. I also flush coil while I was there and the water was clear and cooling well. Property would like a bid for us to box in the coil and seal the ductwork as needed.","","-","-","00:40:19","0.67","01:00:00","1","00:23:59","0.38","","0","20","45","25","36","300","264","0","0","0","0","0","0","0","0","0","0","","","","","MFH - Plumbing","","Anthony","","","","","","Lowe's","Free","","Residential","Tier 1 - 8%","","","15508690","(480) 640-7388","fswanson@harborgroupmanagement.com","","","Logen Uknavage","","","","","","Mar 30, 2026, 9:43 AM","Harbor","Colter Park","Colter Park","Feljie","Swanson","-","-","-","-","-","-","-","-","-","-","-","-","-","-","-","-","-","-","-","-","-","-","-","-","-","-","-","-","-","-","-","-","-","-","-","-","-","-","-","-","-","-","-","-","-","-","-","-","-","-","-","-","-","-","-","-","-","-","-","-","-","-","-","-","-","-","-","-","-","-","-","-","-","-","-","-","-","-","-","-","Jul 26, 2026, 1:22 PM","Jul 26, 2026, 1:30 PM","00:07:44","-","Jul 26, 2026, 1:30 PM","Jul 26, 2026, 1:54 PM","00:23:59","-","Jul 26, 2026, 1:54 PM","Jul 26, 2026, 2:34 PM","00:40:19","-","Jul 27, 2026, 11:31 AM","Jul 27, 2026, 4:57 PM","05:26:15","-","-","-","-","-","-","-","-","-","Jul 26, 2026, 2:34 PM","Jul 27, 2026, 11:31 AM","20:57:12","-","Jul 27, 2026, 4:57 PM","-","-","28:21:23","-","-","-","-","-","-","-","-","-","-","-","-","-","-","-","-","-","-","-","-","-","-","-","-","-","-","-","-","-","-","-","-","-","-","-","-","-","-","-","-","-","-","-","-","-","-","-","-","-","-","-","-","-","-","-","-","-","-","-","-","-","-","-","-","-","-","-","-","-","-","-","-","-","-","-","-","-","-","-","-","-","-","-","-","-","-","-","-","-","-","-","-","-","-","-","-"
"27343","Westmount at the District","BH Management Services LLC","Contact","","915-496-8522","No Cool :HVAC","Unit 203","Completed","Jul 25, 2026, 8:00 PM","Jul 25, 2026, 9:00 PM","07/25/2026","20:00:00","07/25/2026","21:00:00","Jul 25, 2026, 7:35 PM","2026","July 2026","Chris Marrs","949 South Longmore, Mesa, Arizona 85202","Mesa","Arizona","85202","Main Location","Chuy Torres","MFH - HVAC","Invoiced","260","0","260","0","","77981","","","77981","MFH:MFH - HVAC","No Cool unit 203
POC Saul","---

## **Field Service Report: Incorrect Blower Rotation & Frozen Coil**

**Date:** July 25, 2026  
**Unit:** 203  
**Status:** Arrived on-site to evaluate a no-cooling call after maintenance had previously replaced the indoor blower motor. Found the new motor was installed/wired backwards, causing the system to freeze. Corrected the rotation, thawed the coil, and restored operation.

### **Diagnostic Findings**
* **Initial Assessment:** Responded to a service call for a system not cooling. Noted that on-site maintenance had previously replaced the indoor **blower motor**.
* **System Evaluation:** Inspected the indoor equipment and found the evaporator coil was **frozen solid**. 
* **Root Cause:** Checked the newly installed blower motor and found it was operating in reverse, **spinning the blower wheel backwards**. Because the wheel was spinning the wrong direction, the system was pushing virtually zero airflow across the coil, which caused the system to freeze up completely.

### **Repairs Performed**
* **System Thawing:** Turned off the cooling cycle and safely **thawed out the system** to clear the ice from the evaporator coil.
* **Motor Correction:** Adjusted the wiring/reversing plug on the blower motor to correct the rotation so it pulls air in the proper direction.

### **Final Status**
* **Verification:** Restarted the system in cooling mode. Confirmed that the blower wheel is now spinning correctly, airflow is strong, and the system is operating without freezing.
* **Outcome:** **Restored operation; the system is working properly at this time.**

---

**Status: Blower Rotation Corrected & System Thawed — Ticket","","-","-","","0","01:00:00","1","","0","","0","0","0","0","0","0","0","0","0","0","0","31.2","260","228.8","0","260","260","","","","","MFH - HVAC","","Saul","","","","","","Lowe's","Free","","Residential","Tier 1 - 8%","","","17213548","(405) 520-2330","richard.atwood@livebh.com","","","Logen Uknavage","","New Prospect","","","","Jun 17, 2026, 4:45 PM","","Westmount at the District","Westmount at the District","Richard","Atwood","-","-","-","-","-","-","-","-","-","-","-","-","-","-","-","-","-","-","-","-","-","-","-","-","-","-","-","-","-","-","-","-","-","-","-","-","-","-","-","-","-","-","-","-","-","-","-","-","-","-","-","-","-","-","-","-","-","-","-","-","-","-","-","-","-","-","-","-","-","-","-","-","-","-","-","-","-","-","-","-","Jul 25, 2026, 7:35 PM","Jul 26, 2026, 10:52 PM","27:17:17","-","-","-","-","-","-","-","-","-","-","-","-","-","-","-","-","-","-","-","-","-","Jul 26, 2026, 10:52 PM","Jul 27, 2026, 11:31 AM","12:39:09","-","Jul 27, 2026, 11:31 AM","-","-","33:47:27","-","-","-","-","-","-","-","-","-","-","-","-","-","-","-","-","-","-","-","-","-","-","-","-","-","-","-","-","-","-","-","-","-","-","-","-","-","-","-","-","-","-","-","-","-","-","-","-","-","-","-","-","-","-","-","-","-","-","-","-","-","-","-","-","-","-","-","-","-","-","-","-","-","-","-","-","-","-","-","-","-","-","-","-","-","-","-","-","-","-","-","-","-","-","-","-"
"27341","Sunrise Circle","Native American Connections","Contact","","602-390-3742","Active Water Leak :Plumbing","Unit 104","Completed","Jul 25, 2026, 9:00 PM","Jul 25, 2026, 10:00 PM","07/25/2026","21:00:00","07/25/2026","22:00:00","Jul 25, 2026, 4:31 PM","2026","July 2026","Chris Marrs","2922 North 39th Street, Phoenix, Arizona 85018","Phoenix","Arizona","85018","Main Location","Jordan Wise","MFH - Plumbing","Sent","89","0","0","0","","78043","","","78043","AZ Service:MFH","Sunrise Circle (NAC)
Unit 104 has a leak above the sink
POC Hector: 602-390-3742","Arrived 9:40pm - Finished 10pm 
Once inside unit tenant led me to leak and it was just the condensate drain from her AC above her sink that drips every now and then I informed her this is normal, but she says she has never seen it drip before I recommended to the maintenance guy that it might be worth getting an HVAC technician out here to make sure her AC unit is running properly. He said he will do that.","","-","-","00:21:21","0.35","01:00:00","1","00:20:00","0.33","","0","0","0","0","0","0","0","0","0","0","0","10.68","89","78.32","0","89","89","","","","","MFH - Plumbing","","Hector","","","","","","Lowe's","Free","","Residential","Tier 1 - 8%","","","17640173","602-390-3742","","","","","","","","","","Jul 27, 2026, 12:58 PM","","Sunrise Circle","Sunrise Circle","Hector","","-","-","-","-","-","-","-","-","-","-","-","-","-","-","-","-","-","-","-","-","-","-","-","-","-","-","-","-","-","-","-","-","-","-","-","-","-","-","-","-","-","-","-","-","-","-","-","-","-","-","-","-","-","-","-","-","-","-","-","-","-","-","-","-","-","-","-","-","-","-","-","-","-","-","-","-","-","-","-","-","Jul 25, 2026, 4:31 PM","Jul 25, 2026, 9:20 PM","04:49:20","-","Jul 25, 2026, 9:20 PM","Jul 25, 2026, 9:40 PM","00:20:00","-","Jul 25, 2026, 9:40 PM","Jul 25, 2026, 10:02 PM","00:21:22","-","-","-","-","-","-","-","-","-","-","-","-","-","Jul 25, 2026, 10:02 PM","Jul 27, 2026, 1:51 PM","39:49:07","-","Jul 27, 2026, 1:51 PM","-","-","31:28:12","-","-","-","-","-","-","-","-","-","-","-","-","-","-","-","-","-","-","-","-","-","-","-","-","-","-","-","-","-","-","-","-","-","-","-","-","-","-","-","-","-","-","-","-","-","-","-","-","-","-","-","-","-","-","-","-","-","-","-","-","-","-","-","-","-","-","-","-","-","-","-","-","-","-","-","-","-","-","-","-","-","-","-","-","-","-","-","-","-","-","-","-","-","-","-","-"
"27337","505 West","Harbor Group Management Co., LLC","Jesus Maintenance supervisor","jpelayo@harborgroupmanagement.com","480-577-2649","Warranty AC","Unit 2122","Completed","Jul 25, 2026, 9:00 AM","Jul 25, 2026, 10:00 AM","07/25/2026","09:00:00","07/25/2026","10:00:00","Jul 25, 2026, 2:39 PM","2026","July 2026","Chris Marrs","505 West Baseline Road, Tempe, Arizona 85283","Tempe","Arizona","85283","Main Location","Jacob Martinez","MFH - HVAC","Sent","645","0","0","0","","78066","","","78066","MFH:MFH - HVAC","Can't be on property after 6p. If we have to be, call Jesus to verify
Goodman condensers only for this property - R32 ONLY

Custome says we just repaired this unit yesterday and its down again","No access to the unit i called maintenance multiple times","","-","-","00:12:52","0.2","01:00:00","1","","0","","0","0","0","0","0","0","0","50","125","75","50","62.4","520","457.6","0","645","645","","","","","MFH - HVAC","","","","","","","","Lowe's","Free","","Residential","Tier 1 - 8%","","","15570187","480-577-2649","jpelayo@harborgroupmanagement.com","","","Logen Uknavage","","","","","Can't be on property after 6p. If we have to be, call Jesus to verify
Goodman condensers only for this property - R32 ONLY","Apr 2, 2026, 10:44 AM","Harbor","505 West","505 West","Jesus","Maintenance supervisor","-","-","-","-","-","-","-","-","-","-","-","-","-","-","-","-","-","-","-","-","-","-","-","-","-","-","-","-","-","-","-","-","-","-","-","-","-","-","-","-","-","-","-","-","-","-","-","-","-","-","-","-","-","-","-","-","-","-","-","-","-","-","-","-","-","-","-","-","-","-","-","-","-","-","-","-","-","-","-","-","Jul 25, 2026, 7:52 PM","Jul 25, 2026, 9:44 PM","01:51:25","-","-","-","-","-","Jul 25, 2026, 7:41 PM","Jul 25, 2026, 7:52 PM","00:11:11","-","Jul 25, 2026, 9:44 PM","Jul 27, 2026, 4:55 PM","43:11:37","-","-","-","-","-","-","-","-","-","Jul 27, 2026, 4:55 PM","Jul 28, 2026, 2:47 PM","21:51:53","-","Jul 28, 2026, 2:47 PM","-","-","06:31:50","-","-","-","-","-","-","-","-","-","-","-","-","-","-","-","-","-","-","-","-","-","-","-","-","-","-","-","-","-","-","-","-","-","-","-","-","-","-","-","-","-","-","-","-","-","-","-","-","-","-","-","-","-","-","-","-","-","-","-","-","-","-","-","-","-","-","-","-","-","-","-","-","-","-","-","-","-","-","-","-","-","-","-","-","-","-","-","-","-","-","-","-","-","-","-","-"
"27336","505 West","Harbor Group Management Co., LLC","Contact","","602-880-8228","HVAC - Leak","Unit 2111","Completed","Jul 25, 2026, 10:00 AM","Jul 25, 2026, 11:00 AM","07/25/2026","10:00:00","07/25/2026","11:00:00","Jul 25, 2026, 2:16 PM","2026","July 2026","Chris Marrs","505 West Baseline Road, Tempe, Arizona 85283","Tempe","Arizona","85283","Main Location","Jacob Martinez","MFH - HVAC","Sent","453","0","0","0","","77962","","","77962","MFH:MFH - HVAC","Can't be on property after 6p. If we have to be, call Jesus to verify
Goodman condensers only for this property - R32 ONLY

Anthony called in an AC leak
POC Anthony 602-880-8228","Summary of Findings & Service Performed:
Upon arrival, found the primary drain pan overflowing and dripping heavily. Inspection revealed both the drain pan and the PVC condensate line were back-pitched, preventing natural drainage.
​Corrective Actions Taken:
​Adjusted the pan set-screws to re-establish a proper slope.
​Installed plumber’s tape to lift and properly pitch the PVC drain line.
​Flushed and cleared the condensate line using high-pressure nitrogen.
​System Status: Tested unit operation; condensate is now draining freely and properly.","","-","-","01:49:10","1.82","01:00:00","1","","0","","0","0","0","0","0","0","0","25","63","38","25","46.8","390","343.2","0","453","453","","","","","MFH - HVAC","","","","","","","","Lowe's","Free","","Residential","Tier 1 - 8%","","","15570187","480-577-2649","jpelayo@harborgroupmanagement.com","","","Logen Uknavage","","","","","Can't be on property after 6p. If we have to be, call Jesus to verify
Goodman condensers only for this property - R32 ONLY","Apr 2, 2026, 10:44 AM","Harbor","505 West","505 West","Jesus","Maintenance supervisor","-","-","-","-","-","-","-","-","-","-","-","-","-","-","-","-","-","-","-","-","-","-","-","-","-","-","-","-","-","-","-","-","-","-","-","-","-","-","-","-","-","-","-","-","-","-","-","-","-","-","-","-","-","-","-","-","-","-","-","-","-","-","-","-","-","-","-","-","-","-","-","-","-","-","-","-","-","-","-","-","Jul 25, 2026, 2:16 PM","Jul 25, 2026, 7:54 PM","05:37:44","-","-","-","-","-","Jul 25, 2026, 7:54 PM","Jul 25, 2026, 9:43 PM","01:49:10","-","-","-","-","-","-","-","-","-","-","-","-","-","Jul 25, 2026, 9:43 PM","Jul 27, 2026, 11:40 AM","37:57:07","-","Jul 27, 2026, 11:40 AM","-","-","33:39:01","-","-","-","-","-","-","-","-","-","-","-","-","-","-","-","-","-","-","-","-","-","-","-","-","-","-","-","-","-","-","-","-","-","-","-","-","-","-","-","-","-","-","-","-","-","-","-","-","-","-","-","-","-","-","-","-","-","-","-","-","-","-","-","-","-","-","-","-","-","-","-","-","-","-","-","-","-","-","-","-","-","-","-","-","-","-","-","-","-","-","-","-","-","-","-","-"
"27335","Capri on Camelback","Harbor Group Management Co., LLC","Travis George","tgeorge@harborgroupmanagement.com","(602) 882-8579","Fan Coil Flush Valves","Unit D-416","Canceled","Jul 26, 2026, 11:00 AM","Jul 26, 2026, 12:00 PM","07/26/2026","11:00:00","07/26/2026","12:00:00","Jul 25, 2026, 2:06 PM","2026","July 2026","Chris Marrs","5115 North 40th Street, Phoenix, Arizona 85018","Phoenix","Arizona","85018","Main Location","Jordan Wise","MFH - Plumbing","","0","0","0","0","","","","","","","Need to install flush valves on fan coil","Called en route was informed call was already completed by another vendor","","-","-","","0","01:00:00","1","","0","","0","0","0","0","0","0","0","0","0","0","0","0","0","0","0","0","0","","","","","MFH - Plumbing","","","","","","","","Lowe's","Free","","Residential","Tier 1 - 8%","","","17009572","(602) 882-8579","tgeorge@harborgroupmanagement.com","","","Logen Uknavage","Referral","","","","","Jun 2, 2026, 4:45 PM","MFH,Commercial","Capri on Camelback","Capri on Camelback","Travis","George","-","-","-","-","-","-","-","-","-","-","-","-","-","-","-","-","-","-","-","-","-","-","-","-","-","-","-","-","-","-","-","-","-","-","-","-","-","-","-","-","-","-","-","-","-","-","-","-","-","-","-","-","-","-","-","-","-","-","-","-","-","-","-","-","-","-","-","-","-","-","-","-","-","-","-","-","-","-","-","-","Jul 25, 2026, 2:06 PM","Jul 26, 2026, 9:24 AM","19:18:40","-","-","-","-","-","-","-","-","-","-","-","-","-","-","-","-","-","-","-","-","-","Jul 26, 2026, 9:24 AM","Jul 27, 2026, 11:34 AM","26:09:45","-","-","-","-","-","Jul 27, 2026, 11:34 AM","-","-","33:44:53","-","-","-","-","-","-","-","-","-","-","-","-","-","-","-","-","-","-","-","-","-","-","-","-","-","-","-","-","-","-","-","-","-","-","-","-","-","-","-","-","-","-","-","-","-","-","-","-","-","-","-","-","-","-","-","-","-","-","-","-","-","-","-","-","-","-","-","-","-","-","-","-","-","-","-","-","-","-","-","-","-","-","-","-","-","-","-","-","-","-","-","-"
"27334","Capri on Camelback","Harbor Group Management Co., LLC","Travis George","tgeorge@harborgroupmanagement.com","(602) 882-8579","Fan Coil Flush Valves","Unit D-413","Canceled","Jul 26, 2026, 9:00 AM","Jul 26, 2026, 11:00 AM","07/26/2026","09:00:00","07/26/2026","11:00:00","Jul 25, 2026, 2:04 PM","2026","July 2026","Chris Marrs","5115 North 40th Street, Phoenix, Arizona 85018","Phoenix","Arizona","85018","Main Location","Jordan Wise","MFH - Plumbing","","0","0","0","0","","","","","","","Need to install flush valves.","Called en  route and was informed call was already completed by another vendor","","-","-","","0","02:00:00","2","00:16:23","0.27","","0","0","0","0","0","0","0","0","0","0","0","0","0","0","0","0","0","","","","","MFH - Plumbing","","","","","","","","Lowe's","Free","","Residential","Tier 1 - 8%","","","17009572","(602) 882-8579","tgeorge@harborgroupmanagement.com","","","Logen Uknavage","Referral","","","","","Jun 2, 2026, 4:45 PM","MFH,Commercial","Capri on Camelback","Capri on Camelback","Travis","George","-","-","-","-","-","-","-","-","-","-","-","-","-","-","-","-","-","-","-","-","-","-","-","-","-","-","-","-","-","-","-","-","-","-","-","-","-","-","-","-","-","-","-","-","-","-","-","-","-","-","-","-","-","-","-","-","-","-","-","-","-","-","-","-","-","-","-","-","-","-","-","-","-","-","-","-","-","-","-","-","Jul 25, 2026, 2:04 PM","Jul 26, 2026, 9:06 AM","19:02:48","-","Jul 26, 2026, 9:06 AM","Jul 26, 2026, 9:23 AM","00:16:24","-","-","-","-","-","-","-","-","-","-","-","-","-","-","-","-","-","Jul 26, 2026, 9:23 AM","Jul 27, 2026, 11:34 AM","26:11:13","-","-","-","-","-","Jul 27, 2026, 11:34 AM","-","-","33:44:45","-","-","-","-","-","-","-","-","-","-","-","-","-","-","-","-","-","-","-","-","-","-","-","-","-","-","-","-","-","-","-","-","-","-","-","-","-","-","-","-","-","-","-","-","-","-","-","-","-","-","-","-","-","-","-","-","-","-","-","-","-","-","-","-","-","-","-","-","-","-","-","-","-","-","-","-","-","-","-","-","-","-","-","-","-","-","-","-","-","-","-","-"
"27331","Colter Park","Harbor Group Management Co., LLC","Contact","","602-880-8228","Active Water Leak :Plumbing","Unit 70","Completed","Jul 25, 2026, 8:00 PM","Jul 25, 2026, 9:00 PM","07/25/2026","20:00:00","07/25/2026","21:00:00","Jul 25, 2026, 11:09 AM","2026","July 2026","Chris Marrs","909 West Colter Street, Phoenix, Arizona 85013","Phoenix","Arizona","85013","Main Location","Jordan Wise","MFH - Plumbing","Sent","450","0","0","0","","78038","","","78038","AZ Service:MFH","Unit 70
POC: Anthony 602-880-8228
Unit is vacant - Key will be left in chiller room, lockbox code 8579
If we have any issues finding the key please call Anthony
Angle stop is leaking, POC couldnt remember which sink but said there is a bucket under it","Arrived 7:30pm - Finished 9pm 
Once at unit gained access and assessed leak found no supply line was connected on dishwasher line for hot angle stop and it did not fully shut off causing it to drip. Had to leave for parts at 7:45 PM. Was back in site at 8:40pm. Went on roof shut down water waited for drain down and made repair. After repair was made, turned on water, tested for leaks all was good locked up unit and returned keys to mechanical room.
1- 1/2” dual sharkbite angle stop
1- 1/2” sharkbite coupling 
1- supply line 
1 foot 1/2” copper pipe","","-","-","01:35:31","1.58","01:00:00","1","","0","","0","0","0","0","0","0","0","75","150","75","75","36","300","264","0","450","450","","85893007","","","MFH - Plumbing","","","","","","","","Lowe's","Free","","Residential","Tier 1 - 8%","","","15508690","(480) 640-7388","fswanson@harborgroupmanagement.com","","","Logen Uknavage","","","","","","Mar 30, 2026, 9:43 AM","Harbor","Colter Park","Colter Park","Feljie","Swanson","-","-","-","-","-","-","-","-","-","-","-","-","-","-","-","-","-","-","-","-","-","-","-","-","-","-","-","-","-","-","-","-","-","-","-","-","-","-","-","-","-","-","-","-","-","-","-","-","-","-","-","-","-","-","-","-","-","-","-","-","-","-","-","-","-","-","-","-","-","-","-","-","-","-","-","-","-","-","-","-","Jul 25, 2026, 11:09 AM","Jul 25, 2026, 7:33 PM","08:24:04","-","-","-","-","-","Jul 25, 2026, 7:33 PM","Jul 25, 2026, 9:09 PM","01:35:31","-","-","-","-","-","-","-","-","-","-","-","-","-","Jul 25, 2026, 9:09 PM","Jul 27, 2026, 11:23 AM","38:13:45","-","Jul 27, 2026, 11:23 AM","-","-","33:56:11","-","-","-","-","-","-","-","-","-","-","-","-","-","-","-","-","-","-","-","-","-","-","-","-","-","-","-","-","-","-","-","-","-","-","-","-","-","-","-","-","-","-","-","-","-","-","-","-","-","-","-","-","-","-","-","-","-","-","-","-","-","-","-","-","-","-","-","-","-","-","-","-","-","-","-","-","-","-","-","-","-","-","-","-","-","-","-","-","-","-","-","-","-","-","-","-"
"27330","Colter Park","Harbor Group Management Co., LLC","Josh Stocks","wjstocks@harborgroupmanagement.com","252-561-6834","Fan Coil","unit 42","Pending Audit","Jul 25, 2026, 1:30 AM","Jul 25, 2026, 3:00 AM","07/25/2026","01:30:00","07/25/2026","03:00:00","Jul 24, 2026, 8:47 PM","2026","July 2026","Chris Marrs","909 West Colter Street, Phoenix, Arizona 85013","Phoenix","Arizona","85013","Main Location","Jordan Wise","MFH - Plumbing","","0","0","0","0","","","","","","","Fan coil wont turn on","Arrived 4:30am - Finished 5:45am 
Once at unit knocked loud 3 times and could not get an answer, called Josh he said he will reach out to the tenant. Waited for a call back once he reached back out to me he informed me he has a maintenance guy that will meet me on site in about 20 minutes. Waited for him to show up, he then told me he will be an additional 15 minutes. Waited for his arrival. He eventually showed up at 5:30am, entered unit with maintenance. He said he changed out the thermostat earlier today but he swapped it with an old one checked electrical and I told him it seems like the thermostat as well. He brought a new one in the unit and I watched him install it after it was installed. Everything is good now.","","-","-","01:19:25","1.32","01:30:00","1.5","00:08:02","0.13","","0","0","0","0","0","0","0","0","0","0","0","0","0","0","0","0","0","","","","","MFH - Plumbing","","","","","","","","Lowe's","Free","","Residential","Tier 1 - 8%","","","15508690","(480) 640-7388","fswanson@harborgroupmanagement.com","","","Logen Uknavage","","","","","","Mar 30, 2026, 9:43 AM","Harbor","Colter Park","Colter Park","Feljie","Swanson","-","-","-","-","-","-","-","-","-","-","-","-","-","-","-","-","-","-","-","-","-","-","-","-","-","-","-","-","-","-","-","-","-","-","-","-","-","-","-","-","-","-","-","-","-","-","-","-","-","-","-","-","-","-","-","-","-","-","-","-","-","-","-","-","-","-","-","-","-","-","-","-","-","-","-","-","-","-","-","-","Jul 25, 2026, 12:13 AM","Jul 25, 2026, 4:20 AM","04:07:50","-","Jul 25, 2026, 4:20 AM","Jul 25, 2026, 4:28 AM","00:08:03","-","Jul 25, 2026, 4:28 AM","Jul 25, 2026, 5:48 AM","01:19:24","-","-","-","-","-","-","-","-","-","-","-","-","-","Jul 25, 2026, 5:48 AM","-","-","87:31:02","-","-","-","-","Jul 24, 2026, 9:37 PM","Jul 25, 2026, 12:13 AM","02:36:00","-","-","-","-","-","-","-","-","-","-","-","-","-","-","-","-","-","-","-","-","-","-","-","-","-","-","-","-","-","-","-","-","-","-","-","-","-","-","-","-","-","-","-","-","-","-","-","-","-","-","-","-","-","-","-","-","-","-","-","-","-","-","-","-","-","-","-","-","-","-","-","-","-","-","-","-","-","-","-","-","-","-","-","-","-","-","-","-","-","-","-","-","-"
"27329","Westmount at Urban Trails","BH Management Services LLC","Contact","","915-496-8522","No Cool :HVAC","Unit","Canceled","Jul 25, 2026, 2:00 PM","Jul 25, 2026, 3:00 PM","07/25/2026","14:00:00","07/25/2026","15:00:00","Jul 24, 2026, 8:41 PM","2026","July 2026","Chris Marrs","1620 West Southern Avenue, Mesa, Arizona 85202","Mesa","Arizona","85202","Main Location","","","","0","0","0","0","","","","","","","Condensor went out
Call Saul for unit number 915-496-8522","","","-","-","","0","01:00:00","1","","0","","0","0","0","0","0","0","0","0","0","0","0","0","0","0","0","0","0","","","","","MFH - HVAC","","","","","","","","Lowe's","Free","","Residential","Tier 1 - 8%","","","6991839","(505) 770-4644","lyndsay.robinson@livebh.com","","","Logen Uknavage","","New Prospect","","Greystar","","Jun 3, 2024, 3:06 PM","VendorCafe,BH Mgmt,MFH","Westmount at Urban Trails","Westmount at Urban Trails","Lyndsay","Robinson","-","-","-","-","-","-","-","-","-","-","-","-","-","-","-","-","-","-","-","-","-","-","-","-","-","-","-","-","-","-","-","-","-","-","-","-","-","-","-","-","-","-","-","-","-","-","-","-","-","-","-","-","-","-","-","-","-","-","-","-","-","-","-","-","-","-","-","-","-","-","-","-","-","-","-","-","-","-","-","-","Jul 24, 2026, 8:41 PM","Jul 25, 2026, 7:35 PM","22:54:37","-","-","-","-","-","-","-","-","-","-","-","-","-","-","-","-","-","-","-","-","-","-","-","-","-","-","-","-","-","Jul 25, 2026, 7:35 PM","-","-","73:43:31","-","-","-","-","-","-","-","-","-","-","-","-","-","-","-","-","-","-","-","-","-","-","-","-","-","-","-","-","-","-","-","-","-","-","-","-","-","-","-","-","-","-","-","-","-","-","-","-","-","-","-","-","-","-","-","-","-","-","-","-","-","-","-","-","-","-","-","-","-","-","-","-","-","-","-","-","-","-","-","-","-","-","-","-","-","-","-","-","-","-","-","-"
"27328","Heritage district","AIR Communities","Mike Weis","michael.weis@aircommunities.com","480-217-6717","No Cool :HVAC","Unit 2119","Completed","Jul 25, 2026, 12:15 PM","Jul 25, 2026, 1:15 PM","07/25/2026","12:15:00","07/25/2026","13:15:00","Jul 24, 2026, 7:11 PM","2026","July 2026","Chris Marrs","275 West Juniper Avenue, Gilbert, Arizona 85233","Gilbert","Arizona","85233","Main Location","Chuy Torres","MFH - HVAC","Sent","193","0","0","0","","77980","","","77980","MFH:MFH - HVAC","No cool 
POC Mike","---

## **Field Service Report: Thermal Overload Reset & System Check**

**Date:** July 25, 2026  
**Unit:** 2119  
**Status:** Arrived on-site for a no-cooling call after on-site maintenance had previously replaced the run capacitor. Diagnosed an overheated compressor out on thermal overload. Allowed the system to cool, restarted it, and verified proper operation.

### **Diagnostic Findings**
* **Initial Assessment:** Responded to a service call for a unit not cooling. Noted that on-site maintenance had already responded and **previously replaced the run capacitor**. 
* **System Evaluation:** Evaluated the system and found no active mechanical or electrical issues. 
* **Root Cause:** Determined that before the capacitor was replaced, the compressor had repeatedly tried to start, causing it to overheat and trip its internal thermal overload protector. 

### **Actions Performed**
* **System Reset:** Gave the compressor adequate time to cool down so the internal thermal switch could automatically reset. 
* **Verification:** Once the compressor cooled, restarted the equipment. Monitored the refrigeration cycle and amp draws. 
* **Outcome:** **Restored operation; the system is running smoothly and working properly at this time.**

---

**Status: Thermal Overload Reset & Tested — Ticket Closed**

---","","-","-","30:50:27","30.83","01:00:00","1","","0","","0","0","0","0","0","0","0","25","63","38","25","15.6","130","114.4","0","193","193","","","","","MFH - HVAC","","","","","","","","Lowe's","Free","","Residential","Tier 1 - 8%","","","16169568","(480) 217-6717","susan.kucherer@aircommunities.com","","","Logen Uknavage","Referral","","","","","Apr 30, 2026, 4:10 PM","Coupa","Heritage district","Heritage district","","","-","-","-","-","-","-","-","-","-","-","-","-","-","-","-","-","-","-","-","-","-","-","-","-","-","-","-","-","-","-","-","-","-","-","-","-","-","-","-","-","-","-","-","-","-","-","-","-","-","-","-","-","-","-","-","-","-","-","-","-","-","-","-","-","-","-","-","-","-","-","-","-","-","-","-","-","-","-","-","-","Jul 24, 2026, 7:11 PM","Jul 25, 2026, 3:58 PM","20:46:53","-","-","-","-","-","Jul 25, 2026, 3:58 PM","Jul 26, 2026, 10:48 PM","30:50:27","-","-","-","-","-","-","-","-","-","-","-","-","-","Jul 26, 2026, 10:48 PM","Jul 27, 2026, 3:03 PM","16:15:00","-","Jul 27, 2026, 3:03 PM","-","-","30:15:32","-","-","-","-","-","-","-","-","-","-","-","-","-","-","-","-","-","-","-","-","-","-","-","-","-","-","-","-","-","-","-","-","-","-","-","-","-","-","-","-","-","-","-","-","-","-","-","-","-","-","-","-","-","-","-","-","-","-","-","-","-","-","-","-","-","-","-","-","-","-","-","-","-","-","-","-","-","-","-","-","-","-","-","-","-","-","-","-","-","-","-","-","-","-","-","-"
"27327","Colter Park","Harbor Group Management Co., LLC","Contact","","602-880-8228","Fan coil leak","Unit 276","Completed","Jul 25, 2026, 7:00 PM","Jul 25, 2026, 8:00 PM","07/25/2026","19:00:00","07/25/2026","20:00:00","Jul 24, 2026, 6:35 PM","2026","July 2026","Chris Marrs","909 West Colter Street, Phoenix, Arizona 85013","Phoenix","Arizona","85013","Main Location","Jordan Wise","MFH - Plumbing","","0","0","0","0","","","","","","","Fan coil leaking in unit 276
Possible warranty 
POC: Anthony - 602-880-8228","Arrived 7pm - Finished 9:20pm
Once on site attempted to gain access to unit via knocking. Could not get an answer, reached out to POC. He said tenant is on his way home and to start on other call first. Was back at this call at 9pm. Upon arrival, tenant said someone was out previously and cleared drain pan, but they said it continued to drip after they left inspected drain pan and it was all clear. I informed them it was most likely residual from the overflow hanging out in the ceiling, but everything is dry now with no leaks. If it backs up again, property will call us back out.","","-","-","02:18:26","2.3","01:00:00","1","00:27:51","0.45","","0","0","0","0","0","0","0","0","0","0","0","0","0","0","0","0","0","","","","","MFH - Plumbing","","","","","","","","Lowe's","Free","","Residential","Tier 1 - 8%","","","15508690","(480) 640-7388","fswanson@harborgroupmanagement.com","","","Logen Uknavage","","","","","","Mar 30, 2026, 9:43 AM","Harbor","Colter Park","Colter Park","Feljie","Swanson","-","-","-","-","-","-","-","-","-","-","-","-","-","-","-","-","-","-","-","-","-","-","-","-","-","-","-","-","-","-","-","-","-","-","-","-","-","-","-","-","-","-","-","-","-","-","-","-","-","-","-","-","-","-","-","-","-","-","-","-","-","-","-","-","-","-","-","-","-","-","-","-","-","-","-","-","-","-","-","-","Jul 24, 2026, 6:35 PM","Jul 25, 2026, 6:34 PM","23:59:00","-","Jul 25, 2026, 6:34 PM","Jul 25, 2026, 7:01 PM","00:27:50","-","Jul 25, 2026, 7:01 PM","Jul 25, 2026, 9:20 PM","02:18:26","-","-","-","-","-","-","-","-","-","-","-","-","-","Jul 25, 2026, 9:20 PM","Jul 27, 2026, 11:19 AM","37:58:54","-","Jul 27, 2026, 11:19 AM","-","-","34:00:04","-","-","-","-","-","-","-","-","-","-","-","-","-","-","-","-","-","-","-","-","-","-","-","-","-","-","-","-","-","-","-","-","-","-","-","-","-","-","-","-","-","-","-","-","-","-","-","-","-","-","-","-","-","-","-","-","-","-","-","-","-","-","-","-","-","-","-","-","-","-","-","-","-","-","-","-","-","-","-","-","-","-","-","-","-","-","-","-","-","-","-","-","-","-","-","-"
"27326","Heritage district","AIR Communities","Contact","","480-217-6717","No Cool :HVAC","Unit 2144","Completed","Jul 25, 2026, 11:00 AM","Jul 25, 2026, 12:00 PM","07/25/2026","11:00:00","07/25/2026","12:00:00","Jul 24, 2026, 5:26 PM","2026","July 2026","Chris Marrs","275 West Juniper Avenue, Gilbert, Arizona 85233","Gilbert","Arizona","85233","Main Location","Chuy Torres","MFH - HVAC","Sent","670","0","0","0","","77979","","","77979","MFH:MFH - HVAC","Unit not cooling","---

## **Field Service Report: TXV Adjustment, Maintenance & Thermostat Relocation**

**Date:** July 25, 2026  
**Unit:** 2144  
**Status:** Arrived on-site for a no-cooling call. Diagnosed a restricted TXV and high head pressure. Adjusted the valve, cleaned the outdoor coil, and restored proper operation. Also identified poor thermostat placement causing continuous running.

### **Diagnostic Findings & Repairs**
* **Initial Assessment:** Responded to a service call for a unit not cooling and evaluated the HVAC equipment.
* **Refrigerant Cycle Adjustments:** Hooked up gauges and found the system had a restricted Thermostatic Expansion Valve (TXV). Fortunately, this system features an adjustable TXV. I successfully adjusted the valve to open it up and restore proper refrigerant flow and pressures.
* **Coil Maintenance:** Noted that the system was also running with high head pressure. Thoroughly cleaned the outdoor condensing coil to restore proper airflow and heat rejection, which successfully brought the head pressure back down to normal operating ranges.
* **System Status:** After adjusting the TXV and washing the coil, the system pressures are fully normalized and it is pushing a textbook **20-degree air split**.

### **Recommendations & Next Steps**
* **Thermostat Relocation Required:** Found that the indoor thermostat is installed directly next to a window. The solar heat gain from the window is constantly heating up the thermostat casing, causing it to read artificially high. Because of this false reading, the system never satisfies and runs constantly. 
* **Action Item:** I highly recommend **relocating the thermostat** to an interior wall away from direct sunlight and drafts to ensure the system cycles properly and efficiently.

---

**Status: Cooling Restored — Pending Thermostat Relocation Quote**

---","","-","-","33:47:53","33.78","01:00:00","1","","0","","0","0","0","0","0","0","0","75","150","75","75","62.4","520","457.6","0","670","670","","","","","MFH - HVAC","","","","","","","","Lowe's","Free","","Residential","Tier 1 - 8%","","","16169568","(480) 217-6717","susan.kucherer@aircommunities.com","","","Logen Uknavage","Referral","","","","","Apr 30, 2026, 4:10 PM","Coupa","Heritage district","Heritage district","","","-","-","-","-","-","-","-","-","-","-","-","-","-","-","-","-","-","-","-","-","-","-","-","-","-","-","-","-","-","-","-","-","-","-","-","-","-","-","-","-","-","-","-","-","-","-","-","-","-","-","-","-","-","-","-","-","-","-","-","-","-","-","-","-","-","-","-","-","-","-","-","-","-","-","-","-","-","-","-","-","Jul 24, 2026, 5:26 PM","Jul 25, 2026, 12:58 PM","19:32:19","-","-","-","-","-","Jul 25, 2026, 12:58 PM","Jul 26, 2026, 10:46 PM","33:47:53","-","-","-","-","-","-","-","-","-","Jul 26, 2026, 10:46 PM","Jul 26, 2026, 10:46 PM","00:00:04","-","Jul 26, 2026, 10:46 PM","Jul 27, 2026, 4:55 PM","18:09:04","-","Jul 27, 2026, 4:55 PM","-","-","28:24:01","-","-","-","-","-","-","-","-","-","-","-","-","-","-","-","-","-","-","-","-","-","-","-","-","-","-","-","-","-","-","-","-","-","-","-","-","-","-","-","-","-","-","-","-","-","-","-","-","-","-","-","-","-","-","-","-","-","-","-","-","-","-","-","-","-","-","-","-","-","-","-","-","-","-","-","-","-","-","-","-","-","-","-","-","-","-","-","-","-","-","-","-","-","-","-","-"
"27318","Argenta Apartments","29th Street Communities","Sean O'Brian","sean.obrien@29scliving.com","480-352-1864","No Cool :HVAC","Office Unit Water leak","Completed","Jul 24, 2026, 4:00 PM","Jul 24, 2026, 5:00 PM","07/24/2026","16:00:00","07/24/2026","17:00:00","Jul 24, 2026, 4:12 PM","2026","July 2026","Joey Reyes","4104 East Broadway Road, Mesa, Arizona 85206","Mesa","Arizona","85206","Main Location","Chuy Torres","MFH - HVAC","Sent","323","0","0","0","","78002","","","78002","MFH:MFH - HVAC","Office Unit
AC is leaking and appears to be a clogged drain pan
Call Sean when you arrive. He will get us access if it is after 6p.","---

## **Field Service Report: Condensate Backup & Drain Clearing**

**Date:** July 26, 2026  
**Location:** Main Office / Leasing Office  
**Status:** Arrived on-site to address a water leak from the office A/C. Diagnosed clogged condensate drain lines on two air handlers backing up into the secondary drain pans. Cleared the lines with high-pressure CO2 and restored proper drainage.

### **Diagnostic Findings**
* **Initial Assessment:** Responded to a service call for an active water leak coming from the office air conditioning equipment.
* **System Evaluation:** Inspected the equipment and found that the primary **condensate drain lines for two air handlers were clogged**. The restrictions caused the water to overflow the primary drains and back up into the **secondary drain pans**.

### **Repairs Performed**
* **Drain Clearing:** Hooked up the **CO2** cartridge and blasted the blocked drain lines with high pressure to successfully blow out the clogs and completely clear the restrictions in both systems.

### **Final Status**
* **Verification:** Poured water directly into the drain pans to thoroughly water-test the newly cleared lines on both units. Confirmed that the water is flowing freely and the systems are **draining properly** with absolutely no backups.
* **Outcome:** **Restored operation; the leak is resolved and both systems are draining as designed at this time.**

---

**Status: Drains Cleared & Tested — Ticket","","-","-","","0","01:00:00","1","","0","","0","0","0","0","0","0","0","25","63","38","25","31.2","260","228.8","0","323","323","","","","","MFH - HVAC","","Sean","","","","","","Lowe's","Free","","Residential","Tier 1 - 8%","","","9808428","(925) 324-7595","diana.march@29scliving.com","","sean.obrien@29scliving.com","Logen Uknavage","Referral","Won","","","","Mar 21, 2025, 8:24 AM","","Argenta Apartments","Argenta Apartments","Diana","March","-","-","-","-","-","-","-","-","-","-","-","-","-","-","-","-","-","-","-","-","-","-","-","-","-","-","-","-","-","-","-","-","-","-","-","-","-","-","-","-","-","-","-","-","-","-","-","-","-","-","-","-","-","-","-","-","-","-","-","-","-","-","-","-","-","-","-","-","-","-","-","-","-","-","-","-","-","-","-","-","Jul 24, 2026, 4:12 PM","Jul 26, 2026, 12:51 AM","32:39:19","-","-","-","-","-","-","-","-","-","-","-","-","-","-","-","-","-","-","-","-","-","Jul 26, 2026, 12:51 AM","Jul 27, 2026, 9:37 AM","32:46:24","-","Jul 27, 2026, 9:37 AM","-","-","35:41:29","-","-","-","-","-","-","-","-","-","-","-","-","-","-","-","-","-","-","-","-","-","-","-","-","-","-","-","-","-","-","-","-","-","-","-","-","-","-","-","-","-","-","-","-","-","-","-","-","-","-","-","-","-","-","-","-","-","-","-","-","-","-","-","-","-","-","-","-","-","-","-","-","-","-","-","-","-","-","-","-","-","-","-","-","-","-","-","-","-","-","-","-","-","-","-","-"
"27317","Agave Ridge Apartments","29th Street Communities","Contact","","(602) 419-7198","Fixture Issues :Plumbing","Unit 111 Shut off valve","Needs to be Rescheduled","Jul 25, 2026, 5:00 PM","Jul 25, 2026, 7:00 PM","07/25/2026","17:00:00","07/25/2026","19:00:00","Jul 24, 2026, 3:56 PM","2026","July 2026","Joey Reyes","1609 West Glendale Avenue, Phoenix, Arizona 85021","Phoenix","Arizona","85021","Main Location","Jordan Wise","MFH - Plumbing","","0","0","0","0","","","","","","","HVAC requires tech and a helper
Unit 111
Need to change off the shut off valve outside unit 111
POC Nick","Arrived 5:45pm - Finished 6:15pm
Once on site maintenance couldn’t get access to unit 111, shut of water to stack for surrounding units and water shut off just fine. Waited for access to unit 111. To test if possibly this is the only unit being affected. He said it’s not an emergency but they would like it replaced so we can shut down to replace a shower valve however without access I am unable to verify if water shut off or not. Waited around to see if we could gain access but none of his keys work and they could not get a hold of the tenant. They said they will call us back Monday.","","-","-","00:07:15","0.12","02:00:00","2","00:38:06","0.63","","0","0","0","0","0","0","0","0","0","0","0","0","0","0","0","0","0","","","","","MFH - Plumbing","","Nick","","","","","","Lowe's","Free","","Residential","Tier 1 - 8%","","","13751174","602 688-1527","agaveridge@29scliving.com","","","Logen Uknavage","","","","","","Dec 16, 2025, 2:50 PM","","Agave Ridge Apartments","Agave Ridge Apartments","","","-","-","-","-","-","-","-","-","-","-","-","-","-","-","-","-","-","-","-","-","-","-","-","-","-","-","-","-","-","-","-","-","-","-","-","-","-","-","-","-","-","-","-","-","-","-","-","-","-","-","-","-","-","-","-","-","-","-","-","-","-","-","-","-","-","-","-","-","-","-","-","-","-","-","-","-","-","-","-","-","Jul 24, 2026, 3:56 PM","Jul 25, 2026, 5:24 PM","25:28:13","-","Jul 25, 2026, 5:24 PM","Jul 25, 2026, 6:02 PM","00:38:06","-","Jul 25, 2026, 6:02 PM","Jul 25, 2026, 6:10 PM","00:07:16","-","-","-","-","-","Jul 27, 2026, 11:18 AM","-","-","34:00:30","-","-","-","-","Jul 25, 2026, 6:10 PM","Jul 27, 2026, 11:18 AM","41:08:46","-","-","-","-","-","-","-","-","-","-","-","-","-","-","-","-","-","-","-","-","-","-","-","-","-","-","-","-","-","-","-","-","-","-","-","-","-","-","-","-","-","-","-","-","-","-","-","-","-","-","-","-","-","-","-","-","-","-","-","-","-","-","-","-","-","-","-","-","-","-","-","-","-","-","-","-","-","-","-","-","-","-","-","-","-","-","-","-","-","-","-","-","-","-","-","-","-","-","-","-","-"
"27315","505 West","Harbor Group Management Co., LLC","Jesus Maintenance supervisor","jpelayo@harborgroupmanagement.com","480-577-2649","No Cool :HVAC","unit 1167 AC Leak","Completed","Jul 25, 2026, 8:30 AM","Jul 25, 2026, 9:30 AM","07/25/2026","08:30:00","07/25/2026","09:30:00","Jul 24, 2026, 3:40 PM","2026","July 2026","Joey Reyes","505 West Baseline Road, Tempe, Arizona 85283","Tempe","Arizona","85283","Main Location","Jacob Martinez","MFH - HVAC","Sent","323","3950","0","0","","77961, 78041","77961","MFH:MFH - HVAC","78041","MFH:MFH - HVAC","Can't be on property after 6p. If we have to be, call Jesus to verify
Goodman condensers only for this property - R32 ONLY
Unit 1167
AC is leaking, possible condensate clog
POC Anthony","Service & Diagnostics Report
​Initial Assessment: System was running with low suction pressure and a lukewarm suction line. Pan overflow was cleared completely with nitrogen.
​Diagnostic Findings: Added R-22, which caused head pressure to spike immediately alongside high superheat—confirming a severe system restriction rather than low charge.
​Current Equipment: Old R-22 system (recommend full replacement).
​Replacement Recommendation & Logistics
​System Specs: 2-Ton first co Split System Full Install (Recommend Goodman R-32).
​Primary Estimate: Full 2-Ton Split System Installation.
​Crane & Rigging Requirements:
​Overhead power lines rule out setting up a crane on the main street. Very large crane with extended reach to clear buildinds and obstacles from parking lot","","-","-","05:12:24","5.2","01:00:00","1","00:22:12","0.37","","0","1067.54","1593.34","525.8","1810.73","2356.66","545.93","25","63","38","25","31.2","260","228.8","0","323","323","","","","","MFH - HVAC","","Anthony","","","","","","Lowe's","Free","","Residential","Tier 1 - 8%","","","15570187","480-577-2649","jpelayo@harborgroupmanagement.com","","","Logen Uknavage","","","","","Can't be on property after 6p. If we have to be, call Jesus to verify
Goodman condensers only for this property - R32 ONLY","Apr 2, 2026, 10:44 AM","Harbor","505 West","505 West","Jesus","Maintenance supervisor","-","-","-","-","-","-","-","-","-","-","-","-","-","-","-","-","-","-","-","-","-","-","-","-","-","-","-","-","-","-","-","-","-","-","-","-","-","-","-","-","-","-","-","-","-","-","-","-","-","-","-","-","-","-","-","-","-","-","-","-","-","-","-","-","-","-","-","-","-","-","-","-","-","-","-","-","-","-","-","-","Jul 24, 2026, 3:40 PM","Jul 25, 2026, 1:58 PM","22:17:49","-","Jul 25, 2026, 1:58 PM","Jul 25, 2026, 2:20 PM","00:22:12","-","Jul 25, 2026, 2:20 PM","Jul 25, 2026, 7:32 PM","05:12:24","-","-","-","-","-","-","-","-","-","-","-","-","-","Jul 25, 2026, 7:32 PM","Jul 27, 2026, 11:36 AM","40:03:57","-","Jul 27, 2026, 11:36 AM","-","-","33:42:33","-","-","-","-","-","-","-","-","-","-","-","-","-","-","-","-","-","-","-","-","-","-","-","-","-","-","-","-","-","-","-","-","-","-","-","-","-","-","-","-","-","-","-","-","-","-","-","-","-","-","-","-","-","-","-","-","-","-","-","-","-","-","-","-","-","-","-","-","-","-","-","-","-","-","-","-","-","-","-","-","-","-","-","-","-","-","-","-","-","-","-","-","-","-","-","-"
"27313","Capri on Camelback","Harbor Group Management Co., LLC","Juan Barajas","","909-762-2934","Clogged Drain :Plumbing","D404 Clogged toilet","Pending Audit","Jul 24, 2026, 10:00 PM","Jul 24, 2026, 11:00 PM","07/24/2026","22:00:00","07/24/2026","23:00:00","Jul 24, 2026, 3:27 PM","2026","July 2026","Joey Reyes","5115 North 40th Street, Phoenix, Arizona 85018","Phoenix","Arizona","85018","Main Location","Jordan Wise","MFH - Plumbing","","0","0","0","0","","","","","","","Unit D404
Juan called in a clogged toilet for a single restroom unit
POC Juan","","","-","-","","0","01:00:00","1","","0","","0","0","0","0","0","0","0","0","0","0","0","0","0","0","0","0","0","","","","","MFH - Plumbing","","Juan","","","","","","Lowe's","Free","","Residential","Tier 1 - 8%","","","17009572","(602) 882-8579","tgeorge@harborgroupmanagement.com","","","Logen Uknavage","Referral","","","","","Jun 2, 2026, 4:45 PM","MFH,Commercial","Capri on Camelback","Capri on Camelback","Travis","George","-","-","-","-","-","-","-","-","-","-","-","-","-","-","-","-","-","-","-","-","-","-","-","-","-","-","-","-","-","-","-","-","-","-","-","-","-","-","-","-","-","-","-","-","-","-","-","-","-","-","-","-","-","-","-","-","-","-","-","-","-","-","-","-","-","-","-","-","-","-","-","-","-","-","-","-","-","-","-","-","Jul 24, 2026, 3:27 PM","Jul 24, 2026, 11:11 PM","07:44:47","-","-","-","-","-","-","-","-","-","Jul 27, 2026, 9:14 AM","Jul 27, 2026, 2:51 PM","05:37:10","-","Jul 24, 2026, 11:11 PM","Jul 27, 2026, 9:14 AM","58:02:28","-","-","-","-","-","Jul 27, 2026, 2:51 PM","-","-","30:27:45","-","-","-","-","-","-","-","-","-","-","-","-","-","-","-","-","-","-","-","-","-","-","-","-","-","-","-","-","-","-","-","-","-","-","-","-","-","-","-","-","-","-","-","-","-","-","-","-","-","-","-","-","-","-","-","-","-","-","-","-","-","-","-","-","-","-","-","-","-","-","-","-","-","-","-","-","-","-","-","-","-","-","-","-","-","-","-","-","-","-","-","-","-","-","-","-","-","-","-","-"
"27309","Colter Park","Harbor Group Management Co., LLC","Feljie Swanson","fswanson@harborgroupmanagement.com","(480) 640-7388","Fan coil","Unit 44 Fan Coil leaking","Completed","Jul 24, 2026, 4:00 PM","Jul 24, 2026, 5:00 PM","07/24/2026","16:00:00","07/24/2026","17:00:00","Jul 24, 2026, 2:29 PM","2026","July 2026","Joey Reyes","909 West Colter Street, Phoenix, Arizona 85013","Phoenix","Arizona","85013","Main Location","Benito Valdez","MFH - Plumbing","Estimate","0","2285","0","0","","78011","78011","AZ Service:MFH","","","Unit 44
Fan coil is leaking
POC Josh","8hbc3 lh fan coil letter B=1995,is completely rusted everywhere, pan is rusted through, gate valves are leaking as well,recommend replacing 
*Tennants closet must be cleared in order to do the work *","","-","-","00:38:08","0.63","01:00:00","1","","0","","0","786","1185","399","132","1100","968","0","0","0","0","0","0","0","0","0","0","","85892248","","","MFH - Plumbing","","Feljie","","","","","","Lowe's","Free","","Residential","Tier 1 - 8%","","","15508690","(480) 640-7388","fswanson@harborgroupmanagement.com","","","Logen Uknavage","","","","","","Mar 30, 2026, 9:43 AM","Harbor","Colter Park","Colter Park","Feljie","Swanson","-","-","-","-","-","-","-","-","-","-","-","-","-","-","-","-","-","-","-","-","-","-","-","-","-","-","-","-","-","-","-","-","-","-","-","-","-","-","-","-","-","-","-","-","-","-","-","-","-","-","-","-","-","-","-","-","-","-","-","-","-","-","-","-","-","-","-","-","-","-","-","-","-","-","-","-","-","-","-","-","Jul 24, 2026, 2:29 PM","Jul 24, 2026, 3:14 PM","00:44:55","-","-","-","-","-","Jul 24, 2026, 3:14 PM","Jul 24, 2026, 3:52 PM","00:38:08","-","-","-","-","-","-","-","-","-","-","-","-","-","Jul 24, 2026, 3:52 PM","Jul 27, 2026, 9:59 AM","66:07:26","-","Jul 27, 2026, 9:59 AM","-","-","35:19:24","-","-","-","-","-","-","-","-","-","-","-","-","-","-","-","-","-","-","-","-","-","-","-","-","-","-","-","-","-","-","-","-","-","-","-","-","-","-","-","-","-","-","-","-","-","-","-","-","-","-","-","-","-","-","-","-","-","-","-","-","-","-","-","-","-","-","-","-","-","-","-","-","-","-","-","-","-","-","-","-","-","-","-","-","-","-","-","-","-","-","-","-","-","-","-","-"
"27308","Venue on Camelback","BH Management Services LLC","Andres Marquez","andres.marquez@livebh.com","(480) 340-2646","Fan Coil - No Cool","Unit 049 Fan coil leak/no cool","Completed","Jul 24, 2026, 6:00 PM","Jul 24, 2026, 7:00 PM","07/24/2026","18:00:00","07/24/2026","19:00:00","Jul 24, 2026, 2:20 PM","2026","July 2026","Joey Reyes","1930 East Camelback Road, Phoenix, Arizona 85016","Phoenix","Arizona","85016","Main Location","Jordan Wise","MFH - Plumbing","","0","0","0","0","","","","","","","Unit 049
Fan coil we replaced this week is leaking and not cooling. It's 80° in the home
POC Andreas","Arrived 4:45pm - Finished 6pm
Once on site property request I start with this call first. Once inside unit took temperatures at 94°. Inspected fan coil and found it was only wired to a low speed wired correctly to give additional speeds set fan coil to high and it immediately started cooling and flowing much better exiting temps at 44°. Everything is cooling good now there was no leak present while I was inside the unit. I informed the tenant to keep an eye on it if it leaks again we can return to investigate further.","Recall","-","-","00:46:53","0.77","01:00:00","1","00:04:39","0.07","","0","0","0","0","0","0","0","0","0","0","0","0","0","0","0","0","0","","","","","MFH - Plumbing","","Andreas","","","","","","Lowe's","Free","","Residential","Tier 1 - 8%","","","12805541","(480) 340-2646","andres.marquez@livebh.com","","","Logen Uknavage","","","","","","Oct 16, 2025, 3:10 PM","Commercial,MFH,BH Mgmt","Venue on Camelback","Venue on Camelback","Andres","Marquez","-","-","-","-","-","-","-","-","-","-","-","-","-","-","-","-","-","-","-","-","-","-","-","-","-","-","-","-","-","-","-","-","-","-","-","-","-","-","-","-","-","-","-","-","-","-","-","-","-","-","-","-","-","-","-","-","-","-","-","-","-","-","-","-","-","-","-","-","-","-","-","-","-","-","-","-","-","-","-","-","Jul 24, 2026, 2:48 PM","Jul 24, 2026, 5:10 PM","02:22:26","-","Jul 24, 2026, 2:43 PM","Jul 24, 2026, 2:48 PM","00:04:39","-","Jul 24, 2026, 5:10 PM","Jul 24, 2026, 5:57 PM","00:46:53","-","-","-","-","-","Jul 25, 2026, 4:20 AM","Jul 27, 2026, 11:48 AM","55:27:21","-","-","-","-","-","Jul 24, 2026, 5:57 PM","Jul 25, 2026, 4:20 AM","10:23:03","-","Jul 27, 2026, 11:48 AM","-","-","33:31:17","-","-","-","-","-","-","-","-","-","-","-","-","-","-","-","-","-","-","-","-","-","-","-","-","-","-","-","-","-","-","-","-","-","-","-","-","-","-","-","-","-","-","-","-","-","-","-","-","-","-","-","-","-","-","-","-","-","-","-","-","-","-","-","-","-","-","-","-","-","-","-","-","-","-","-","-","-","-","-","-","-","-","-","-","-","-","-","-","-","-","-","-","-","-","-","-"
"27307","Westmount at Urban Trails","BH Management Services LLC","Lyndsay Robinson","lyndsay.robinson@livebh.com","(505) 770-4644","No Cool :HVAC","Unit 24 AC Condensation pump","Pending Site Visits","Jul 25, 2026, 2:30 PM","Jul 25, 2026, 4:30 PM","07/25/2026","14:30:00","07/25/2026","16:30:00","Jul 24, 2026, 2:18 PM","2026","July 2026","Joey Reyes","1620 West Southern Avenue, Mesa, Arizona 85202","Mesa","Arizona","85202","Main Location","","","","0","0","0","0","","","","","","","Unit 24
Unit is leaking. Maintenance said it is a condensation pump not working.
POC Lyndsey","","","-","-","","0","02:00:00","2","","0","","0","0","0","0","0","0","0","0","0","0","0","0","0","0","0","0","0","","","","","MFH - HVAC","","Lyndsey","","","","","","Lowe's","Free","","Residential","Tier 1 - 8%","","","6991839","(505) 770-4644","lyndsay.robinson@livebh.com","","","Logen Uknavage","","New Prospect","","Greystar","","Jun 3, 2024, 3:06 PM","VendorCafe,BH Mgmt,MFH","Westmount at Urban Trails","Westmount at Urban Trails","Lyndsay","Robinson","-","-","-","-","-","-","-","-","-","-","-","-","-","-","-","-","-","-","-","-","-","-","-","-","-","-","-","-","-","-","-","-","-","-","-","-","-","-","-","-","-","-","-","-","-","-","-","-","-","-","-","-","-","-","-","-","-","-","-","-","-","-","-","-","-","-","-","-","-","-","-","-","-","-","-","-","-","-","-","-","Jul 24, 2026, 2:18 PM","Jul 25, 2026, 7:39 PM","29:20:47","-","-","-","-","-","-","-","-","-","Jul 27, 2026, 11:41 AM","-","-","33:37:55","-","-","-","-","-","-","-","-","-","-","-","-","-","-","-","-","Jul 25, 2026, 7:39 PM","Jul 27, 2026, 11:41 AM","40:02:22","-","-","-","-","-","-","-","-","-","-","-","-","-","-","-","-","-","-","-","-","-","-","-","-","-","-","-","-","-","-","-","-","-","-","-","-","-","-","-","-","-","-","-","-","-","-","-","-","-","-","-","-","-","-","-","-","-","-","-","-","-","-","-","-","-","-","-","-","-","-","-","-","-","-","-","-","-","-","-","-","-","-","-","-","-","-","-","-","-","-","-","-","-"
"27306","The Heritage","BH Management Services LLC","Brian Nielsen","theheritage@livebh.com","(520) 250-3662","No Cool :HVAC","Unit 140 No Cool","Pending Audit","Jul 25, 2026, 12:00 PM","Jul 25, 2026, 2:00 PM","07/25/2026","12:00:00","07/25/2026","14:00:00","Jul 24, 2026, 2:15 PM","2026","July 2026","Joey Reyes","1100 East Osborn Road, Phoenix, Arizona 85014","Phoenix","Arizona","85014","Main Location","Jacob Martinez","MFH - HVAC","Estimate","0","4479.85","0","0","","78097","78097","MFH:MFH - HVAC","","","Unit 140
Derek called that this unit is not cooling
POC is Terry at the front office.","Condemning  old r22 system severe liquid line restriction causing unit to ice up zero airflow 2.5 ton first co cieling  mount split system full install will need big crane 3 story building pictures in uploaded","","-","-","01:33:46","1.55","02:00:00","2","01:21:47","1.35","","0","2501.51","3733.59","1232.08","500","746.26","246.26","0","0","0","0","0","0","0","0","0","0","","","","","MFH - HVAC","","Derek","","","","","","Lowe's","Free","","Residential","Tier 1 - 8%","","","12879207","(520) 250-3662","theheritage@livebh.com","","Brian.Nielsen@livebh.com","Logen Uknavage","Referral","","","","","Oct 22, 2025, 10:45 AM","BH Mgmt,MFH,Commercial","The Heritage","The Heritage","Brian","Nielsen","-","-","-","-","-","-","-","-","-","-","-","-","-","-","-","-","-","-","-","-","-","-","-","-","-","-","-","-","-","-","-","-","-","-","-","-","-","-","-","-","-","-","-","-","-","-","-","-","-","-","-","-","-","-","-","-","-","-","-","-","-","-","-","-","-","-","-","-","-","-","-","-","-","-","-","-","-","-","-","-","Jul 24, 2026, 2:15 PM","Jul 27, 2026, 8:24 AM","66:08:56","-","Jul 27, 2026, 8:24 AM","Jul 27, 2026, 9:46 AM","01:21:47","-","Jul 27, 2026, 4:09 PM","Jul 27, 2026, 5:43 PM","01:33:42","-","Jul 27, 2026, 9:46 AM","Jul 27, 2026, 4:09 PM","06:22:39","-","-","-","-","-","-","-","-","-","Jul 27, 2026, 5:43 PM","-","-","27:36:19","-","-","-","-","-","-","-","-","-","-","-","-","-","-","-","-","-","-","-","-","-","-","-","-","-","-","-","-","-","-","-","-","-","-","-","-","-","-","-","-","-","-","-","-","-","-","-","-","-","-","-","-","-","-","-","-","-","-","-","-","-","-","-","-","-","-","-","-","-","-","-","-","-","-","-","-","-","-","-","-","-","-","-","-","-","-","-","-","-","-","-","-","-","-","-","-","-","-","-","-"
"27305","The Heritage","BH Management Services LLC","Contact","","480-329-5412","No Cool :HVAC","Unit 145 No Cool","Pending Audit","Jul 25, 2026, 2:15 PM","Jul 25, 2026, 3:15 PM","07/25/2026","14:15:00","07/25/2026","15:15:00","Jul 24, 2026, 2:15 PM","2026","July 2026","Joey Reyes","1100 East Osborn Road, Phoenix, Arizona 85014","Phoenix","Arizona","85014","Main Location","Jacob Martinez","MFH - HVAC","","0","0","0","0","","","","","","","Unit 145
Derek called that this unit is not cooling
POC is Terry at the front office.","Service Performed:
Diagnostic: Upon arrival, found system not cooling due to a burned-out blower motor and failed run capacitor.
Correction: Removed failed motor and capacitor. Installed new #10464 multi-horsepower direct-drive blower motor using a belly band bracket to secure it to the blower housing, along with a new 7.5 µF run capacitor.
Status: Tested unit operation and verified proper airflow and amp draw. System is now running and blowing cold at this time","","-","-","06:02:08","6.03","01:00:00","1","","0","","0","0","0","0","0","0","0","0","0","0","0","0","0","0","0","0","0","","","","","MFH - HVAC","","Derek","","","","","","Lowe's","Free","","Residential","Tier 1 - 8%","","","12879207","(520) 250-3662","theheritage@livebh.com","","Brian.Nielsen@livebh.com","Logen Uknavage","Referral","","","","","Oct 22, 2025, 10:45 AM","BH Mgmt,MFH,Commercial","The Heritage","The Heritage","Brian","Nielsen","-","-","-","-","-","-","-","-","-","-","-","-","-","-","-","-","-","-","-","-","-","-","-","-","-","-","-","-","-","-","-","-","-","-","-","-","-","-","-","-","-","-","-","-","-","-","-","-","-","-","-","-","-","-","-","-","-","-","-","-","-","-","-","-","-","-","-","-","-","-","-","-","-","-","-","-","-","-","-","-","Jul 24, 2026, 2:15 PM","Jul 27, 2026, 10:00 AM","67:45:36","-","-","-","-","-","Jul 27, 2026, 10:00 AM","Jul 27, 2026, 4:03 PM","06:02:08","-","-","-","-","-","-","-","-","-","-","-","-","-","Jul 27, 2026, 4:03 PM","-","-","29:16:16","-","-","-","-","-","-","-","-","-","-","-","-","-","-","-","-","-","-","-","-","-","-","-","-","-","-","-","-","-","-","-","-","-","-","-","-","-","-","-","-","-","-","-","-","-","-","-","-","-","-","-","-","-","-","-","-","-","-","-","-","-","-","-","-","-","-","-","-","-","-","-","-","-","-","-","-","-","-","-","-","-","-","-","-","-","-","-","-","-","-","-","-","-","-","-","-","-","-","-","-"
"27299","505 West","Harbor Group Management Co., LLC","Jesus Maintenance supervisor","jpelayo@harborgroupmanagement.com","480-577-2649","No Cool :HVAC","Unit 2018 AC Water leak","Completed","Jul 24, 2026, 3:00 PM","Jul 24, 2026, 4:00 PM","07/24/2026","15:00:00","07/24/2026","16:00:00","Jul 24, 2026, 1:22 PM","2026","July 2026","Joey Reyes","505 West Baseline Road, Tempe, Arizona 85283","Tempe","Arizona","85283","Main Location","Chuy Torres","MFH - HVAC","Sent","323","0","0","0","","77966","","","77966","MFH:MFH - HVAC","Can't be on property after 6p. If we have to be, call Jesus to verify
Goodman condensers only for this property - R32 ONLY
Unit 2018
Ac condensate leak
POC Anthony","## **Field Service Report: Condensate Backup & Drain Clearing**

**Date:** July 26, 2026  
**Unit:** 20184  
**Status:** Arrived on-site, diagnosed an active condensate leak caused by a clogged drain line, cleared the restriction, and restored proper drainage.

### **Diagnostic Findings**
* **Initial Assessment:** Responded to a service call to investigate an active **condensate leak** at the indoor equipment.
* **System Evaluation:** Inspected the HVAC unit and found that a restriction in the primary condensate drain line was causing water to back up and overflow.

### **Repairs Performed**
* **Drain Clearing:** Hooked up the **CO2** cartridge and blasted the drain line with high pressure to successfully blow out the clog and completely clear the restriction. 

### **Final Status**
* **Verification:** Poured water directly into the drain pan to thoroughly water-test the newly cleared line. Confirmed that the water is flowing freely and the system is **draining properly** with absolutely no backups.
* **Outcome:** **Restored operation; the leak is resolved and the system is draining as designed at this time.**

---

**Status: Drain Cleared & Tested — Ticket Closed**","","-","-","","0","01:00:00","1","","0","","0","0","0","0","0","0","0","25","63","38","25","31.2","260","228.8","0","323","323","","","","","MFH - HVAC","","Anthony","","","","","","Lowe's","Free","","Residential","Tier 1 - 8%","","","15570187","480-577-2649","jpelayo@harborgroupmanagement.com","","","Logen Uknavage","","","","","Can't be on property after 6p. If we have to be, call Jesus to verify
Goodman condensers only for this property - R32 ONLY","Apr 2, 2026, 10:44 AM","Harbor","505 West","505 West","Jesus","Maintenance supervisor","-","-","-","-","-","-","-","-","-","-","-","-","-","-","-","-","-","-","-","-","-","-","-","-","-","-","-","-","-","-","-","-","-","-","-","-","-","-","-","-","-","-","-","-","-","-","-","-","-","-","-","-","-","-","-","-","-","-","-","-","-","-","-","-","-","-","-","-","-","-","-","-","-","-","-","-","-","-","-","-","Jul 24, 2026, 1:22 PM","Jul 26, 2026, 12:39 AM","35:16:46","-","-","-","-","-","-","-","-","-","-","-","-","-","-","-","-","-","-","-","-","-","Jul 26, 2026, 12:39 AM","Jul 27, 2026, 9:36 AM","32:56:57","-","Jul 27, 2026, 9:36 AM","-","-","35:43:09","-","-","-","-","-","-","-","-","-","-","-","-","-","-","-","-","-","-","-","-","-","-","-","-","-","-","-","-","-","-","-","-","-","-","-","-","-","-","-","-","-","-","-","-","-","-","-","-","-","-","-","-","-","-","-","-","-","-","-","-","-","-","-","-","-","-","-","-","-","-","-","-","-","-","-","-","-","-","-","-","-","-","-","-","-","-","-","-","-","-","-","-","-","-","-","-"
"27298","505 West","Harbor Group Management Co., LLC","Jesus Maintenance supervisor","jpelayo@harborgroupmanagement.com","480-577-2649","No Cool :HVAC","Unit 1022 AC Water leak","Completed","Jul 24, 2026, 2:00 PM","Jul 24, 2026, 3:00 PM","07/24/2026","14:00:00","07/24/2026","15:00:00","Jul 24, 2026, 1:21 PM","2026","July 2026","Joey Reyes","505 West Baseline Road, Tempe, Arizona 85283","Tempe","Arizona","85283","Main Location","Chuy Torres","MFH - HVAC","Sent","323","785","0","0","","77965, 77999","77999","MFH:MFH - HVAC","77965","MFH:MFH - HVAC","Can't be on property after 6p. If we have to be, call Jesus to verify
Goodman condensers only for this property - R32 ONLY
Unit 1022
Ac condensate leak
POC Anthony","---

## **Field Service Report: Condensate Leak & Drain Pan Estimate**

**Date:** July 26, 2026  
**Unit:** 10224  
**Status:** Arrived on-site to address an active condensate leak. Cleared the drain line but found the primary drain pan is severely rusted and requires replacement. 

### **Diagnostic Findings & Repairs**
* **Initial Assessment:** Responded to a service call to investigate an active **condensate leak** at the indoor equipment.
* **Drain Clearing:** Successfully **cleared the drain line** to remove any immediate blockages and stop the active backup.
* **Component Inspection:** Evaluated the indoor equipment and found that the primary **drain pan is rusted** out and structurally compromised. 

### **Recommendations & Next Steps**
* **Replacement Required:** While the drain line is clear for now, the rusted pan is a massive liability and will continue to cause leaks. It **needs to be replaced**.
* **Action Item:** I am submitting these findings to the office to generate a quote and order a replacement drain pan for a **2-ton First Company** air handler.

---

**Status: Temporary Relief (Drain Cleared) — Pending 2-Ton First Co. Drain Pan Replacement**","","-","-","","0","01:00:00","1","","0","","0","300","525","225","31.2","260","228.8","25","63","38","25","31.2","260","228.8","0","323","323","","","","","MFH - HVAC","","Anthony","","","","","","Lowe's","Free","","Residential","Tier 1 - 8%","","","15570187","480-577-2649","jpelayo@harborgroupmanagement.com","","","Logen Uknavage","","","","","Can't be on property after 6p. If we have to be, call Jesus to verify
Goodman condensers only for this property - R32 ONLY","Apr 2, 2026, 10:44 AM","Harbor","505 West","505 West","Jesus","Maintenance supervisor","-","-","-","-","-","-","-","-","-","-","-","-","-","-","-","-","-","-","-","-","-","-","-","-","-","-","-","-","-","-","-","-","-","-","-","-","-","-","-","-","-","-","-","-","-","-","-","-","-","-","-","-","-","-","-","-","-","-","-","-","-","-","-","-","-","-","-","-","-","-","-","-","-","-","-","-","-","-","-","-","Jul 24, 2026, 1:21 PM","Jul 26, 2026, 12:37 AM","35:15:04","-","-","-","-","-","-","-","-","-","-","-","-","-","-","-","-","-","-","-","-","-","Jul 26, 2026, 12:37 AM","Jul 27, 2026, 9:34 AM","32:57:20","-","Jul 27, 2026, 9:34 AM","-","-","35:44:58","-","-","-","-","-","-","-","-","-","-","-","-","-","-","-","-","-","-","-","-","-","-","-","-","-","-","-","-","-","-","-","-","-","-","-","-","-","-","-","-","-","-","-","-","-","-","-","-","-","-","-","-","-","-","-","-","-","-","-","-","-","-","-","-","-","-","-","-","-","-","-","-","-","-","-","-","-","-","-","-","-","-","-","-","-","-","-","-","-","-","-","-","-","-","-","-"
"27296","Capri on Camelback","Harbor Group Management Co., LLC","Travis George","tgeorge@harborgroupmanagement.com","(602) 882-8579","Fan Coil","Unit 318 Fan Coil Water line","Canceled","Jul 24, 2026, 9:00 PM","Jul 24, 2026, 10:00 PM","07/24/2026","21:00:00","07/24/2026","22:00:00","Jul 24, 2026, 1:04 PM","2026","July 2026","Joey Reyes","5115 North 40th Street, Phoenix, Arizona 85018","Phoenix","Arizona","85018","Main Location","Jordan Wise","MFH - Plumbing","","0","0","0","0","","","","","","","Unit C-318
Remove existing water lines at coil 
Re pipe coil with single supply and and single return
Travis is poc","","","-","-","","0","01:00:00","1","","0","","0","0","0","0","0","0","0","0","0","0","0","0","0","0","0","0","0","","","","","MFH - Plumbing","Availability","Travis","","","","","","Lowe's","Free","","Residential","Tier 1 - 8%","","","17009572","(602) 882-8579","tgeorge@harborgroupmanagement.com","","","Logen Uknavage","Referral","","","","","Jun 2, 2026, 4:45 PM","MFH,Commercial","Capri on Camelback","Capri on Camelback","Travis","George","-","-","-","-","-","-","-","-","-","-","-","-","-","-","-","-","-","-","-","-","-","-","-","-","-","-","-","-","-","-","-","-","-","-","-","-","-","-","-","-","-","-","-","-","-","-","-","-","-","-","-","-","-","-","-","-","-","-","-","-","-","-","-","-","-","-","-","-","-","-","-","-","-","-","-","-","-","-","-","-","Jul 24, 2026, 1:04 PM","Jul 24, 2026, 11:12 PM","10:08:06","-","-","-","-","-","-","-","-","-","-","-","-","-","Jul 24, 2026, 11:12 PM","Jul 27, 2026, 4:50 PM","65:38:08","-","-","-","-","-","-","-","-","-","-","-","-","-","Jul 27, 2026, 4:50 PM","-","-","28:29:07","-","-","-","-","-","-","-","-","-","-","-","-","-","-","-","-","-","-","-","-","-","-","-","-","-","-","-","-","-","-","-","-","-","-","-","-","-","-","-","-","-","-","-","-","-","-","-","-","-","-","-","-","-","-","-","-","-","-","-","-","-","-","-","-","-","-","-","-","-","-","-","-","-","-","-","-","-","-","-","-","-","-","-","-","-","-","-","-","-","-","-","-"
"27292","Santos  Zunigs","","Santos Zunigs","","(480) 650-0151","Water Heater Install :Lowes Water Heaters","","Completed","Jul 24, 2026, 12:00 PM","Jul 24, 2026, 2:00 PM","07/24/2026","12:00:00","07/24/2026","14:00:00","Jul 24, 2026, 12:16 PM","2026","July 2026","Travis Germain","10623 West Gross Avenue, Tolleson, Arizona 85353","Tolleson","Arizona","85353","Main Location","Matt Schlosser","Lowes","Invoiced","1304.75","1535","1304.75","0","","77885, 77943","77885","Lowes","77943","Lowes","WH816159
12-4pm
**MUST SIGN WAIVER FOR REUSING CURRENT SUPPLYS **supply lines, drip pan, ball valve***
Order #300902205264829764

Model Number #

Lowes Store Address: 1620 NORTH 75TH AVENUE, Phoenix, AZ, 85035


Notes and Details (Addon bundles, other details):","Scope of Work Performed**

* Removed two existing supply lines
* Removed one existing shut off valve 
* Disconnected the electrical
* Cut the T&P line
* Drained water heater and removed unit from the house

**Installation & Reconnection**

* Installed two new water supply lines
* Installed one new shut off valve.
* Installed 22-inch drain pan
* Re-ran T&P discharge line into the wall outlet
* Connected electrical to heater
* Filled water heater


**Testing & Closeout**

* Checked system for proper operation
* Registered new water heater 
* All documentation signed and payment collected","Lowes,Pick up from Lowes","-","-","00:57:40","0.95","02:00:00","2","00:34:08","0.57","","0","600","826","226","125","709","584","600","826","226","600","125","478.75","353.75","0","1304.75","1304.75","","41446824","Garage","","Lowes - Water Heaters","","","","","","","","Lowe's","Free","","Residential","Tier 1 - 8%","","","17624983","(480) 650-0151","","","","Travis Germain","IME","1st Attempt","","","","Jul 24, 2026, 11:58 AM","Lowes","Santos  Zunigs","","Santos","Zunigs","-","-","-","-","-","-","-","-","-","-","-","-","-","-","-","-","-","-","-","-","-","-","-","-","-","-","-","-","-","-","-","-","-","-","-","-","-","-","-","-","-","-","-","-","-","-","-","-","Jul 24, 2026, 12:16 PM","Jul 24, 2026, 2:22 PM","02:06:09","-","Jul 24, 2026, 2:22 PM","Jul 24, 2026, 3:07 PM","00:44:23","-","Jul 24, 2026, 3:07 PM","Jul 24, 2026, 3:41 PM","00:34:08","-","Jul 24, 2026, 3:41 PM","Jul 24, 2026, 4:39 PM","00:57:40","-","-","-","-","-","Jul 24, 2026, 4:39 PM","Jul 27, 2026, 7:48 AM","63:08:58","-","Jul 27, 2026, 7:48 AM","-","-","37:31:20","-","-","-","-","-","-","-","-","-","-","-","-","-","-","-","-","-","-","-","-","-","-","-","-","-","-","-","-","-","-","-","-","-","-","-","-","-","-","-","-","-","-","-","-","-","-","-","-","-","-","-","-","-","-","-","-","-","-","-","-","-","-","-","-","-","-","-","-","-","-","-","-","-","-","-","-","-","-","-","-","-","-","-","-","-","-","-","-","-","-","-","-","-","-","-","-","-","-","-","-","-","-","-","-","-","-","-","-","-","-","-","-","-","-","-","-","-","-","-","-","-","-","-","-","-","-","-","-","-","-","-","-"
"27239","Capri on Camelback","Harbor Group Management Co., LLC","Travis George","tgeorge@harborgroupmanagement.com","(602) 882-8579","Active Water Leak :Plumbing","Unit A403 Tub Leak","Completed","Jul 24, 2026, 2:00 PM","Jul 24, 2026, 3:00 PM","07/24/2026","14:00:00","07/24/2026","15:00:00","Jul 24, 2026, 11:47 AM","2026","July 2026","Joey Reyes","5115 North 40th Street, Phoenix, Arizona 85018","Phoenix","Arizona","85018","Main Location","Hunter Howell","MFH - Plumbing","Sent","750","0","0","0","","78016","","","78016","AZ Service:MFH","A403
Tub is leaking down to A303
POC Juan","Findings
Found waste and overflow leaking.
Includes
Moved refrigerator to gain access
Removed trim
Cut access hole behind refrigerator to access the waste and overflow
Jackhammered through concrete as needed for access
Removed and replaced the failed waste and overflow assembly
Leak tested
Reinstalled trim
Cleaned up
Excludes
Concrete repair
Drywall, texture, and paint repairs
Flooring repairs
Water damage restoration
Work beyond listed scope","","-","-","02:39:03","2.65","01:00:00","1","","0","","0","0","0","0","0","0","0","100","200","100","100","66","550","484","0","750","750","","","","","MFH - Plumbing","","Juan","","","","","","Lowe's","Free","","Residential","Tier 1 - 8%","","","17009572","(602) 882-8579","tgeorge@harborgroupmanagement.com","","","Logen Uknavage","Referral","","","","","Jun 2, 2026, 4:45 PM","MFH,Commercial","Capri on Camelback","Capri on Camelback","Travis","George","-","-","-","-","-","-","-","-","-","-","-","-","-","-","-","-","-","-","-","-","-","-","-","-","-","-","-","-","-","-","-","-","-","-","-","-","-","-","-","-","-","-","-","-","-","-","-","-","-","-","-","-","-","-","-","-","-","-","-","-","-","-","-","-","-","-","-","-","-","-","-","-","-","-","-","-","-","-","-","-","Jul 24, 2026, 11:47 AM","Jul 24, 2026, 1:48 PM","02:00:29","-","-","-","-","-","Jul 24, 2026, 1:48 PM","Jul 24, 2026, 4:27 PM","02:39:03","-","-","-","-","-","-","-","-","-","-","-","-","-","Jul 24, 2026, 4:27 PM","Jul 27, 2026, 10:15 AM","65:48:11","-","Jul 27, 2026, 10:15 AM","-","-","35:03:40","-","-","-","-","-","-","-","-","-","-","-","-","-","-","-","-","-","-","-","-","-","-","-","-","-","-","-","-","-","-","-","-","-","-","-","-","-","-","-","-","-","-","-","-","-","-","-","-","-","-","-","-","-","-","-","-","-","-","-","-","-","-","-","-","-","-","-","-","-","-","-","-","-","-","-","-","-","-","-","-","-","-","-","-","-","-","-","-","-","-","-","-","-","-","-","-"
"27238","Razmik  Boghoussian","","Razmik Boghoussian","rboghoussian@sbcglobal.net","(818) 517-7596","Pool Equipment Repair","REMOTE QUOTE - HEATER","Completed","Jul 24, 2026, 5:00 PM","Jul 24, 2026, 6:00 PM","07/24/2026","17:00:00","07/24/2026","18:00:00","Jul 24, 2026, 11:29 AM","2026","July 2026","Beatriz Garcia","17700 East Appaloosa Drive, Queen Creek, Arizona 85142","Queen Creek","Arizona","85142","Main Location","Jasper Castaneda","Pools","Estimate","0","970","0","0","","77948","77948","AZ Service:Pools","","","***************REMOTE QUOTE*************

Per customer: There is half inch crack on the heater manifold. The pool was installed in 2017","","Resi","-","-","","0","01:00:00","1","","0","","0","500","800","300","20.4","170","149.6","0","0","0","0","0","0","0","0","0","0","","","","","Pool Repair","","Razmik  Boghoussian","","","","","","Lowe's","Free","","Residential","Tier 1 - 8%","","","17624777","(818) 517-7596","rboghoussian@sbcglobal.net","","","","Google Search","","","","","Jul 24, 2026, 11:26 AM","Resi","Razmik  Boghoussian","","Razmik","Boghoussian","-","-","-","-","-","-","-","-","-","-","-","-","-","-","-","-","-","-","-","-","-","-","-","-","-","-","-","-","-","-","-","-","-","-","-","-","-","-","-","-","-","-","-","-","-","-","-","-","-","-","-","-","-","-","-","-","-","-","-","-","-","-","-","-","-","-","-","-","-","-","-","-","-","-","-","-","-","-","-","-","Jul 24, 2026, 11:29 AM","Jul 25, 2026, 7:15 AM","19:46:45","-","-","-","-","-","-","-","-","-","-","-","-","-","-","-","-","-","-","-","-","-","Jul 25, 2026, 7:15 AM","Jul 27, 2026, 2:45 PM","55:29:54","-","Jul 27, 2026, 2:45 PM","-","-","30:33:32","-","-","-","-","-","-","-","-","-","-","-","-","-","-","-","-","-","-","-","-","-","-","-","-","-","-","-","-","-","-","-","-","-","-","-","-","-","-","-","-","-","-","-","-","-","-","-","-","-","-","-","-","-","-","-","-","-","-","-","-","-","-","-","-","-","-","-","-","-","-","-","-","-","-","-","-","-","-","-","-","-","-","-","-","-","-","-","-","-","-","-","-","-","-","-","-"
"27237","Paul Alexander","","Paul Alexander","alexanders.2010@yahoo.com","(770) 883-9305","Warranty :Lowes Water Heaters","","Needs to be Rescheduled","Jul 25, 2026, 12:00 PM","Jul 25, 2026, 1:30 PM","07/25/2026","12:00:00","07/25/2026","13:30:00","Jul 24, 2026, 11:00 AM","2026","July 2026","Brenton Heward","1808 East Kent Avenue, Chandler, Arizona 85225","Chandler","Arizona","85225","Main Location","Tanner LaForge","Lowes","Estimate","0","402.5","0","0","","78022","78022","Lowes","","","-Warranty reason: Copper line running to the expansion tank is corroding. Check to see if it is our fault. If it is, no charge. If we didn't mix metals together and the corrosion isn't our fault we will charge $185. If lines need to be replaced we will provide a quote for that upon inspection. (Mike)


-Original installer? Anthony Delchop

LA#L14889599","7/25

Arrived on site to investigate some corrosion after our install of the heater bank in 2024.

There is an automatic shut off valve that is included with this model. The tank also had an expansion tank installed. The automatic shut off valve comes with a brass fitting. The expansion tank was mounted with galvanized metal. This is causing electrolysis to occur and the metals to break down and leak. 

We will need to order a new automatic shut off from the manufacturer and redo the expansion tank in another location in order to prevent this from happening again. 

I'll be contacting AO Smith Monday morning to begin the process of getting a new one delivered","Lowes,Warranty","-","-","00:10:53","0.17","01:30:00","1.5","00:34:46","0.57","","0","50","125","75","46.8","277.5","230.7","0","0","0","0","0","0","0","0","0","0","","","","","Lowes - Water Heaters","","","","","","","","","","","","","","","8140508","(770) 883-9305","alexanders.2010@yahoo.com","","","Paula Nunez","Lowe's","1st Attempt","","","","Oct 28, 2024, 2:34 PM","Resi,Lowes","Paul Alexander","","Paul","Alexander","-","-","-","-","-","-","-","-","-","-","-","-","-","-","-","-","-","-","-","-","-","-","-","-","-","-","-","-","-","-","-","-","-","-","-","-","-","-","-","-","-","-","-","-","-","-","-","-","Jul 24, 2026, 11:00 AM","Jul 25, 2026, 12:26 PM","25:25:44","-","-","-","-","-","Jul 25, 2026, 12:26 PM","Jul 25, 2026, 1:01 PM","00:34:47","-","Jul 25, 2026, 1:01 PM","Jul 25, 2026, 1:11 PM","00:10:52","-","Jul 27, 2026, 9:53 AM","-","-","35:25:22","Jul 25, 2026, 1:11 PM","Jul 27, 2026, 7:50 AM","42:38:16","-","Jul 27, 2026, 7:50 AM","Jul 27, 2026, 9:53 AM","02:03:46","-","-","-","-","-","-","-","-","-","-","-","-","-","-","-","-","-","-","-","-","-","-","-","-","-","-","-","-","-","-","-","-","-","-","-","-","-","-","-","-","-","-","-","-","-","-","-","-","-","-","-","-","-","-","-","-","-","-","-","-","-","-","-","-","-","-","-","-","-","-","-","-","-","-","-","-","-","-","-","-","-","-","-","-","-","-","-","-","-","-","-","-","-","-","-","-","-","-","-","-","-","-","-","-","-","-","-","-","-","-","-","-","-","-","-","-","-","-","-","-","-","-","-","-","-","-","-","-","-","-","-","-","-"
"27232","505 West","Harbor Group Management Co., LLC","Jesus Maintenance supervisor","jpelayo@harborgroupmanagement.com","480-577-2649","No Cool :HVAC","Unit 1072 AC Leak","Completed","Jul 24, 2026, 1:00 PM","Jul 24, 2026, 2:00 PM","07/24/2026","13:00:00","07/24/2026","14:00:00","Jul 24, 2026, 10:31 AM","2026","July 2026","Joey Reyes","505 West Baseline Road, Tempe, Arizona 85283","Tempe","Arizona","85283","Main Location","Chuy Torres","MFH - HVAC","Sent","323","0","0","0","","77964","","","77964","MFH:MFH - HVAC","Can't be on property after 6p. If we have to be, call Jesus to verify
Goodman condensers only for this property - R32 ONLY
Unit 1072
AC condensate leak
POC Jesus","---

## **Field Service Report: Condensate Backup & Drain Clearing**

**Date:** July 26, 2026  
**Unit:** 10724  
**Status:** Arrived on-site, diagnosed an active condensate leak caused by a clogged drain line, cleared the blockage with high-pressure CO2, and restored proper drainage.

### **Diagnostic Findings**
* **Initial Assessment:** Responded to a service call to investigate an active **condensate leak** at the indoor equipment.
* **System Evaluation:** Inspected the HVAC unit and found that a restriction in the primary condensate drain line was causing water to back up and spill over.

### **Repairs Performed**
* **Drain Clearing:** Hooked up the **CO2** cartridge and blasted the drain line with high pressure to successfully blow out the clog and completely clear the restriction.

### **Final Status**
* **Verification:** Poured water directly into the drain pan to thoroughly water-test the newly cleared line. Confirmed that the water is flowing freely and the system is **draining properly** with absolutely no backups.
* **Outcome:** **Restored operation; the leak is resolved and the system is draining as designed at this time.**

---

**Status: Drain Cleared & Tested — Ticket Closed**

---","","-","-","","0","01:00:00","1","","0","","0","0","0","0","0","0","0","25","63","38","25","31.2","260","228.8","0","323","323","","","","","MFH - HVAC","","Jesus","","","","","","Lowe's","Free","","Residential","Tier 1 - 8%","","","15570187","480-577-2649","jpelayo@harborgroupmanagement.com","","","Logen Uknavage","","","","","Can't be on property after 6p. If we have to be, call Jesus to verify
Goodman condensers only for this property - R32 ONLY","Apr 2, 2026, 10:44 AM","Harbor","505 West","505 West","Jesus","Maintenance supervisor","-","-","-","-","-","-","-","-","-","-","-","-","-","-","-","-","-","-","-","-","-","-","-","-","-","-","-","-","-","-","-","-","-","-","-","-","-","-","-","-","-","-","-","-","-","-","-","-","-","-","-","-","-","-","-","-","-","-","-","-","-","-","-","-","-","-","-","-","-","-","-","-","-","-","-","-","-","-","-","-","Jul 24, 2026, 10:31 AM","Jul 26, 2026, 12:33 AM","38:02:05","-","-","-","-","-","-","-","-","-","-","-","-","-","-","-","-","-","-","-","-","-","Jul 26, 2026, 12:33 AM","Jul 27, 2026, 9:28 AM","32:54:41","-","Jul 27, 2026, 9:28 AM","-","-","35:51:06","-","-","-","-","-","-","-","-","-","-","-","-","-","-","-","-","-","-","-","-","-","-","-","-","-","-","-","-","-","-","-","-","-","-","-","-","-","-","-","-","-","-","-","-","-","-","-","-","-","-","-","-","-","-","-","-","-","-","-","-","-","-","-","-","-","-","-","-","-","-","-","-","-","-","-","-","-","-","-","-","-","-","-","-","-","-","-","-","-","-","-","-","-","-","-","-"
"27231","505 West","Harbor Group Management Co., LLC","Jesus Maintenance supervisor","jpelayo@harborgroupmanagement.com","480-577-2649","No Cool :HVAC","Unit 2129 AC Leak","Completed","Jul 24, 2026, 12:00 PM","Jul 24, 2026, 1:00 PM","07/24/2026","12:00:00","07/24/2026","13:00:00","Jul 24, 2026, 10:31 AM","2026","July 2026","Joey Reyes","505 West Baseline Road, Tempe, Arizona 85283","Tempe","Arizona","85283","Main Location","Chuy Torres","MFH - HVAC","Sent","260","0","0","0","","77963","","","77963","MFH:MFH - HVAC","Can't be on property after 6p. If we have to be, call Jesus to verify
Goodman condensers only for this property - R32 ONLY
Unit 2129
AC condensate leak
POC Jesus","---

## **Field Service Report: Reported Leak (Not HVAC Related)**

**Date:** July 26, 2026  
**Unit:** 2129  
**Status:** Arrived on-site for a reported condensate leak. Fully inspected the HVAC system and verified it is not leaking. Diagnosed the issue as an active roof leak requiring a roofing contractor.

### **Diagnostic Findings**
* **Initial Assessment:** Responded to a service call to investigate a reported **condensate leak** causing water intrusion in the unit.
* **System Evaluation:** Thoroughly inspected the indoor HVAC equipment. Verified that the **condensate drain pan is completely dry and intact**, and the system is not leaking any water.
* **Root Cause:** Traced the source of the water intrusion and determined it is an **actual roof leak** coming from the building's structure, completely unrelated to the HVAC equipment.

### **Recommendations & Next Steps**
* **Roofer Required:** Because the HVAC equipment is fully cleared and functioning perfectly, I explained that this is a structural issue. 
* **Action Item:** The property management needs to **contact a roofing contractor** to patch the roof and repair the structural leak.

---

**Status: HVAC Cleared (Active Roof Leak) — Pending Roofer**

---","","-","-","32:37:04","32.62","01:00:00","1","00:50:02","0.83","","0","0","0","0","0","0","0","0","0","0","0","31.2","260","228.8","0","260","260","","","","","MFH - HVAC","","Jesus","","","","","","Lowe's","Free","","Residential","Tier 1 - 8%","","","15570187","480-577-2649","jpelayo@harborgroupmanagement.com","","","Logen Uknavage","","","","","Can't be on property after 6p. If we have to be, call Jesus to verify
Goodman condensers only for this property - R32 ONLY","Apr 2, 2026, 10:44 AM","Harbor","505 West","505 West","Jesus","Maintenance supervisor","-","-","-","-","-","-","-","-","-","-","-","-","-","-","-","-","-","-","-","-","-","-","-","-","-","-","-","-","-","-","-","-","-","-","-","-","-","-","-","-","-","-","-","-","-","-","-","-","-","-","-","-","-","-","-","-","-","-","-","-","-","-","-","-","-","-","-","-","-","-","-","-","-","-","-","-","-","-","-","-","Jul 24, 2026, 10:31 AM","Jul 24, 2026, 2:56 PM","04:25:00","-","Jul 24, 2026, 2:56 PM","Jul 24, 2026, 3:46 PM","00:50:01","-","Jul 24, 2026, 3:46 PM","Jul 26, 2026, 12:23 AM","32:37:05","-","-","-","-","-","-","-","-","-","-","-","-","-","Jul 26, 2026, 12:23 AM","Jul 27, 2026, 9:26 AM","33:03:16","-","Jul 27, 2026, 9:26 AM","-","-","35:52:56","-","-","-","-","-","-","-","-","-","-","-","-","-","-","-","-","-","-","-","-","-","-","-","-","-","-","-","-","-","-","-","-","-","-","-","-","-","-","-","-","-","-","-","-","-","-","-","-","-","-","-","-","-","-","-","-","-","-","-","-","-","-","-","-","-","-","-","-","-","-","-","-","-","-","-","-","-","-","-","-","-","-","-","-","-","-","-","-","-","-","-","-","-","-","-","-"
"27230","Nick Varichak","","Nick Varichak","varichak@gmail.com","(708) 296-7956","Sewer Smell :Plumbing","","Completed","Jul 24, 2026, 1:00 PM","Jul 24, 2026, 3:00 PM","07/24/2026","13:00:00","07/24/2026","15:00:00","Jul 24, 2026, 10:19 AM","2026","July 2026","Destinee Kastner","2348 West Laurel Lane, Phoenix, Arizona 85029","Phoenix","Arizona","85029","Main Location","Adam George","PHX - Plumbing","Estimate","0","513","0","0","","77917","77917","AZ Service:Resi Plumbing","","","Reason for call? tenants noticied sudden sewer smell in home 

Who will be present to meet the technician? tenant but landlord wil give you access remotely 

Where is the primary location of the smell? unknonw 

Are any drains currently backing up? no","","Resi","-","-","00:15:11","0.25","02:00:00","2","01:08:41","1.13","","0","25","63","38","63","450","387","0","0","0","0","0","0","0","0","0","0","","","","","PHX - Plumbing","","Nicole","","","","","","Lowe's","Free","","Residential","Tier 1 - 8%","","","17624268","(708) 296-7956","varichak@gmail.com","","","","","","","","","Jul 24, 2026, 10:17 AM","","Nick Varichak","","Nick","Varichak","-","-","-","-","-","-","-","-","-","-","-","-","-","-","-","-","-","-","-","-","-","-","-","-","-","-","-","-","-","-","-","-","-","-","-","-","-","-","-","-","-","-","-","-","-","-","-","-","-","-","-","-","-","-","-","-","-","-","-","-","-","-","-","-","-","-","-","-","-","-","-","-","-","-","-","-","-","-","-","-","Jul 24, 2026, 10:19 AM","Jul 24, 2026, 2:01 PM","03:42:37","-","Jul 24, 2026, 2:01 PM","Jul 24, 2026, 3:10 PM","01:08:41","-","Jul 24, 2026, 3:10 PM","Jul 24, 2026, 3:25 PM","00:15:12","-","-","-","-","-","-","-","-","-","-","-","-","-","Jul 24, 2026, 3:25 PM","Jul 27, 2026, 1:22 PM","69:57:10","-","Jul 27, 2026, 1:22 PM","-","-","31:56:32","-","-","-","-","-","-","-","-","-","-","-","-","-","-","-","-","-","-","-","-","-","-","-","-","-","-","-","-","-","-","-","-","-","-","-","-","-","-","-","-","-","-","-","-","-","-","-","-","-","-","-","-","-","-","-","-","-","-","-","-","-","-","-","-","-","-","-","-","-","-","-","-","-","-","-","-","-","-","-","-","-","-","-","-","-","-","-","-","-","-","-","-","-","-","-","-"
"27229","Heritage district","AIR Communities","Mike Weis","michael.weis@aircommunities.com","480-217-6717","No Cool :HVAC","Unit 1060 AC won't shut off","Pending Site Visits","Jul 25, 2026, 9:00 AM","Jul 25, 2026, 10:00 AM","07/25/2026","09:00:00","07/25/2026","10:00:00","Jul 24, 2026, 10:15 AM","2026","July 2026","Joey Reyes","275 West Juniper Avenue, Gilbert, Arizona 85233","Gilbert","Arizona","85233","Main Location","Chuy Torres","MFH - HVAC","Invoice Draft","385","0","0","0","","78141","","","78141","MFH:MFH - HVAC","Unit 1060
AC is not turning off
POC Mike","---

## **Field Service Report: Thermostat Relocation**

**Date:** July 28, 2026  
**Unit:** 1060  
**Status:** Arrived on-site to address a cooling/cycling issue. Diagnosed poor thermostat placement in a solar ""hot zone."" Relocated the thermostat to an interior hallway and restored proper system operation.

### **Diagnostic Findings**
* **Initial Assessment:** Responded to a service call to evaluate the HVAC system's cooling and cycling performance. 
* **System Evaluation:** Evaluated the equipment and found no mechanical failures. 
* **Root Cause:** Discovered that the indoor thermostat was installed in a severe ""hot zone"" directly next to a (west-facing) window. The solar heat gain and radiant heat from the window were causing the thermostat to read artificially high, preventing the system from cycling properly.

### **Repairs Performed**
* **Thermostat Relocation:** Removed the thermostat from the exterior wall/window area. Pulled new thermostat wire and successfully **relocated the thermostat to the interior hallway**, well away from direct sunlight and drafts, to ensure accurate temperature sensing.

### **Final Status**
* **Verification:** Powered the system back on and verified that the thermostat is now reading the true ambient temperature of the apartment. 
* **Outcome:** **Restored operation; the system is cycling correctly and working properly at this time.**

---

**Status: Thermostat Relocated & Tested — Ticket Closed**

---","","-","-","33:43:58","33.72","01:00:00","1","","0","","0","0","0","0","0","0","0","50","125","75","50","31.2","260","228.8","0","385","385","","","","","MFH - HVAC","","Mike","","","","","","Lowe's","Free","","Residential","Tier 1 - 8%","","","16169568","(480) 217-6717","susan.kucherer@aircommunities.com","","","Logen Uknavage","Referral","","","","","Apr 30, 2026, 4:10 PM","Coupa","Heritage district","Heritage district","","","-","-","-","-","-","-","-","-","-","-","-","-","-","-","-","-","-","-","-","-","-","-","-","-","-","-","-","-","-","-","-","-","-","-","-","-","-","-","-","-","-","-","-","-","-","-","-","-","-","-","-","-","-","-","-","-","-","-","-","-","-","-","-","-","-","-","-","-","-","-","-","-","-","-","-","-","-","-","-","-","Jul 24, 2026, 10:15 AM","Jul 25, 2026, 12:58 PM","26:42:16","-","-","-","-","-","Jul 25, 2026, 12:58 PM","Jul 26, 2026, 10:42 PM","33:43:58","-","Jul 27, 2026, 11:16 AM","-","-","34:03:03","Jul 26, 2026, 10:42 PM","Jul 27, 2026, 11:16 AM","12:34:18","-","-","-","-","-","-","-","-","-","-","-","-","-","-","-","-","-","-","-","-","-","-","-","-","-","-","-","-","-","-","-","-","-","-","-","-","-","-","-","-","-","-","-","-","-","-","-","-","-","-","-","-","-","-","-","-","-","-","-","-","-","-","-","-","-","-","-","-","-","-","-","-","-","-","-","-","-","-","-","-","-","-","-","-","-","-","-","-","-","-","-","-","-","-","-","-","-","-","-","-","-","-","-","-","-","-","-","-","-"
"27225","H&M Motor Works","","Renee Miller","shop@hmmotorworks.com","(602) 992-1340","Active Water Leak :Plumbing","Main line water leak/recall","Completed","Jul 24, 2026, 12:00 PM","Jul 24, 2026, 2:00 PM","07/24/2026","12:00:00","07/24/2026","14:00:00","Jul 24, 2026, 9:48 AM","2026","July 2026","Beatriz Garcia","14640 North Cave Creek Road, Phoenix, Arizona 85022","Phoenix","Arizona","85022","Main Location","Ian Gauvin","PHX - Plumbing","","0","0","0","0","","","","","","","Reason for call? Possible main line leak/ Recall

Who will be present to meet the technician? Renee

- Where is the water leak? Street

- How bad is it? Spraying? Dripping? Flowing? Unknown

- Is water valve shut off? Unknown

Is there anything else you would like technician to look at while they are there? N/A

How did you hear about NexLvl Services? EXISTING

IAN TOOK CARE OF THIS LEAK BACK IN DEC 2025. CUSTOMER IS STATING LEAK IS IN THE SAME PLACE. ESTIMATE: 65250","","Commercial,Recall","-","-","04:52:25","4.87","02:00:00","2","00:25:48","0.42","","0","0","0","0","0","0","0","0","0","0","0","0","0","0","0","0","0","","","","","PHX - Plumbing","","Renee Miller","","","","","","Lowe's","Free","","Residential","Tier 1 - 8%","","","13811616","(602) 992-1340","shop@hmmotorworks.com","(602) 332-8469","","","Referral","","","","","Dec 17, 2025, 12:26 PM","Commercial,Phoenix","H&M Motor Works","H&M Motor Works","Renee","Miller","-","-","-","-","-","-","-","-","-","-","-","-","-","-","-","-","-","-","-","-","-","-","-","-","-","-","-","-","-","-","-","-","-","-","-","-","-","-","-","-","-","-","-","-","-","-","-","-","-","-","-","-","-","-","-","-","-","-","-","-","-","-","-","-","-","-","-","-","-","-","-","-","-","-","-","-","-","-","-","-","Jul 24, 2026, 9:48 AM","Jul 24, 2026, 2:11 PM","04:23:28","-","Jul 24, 2026, 2:11 PM","Jul 24, 2026, 2:37 PM","00:25:48","-","Jul 24, 2026, 2:37 PM","Jul 24, 2026, 7:29 PM","04:52:25","-","Jul 27, 2026, 10:08 AM","Jul 28, 2026, 4:00 PM","29:51:21","-","Jul 24, 2026, 7:29 PM","Jul 27, 2026, 10:08 AM","62:39:04","-","-","-","-","-","-","-","-","-","Jul 28, 2026, 4:00 PM","-","-","05:19:07","-","-","-","-","-","-","-","-","-","-","-","-","-","-","-","-","-","-","-","-","-","-","-","-","-","-","-","-","-","-","-","-","-","-","-","-","-","-","-","-","-","-","-","-","-","-","-","-","-","-","-","-","-","-","-","-","-","-","-","-","-","-","-","-","-","-","-","-","-","-","-","-","-","-","-","-","-","-","-","-","-","-","-","-","-","-","-","-","-","-","-","-","-","-","-","-"
"27223","Sharon Grant","","Sharon Grant","ssgrant22@outlook.com","(303) 842-1713","Water Heater Install :Lowes Water Heaters","","Completed","Jul 24, 2026, 10:00 AM","Jul 24, 2026, 12:00 PM","07/24/2026","10:00:00","07/24/2026","12:00:00","Jul 24, 2026, 9:39 AM","2026","July 2026","Travis Germain","10317 W Spanish Moss Ln, Sun City, AZ 85373","Sun City","AZ","85373","Main Address","Matt Schlosser","Lowes","Invoiced","1462","1720","1462","0","","77862, 77913","77862","Lowes","77913","Lowes","WH816159
10-2pm

Order #300902205264825259

Lowes Store Address: 8497 WEST THUNDERBIRD ROAD, Peoria, AZ, 85381


Notes and Details (Addon bundles, other details):","Scope of Work Performed**

* Removed two existing supply lines
* Removed one existing shut off valve 
* Disconnected the electrical
* Cut the T&P line
* Drained water heater and removed unit from the house

**Installation & Reconnection**

* Installed two new water supply lines
* Installed one new shut off valve.
* Installed 22-inch drain pan
* Re-ran T&P discharge line into the wall outlet
* Connected electrical to heater
* Filled water heater


**Testing & Closeout**

* Checked system for proper operation
* Registered new water heater 
* All documentation signed and payment collected","Pick up from Lowes,Lowes","-","-","01:07:53","1.12","02:00:00","2","00:38:07","0.63","","0","600","826","226","240","894","654","600","826","226","600","240","636","396","0","1462","1462","","41447244","Laundry Room Garage","","Lowes - Water Heaters","","","","","","","","Lowe's","Free","","Residential","Tier 1 - 8%","","","17623751","(303) 842-1713","ssgrant22@outlook.com","","","Travis Germain","IME","1st Attempt","","ESTIMATE_APPOINTMENT | APPOINTMENT_SET","ESTIMATE_APPOINTMENT | APPOINTMENT_SET","Jul 24, 2026, 9:14 AM","","Sharon Grant","","Sharon","Grant","-","-","-","-","-","-","-","-","-","-","-","-","-","-","-","-","-","-","-","-","-","-","-","-","-","-","-","-","-","-","-","-","-","-","-","-","-","-","-","-","-","-","-","-","-","-","-","-","Jul 24, 2026, 9:39 AM","Jul 24, 2026, 12:02 PM","02:23:21","-","Jul 24, 2026, 12:02 PM","Jul 24, 2026, 12:36 PM","00:33:40","-","Jul 24, 2026, 12:36 PM","Jul 24, 2026, 1:14 PM","00:38:07","-","Jul 24, 2026, 1:14 PM","Jul 24, 2026, 2:22 PM","01:07:53","-","-","-","-","-","Jul 24, 2026, 2:22 PM","Jul 24, 2026, 2:34 PM","00:12:17","-","Jul 24, 2026, 2:34 PM","-","-","102:44:54","-","-","-","-","-","-","-","-","-","-","-","-","-","-","-","-","-","-","-","-","-","-","-","-","-","-","-","-","-","-","-","-","-","-","-","-","-","-","-","-","-","-","-","-","-","-","-","-","-","-","-","-","-","-","-","-","-","-","-","-","-","-","-","-","-","-","-","-","-","-","-","-","-","-","-","-","-","-","-","-","-","-","-","-","-","-","-","-","-","-","-","-","-","-","-","-","-","-","-","-","-","-","-","-","-","-","-","-","-","-","-","-","-","-","-","-","-","-","-","-","-","-","-","-","-","-","-","-","-","-","-","-"
"27220","505 West","Harbor Group Management Co., LLC","Jesus Maintenance supervisor","jpelayo@harborgroupmanagement.com","480-577-2649","No Cool :HVAC","Unit 2067 no cool","Pending Site Visits","Jul 24, 2026, 10:00 AM","Jul 24, 2026, 11:00 AM","07/24/2026","10:00:00","07/24/2026","11:00:00","Jul 24, 2026, 9:21 AM","2026","July 2026","Joey Reyes","505 West Baseline Road, Tempe, Arizona 85283","Tempe","Arizona","85283","Main Location","Jacob Martinez","MFH - HVAC","Estimate","0","706.33","0","0","","77895","77895","-","","","Unit 2067
No cool
Poc anthony","Initial Inspection: System found severely undercharged.
​Refrigerant Addition: Added ~1 lb 10 oz of R-410A to normalize operating pressures.
​Diagnostic Findings: * Pipe got cold initially upon start-up, but failed to stay cool.
​Subcooling did not rise and superheat did not drop after adding refrigerant, confirming improper flow.
​A high temperature drop across the piston orifice indicates a 100% restriction. I believe the restriction/debris is caught directly at the piston.
​Status
​Limitation: Unable to open the line set today to pull and inspect the piston due to a lack of a vacuum pump for evacuation and recharge.
​Recommendations
​Return to pump down/evacuate the system.
​Disassemble the liquid line at the piston to clean out the restriction or replace the piston orifice.
​Replace the liquid line filter drier while the system is open, as debris could also be trapped there.","","-","-","02:49:07","2.82","01:00:00","1","","0","","0","105.75","186.33","80.58","62.4","520","457.6","0","0","0","0","0","0","0","0","0","0","","","","","MFH - HVAC","","Anthony","","","","","","Lowe's","Free","","Residential","Tier 1 - 8%","","","15570187","480-577-2649","jpelayo@harborgroupmanagement.com","","","Logen Uknavage","","","","","Can't be on property after 6p. If we have to be, call Jesus to verify
Goodman condensers only for this property - R32 ONLY","Apr 2, 2026, 10:44 AM","Harbor","505 West","505 West","Jesus","Maintenance supervisor","-","-","-","-","-","-","-","-","-","-","-","-","-","-","-","-","-","-","-","-","-","-","-","-","-","-","-","-","-","-","-","-","-","-","-","-","-","-","-","-","-","-","-","-","-","-","-","-","-","-","-","-","-","-","-","-","-","-","-","-","-","-","-","-","-","-","-","-","-","-","-","-","-","-","-","-","-","-","-","-","Jul 24, 2026, 9:21 AM","Jul 24, 2026, 9:53 AM","00:32:29","-","-","-","-","-","Jul 24, 2026, 9:53 AM","Jul 24, 2026, 12:43 PM","02:49:07","-","Jul 28, 2026, 9:33 AM","-","-","11:45:30","Jul 27, 2026, 9:46 AM","Jul 28, 2026, 9:33 AM","23:47:46","-","-","-","-","-","Jul 24, 2026, 12:43 PM","Jul 27, 2026, 9:46 AM","69:03:04","-","-","-","-","-","-","-","-","-","-","-","-","-","-","-","-","-","-","-","-","-","-","-","-","-","-","-","-","-","-","-","-","-","-","-","-","-","-","-","-","-","-","-","-","-","-","-","-","-","-","-","-","-","-","-","-","-","-","-","-","-","-","-","-","-","-","-","-","-","-","-","-","-","-","-","-","-","-","-","-","-","-","-","-","-","-","-","-","-","-","-","-","-","-","-","-","-","-","-","-","-"
"27219","Colter Park","Harbor Group Management Co., LLC","Josh Stocks","wjstocks@harborgroupmanagement.com","252-561-6834","Fan Coil Leak","Unit 309 Fan Coil leak","Completed","Jul 24, 2026, 10:00 AM","Jul 24, 2026, 11:00 AM","07/24/2026","10:00:00","07/24/2026","11:00:00","Jul 24, 2026, 8:48 AM","2026","July 2026","Joey Reyes","909 West Colter Street, Phoenix, Arizona 85013","Phoenix","Arizona","85013","Main Location","Jordan Wise","MFH - Plumbing","Sent","345","0","0","0","","78018","","","78018","AZ Service:MFH","Unit 309
Fan coil water leak
POC Josh","Arrived 10am - Finished 11:40am
Once on site gained access to unit, inside unit inspected coil and found lines were improperly wrapped. Left for foam tape. Took awhile to find once back on site wrapped lines as needed and no more leak is present cleaned up work area before heading to next call. 
1- roll of foam tape","","-","-","01:54:59","1.9","01:00:00","1","","0","","0","0","0","0","0","0","0","20","45","25","20","36","300","264","0","345","345","","85892627","","","MFH - Plumbing","","Josh","","","","","","Lowe's","Free","","Residential","Tier 1 - 8%","","","15508690","(480) 640-7388","fswanson@harborgroupmanagement.com","","","Logen Uknavage","","","","","","Mar 30, 2026, 9:43 AM","Harbor","Colter Park","Colter Park","Feljie","Swanson","-","-","-","-","-","-","-","-","-","-","-","-","-","-","-","-","-","-","-","-","-","-","-","-","-","-","-","-","-","-","-","-","-","-","-","-","-","-","-","-","-","-","-","-","-","-","-","-","-","-","-","-","-","-","-","-","-","-","-","-","-","-","-","-","-","-","-","-","-","-","-","-","-","-","-","-","-","-","-","-","Jul 24, 2026, 8:48 AM","Jul 24, 2026, 9:50 AM","01:02:03","-","-","-","-","-","Jul 24, 2026, 9:50 AM","Jul 24, 2026, 11:45 AM","01:54:59","-","-","-","-","-","-","-","-","-","-","-","-","-","Jul 24, 2026, 11:45 AM","Jul 27, 2026, 10:18 AM","70:32:22","-","Jul 27, 2026, 10:18 AM","-","-","35:01:08","-","-","-","-","-","-","-","-","-","-","-","-","-","-","-","-","-","-","-","-","-","-","-","-","-","-","-","-","-","-","-","-","-","-","-","-","-","-","-","-","-","-","-","-","-","-","-","-","-","-","-","-","-","-","-","-","-","-","-","-","-","-","-","-","-","-","-","-","-","-","-","-","-","-","-","-","-","-","-","-","-","-","-","-","-","-","-","-","-","-","-","-","-","-","-","-"
"27218","Argenta Apartments","29th Street Communities","Diana March","diana.march@29scliving.com","(925) 324-7595","No Cool :HVAC","Unit 1182 Not cooling","Pending Site Visits","Jul 24, 2026, 4:00 PM","Jul 24, 2026, 5:00 PM","07/24/2026","16:00:00","07/24/2026","17:00:00","Jul 24, 2026, 8:43 AM","2026","July 2026","Joey Reyes","4104 East Broadway Road, Mesa, Arizona 85206","Mesa","Arizona","85206","Main Location","Chuy Torres, Riley Torres, Hector Aguirre","MFH - HVAC","Sent","260","3949.2","0","0","","78004, 77967","77967","MFH:MFH - HVAC","78004","MFH:MFH - HVAC","Unit 1182
AC No cool
POC Sean

Equipment @ Baker Mesa

Reference #	1001521731
PO #	27218","Here is the finalized, official report for the office:

---

## **Field Service Report: R-22 System Restriction & Replacement Estimate**

**Date:** July 26, 2026  
**Unit:** 1112  
**Status:** Arrived on-site and diagnosed multiple failure points on an older R-22 system, including a seized fan motor and a severe refrigerant restriction. Applied temporary fixes, but ultimately condemned the unit and recommended a full system replacement.

### **Diagnostic Findings & Repairs**
* **Initial Assessment:** Responded to a no-cooling call and evaluated the older **R-22 HVAC system**.
* **Motor Failure:** Found the condenser fan motor was mechanically seized. Was able to manually free up the motor to get it spinning and working for the time being.
* **System Restriction:** Hooked up gauges and noted the system is holding extremely **high head pressure**, indicating a refrigerant restriction. 
* **Coil Maintenance:** Attempted to drop the head pressure by thoroughly cleaning the outdoor **condensing coils**, but the system is still running with abnormally high head pressure despite the clean coil and spinning fan. 

### **Recommendations & Next Steps**
* **System Condemned:** Between the obsolete R-22 refrigerant, the failing fan motor, and the internal restriction causing high head pressure, pouring money into repairs is not cost-effective. I highly **recommend a full system replacement**.
* **Action Item:** Submitting these findings to the office to generate a formal replacement bid. The quote should be built for the following matched equipment:
  * **Indoor:** 2-ton First Company air handler
  * **Outdoor:** 2-ton straight cool condenser

---

**Status: Temporary Fix in Place — Pending Full System Replacement","","-","-","","0","01:00:00","1","","0","","0","2145.97","3202.94","1056.97","500","746.26","246.26","0","0","0","0","31.2","260","228.8","0","260","260","","","","","MFH - HVAC","","Sean","","","","","","Lowe's","Free","","Residential","Tier 1 - 8%","","","9808428","(925) 324-7595","diana.march@29scliving.com","","sean.obrien@29scliving.com","Logen Uknavage","Referral","Won","","","","Mar 21, 2025, 8:24 AM","","Argenta Apartments","Argenta Apartments","Diana","March","-","-","-","-","-","-","-","-","-","-","-","-","-","-","-","-","-","-","-","-","-","-","-","-","-","-","-","-","-","-","-","-","-","-","-","-","-","-","-","-","-","-","-","-","-","-","-","-","-","-","-","-","-","-","-","-","-","-","-","-","-","-","-","-","-","-","-","-","-","-","-","-","-","-","-","-","-","-","-","-","Jul 24, 2026, 8:43 AM","Jul 26, 2026, 12:49 AM","40:06:46","-","-","-","-","-","-","-","-","-","Jul 28, 2026, 10:02 AM","-","-","11:16:36","-","-","-","-","-","-","-","-","Jul 26, 2026, 12:49 AM","Jul 27, 2026, 9:41 AM","32:51:41","-","Jul 27, 2026, 9:41 AM","Jul 28, 2026, 10:02 AM","24:21:07","-","-","-","-","-","-","-","-","-","-","-","-","-","-","-","-","-","-","-","-","-","-","-","-","-","-","-","-","-","-","-","-","-","-","-","-","-","-","-","-","-","-","-","-","-","-","-","-","-","-","-","-","-","-","-","-","-","-","-","-","-","-","-","-","-","-","-","-","-","-","-","-","-","-","-","-","-","-","-","-","-","-","-","-","-","-","-","-","-","-","-","-","-","-","-","-","-"
"27216","The Heritage","BH Management Services LLC","Brian Nielsen","theheritage@livebh.com","(520) 250-3662","Active Water Leak :Plumbing","Parking Lot water leak","Completed","Jul 24, 2026, 9:00 AM","Jul 24, 2026, 10:00 AM","07/24/2026","09:00:00","07/24/2026","10:00:00","Jul 24, 2026, 8:27 AM","2026","July 2026","Joey Reyes","1100 East Osborn Road, Phoenix, Arizona 85014","Phoenix","Arizona","85014","Main Location","Jordan Wise","MFH - Plumbing","Invoiced","89","0","89","0","","77870","","","77870","AZ Service:MFH","Parking lot
There is a water leak in the parking lot
POC Brian","Arrived 8:30am - Finished 9:05am
Once on site checked in with office and maintenance staff led me to area in asphalt where leak was present. It is an irrigation leak. They said SRP had already come out to shut off the water. It is locked out, and SRP will need to be called to turn it back on for us to locate and repair took pictures of section where it is most likely located and informed them we would need to break up the asphalt and dig down to the leak in order to fix it. They would like a bid sent via email and they said we will need to call SRP about turning the water on and off for us as needed. Sent info and pictures to Logen before leaving property.

Joey - Per Logen, Robb called and said SRP found out a irrigation company kicked in the irrigation for the vault and said to not worry about the proposals.","","-","-","00:27:15","0.45","01:00:00","1","00:15:24","0.25","","0","0","0","0","0","0","0","0","0","0","0","10.68","89","78.32","0","89","89","","","","","MFH - Plumbing","","Robb","","","","","","Lowe's","Free","","Residential","Tier 1 - 8%","","","12879207","(520) 250-3662","theheritage@livebh.com","","Brian.Nielsen@livebh.com","Logen Uknavage","Referral","","","","","Oct 22, 2025, 10:45 AM","BH Mgmt,MFH,Commercial","The Heritage","The Heritage","Brian","Nielsen","-","-","-","-","-","-","-","-","-","-","-","-","-","-","-","-","-","-","-","-","-","-","-","-","-","-","-","-","-","-","-","-","-","-","-","-","-","-","-","-","-","-","-","-","-","-","-","-","-","-","-","-","-","-","-","-","-","-","-","-","-","-","-","-","-","-","-","-","-","-","-","-","-","-","-","-","-","-","-","-","Jul 24, 2026, 8:27 AM","Jul 24, 2026, 8:28 AM","00:01:07","-","Jul 24, 2026, 8:28 AM","Jul 24, 2026, 8:43 AM","00:15:24","-","Jul 24, 2026, 8:43 AM","Jul 24, 2026, 9:10 AM","00:27:15","-","-","-","-","-","-","-","-","-","-","-","-","-","Jul 24, 2026, 9:10 AM","Jul 27, 2026, 10:16 AM","73:05:29","-","Jul 27, 2026, 10:16 AM","-","-","35:03:06","-","-","-","-","-","-","-","-","-","-","-","-","-","-","-","-","-","-","-","-","-","-","-","-","-","-","-","-","-","-","-","-","-","-","-","-","-","-","-","-","-","-","-","-","-","-","-","-","-","-","-","-","-","-","-","-","-","-","-","-","-","-","-","-","-","-","-","-","-","-","-","-","-","-","-","-","-","-","-","-","-","-","-","-","-","-","-","-","-","-","-","-","-","-","-","-"
"27214","Colter Park","Harbor Group Management Co., LLC","Josh Stocks","wjstocks@harborgroupmanagement.com","252-561-6834","Fan coil Leaking","Unit 309 Fan Coil leaking","Completed","Jul 24, 2026, 3:00 PM","Jul 24, 2026, 4:00 PM","07/24/2026","15:00:00","07/24/2026","16:00:00","Jul 24, 2026, 8:20 AM","2026","July 2026","Joey Reyes","909 West Colter Street, Phoenix, Arizona 85013","Phoenix","Arizona","85013","Main Location","Benito Valdez","MFH - Plumbing","Sent","270","0","0","0","","78009","","","78009","AZ Service:MFH","Unit 309
Fan coil leak
POC Josh","Condensate pan backed up,vacuumed from underneath the bathroom lav and cleared blockage","","-","-","00:21:12","0.35","01:00:00","1","","0","","0","0","0","0","0","0","0","0","-5","-5","0","33","275","242","0","270","270","","85892124","","","MFH - Plumbing","","","","","","","","Lowe's","Free","","Residential","Tier 1 - 8%","","","15508690","(480) 640-7388","fswanson@harborgroupmanagement.com","","","Logen Uknavage","","","","","","Mar 30, 2026, 9:43 AM","Harbor","Colter Park","Colter Park","Feljie","Swanson","-","-","-","-","-","-","-","-","-","-","-","-","-","-","-","-","-","-","-","-","-","-","-","-","-","-","-","-","-","-","-","-","-","-","-","-","-","-","-","-","-","-","-","-","-","-","-","-","-","-","-","-","-","-","-","-","-","-","-","-","-","-","-","-","-","-","-","-","-","-","-","-","-","-","-","-","-","-","-","-","Jul 24, 2026, 8:20 AM","Jul 24, 2026, 2:52 PM","06:32:45","-","-","-","-","-","Jul 24, 2026, 2:52 PM","Jul 24, 2026, 3:14 PM","00:21:12","-","-","-","-","-","-","-","-","-","-","-","-","-","Jul 24, 2026, 3:14 PM","Jul 27, 2026, 9:56 AM","66:42:52","-","Jul 27, 2026, 9:56 AM","-","-","35:22:25","-","-","-","-","-","-","-","-","-","-","-","-","-","-","-","-","-","-","-","-","-","-","-","-","-","-","-","-","-","-","-","-","-","-","-","-","-","-","-","-","-","-","-","-","-","-","-","-","-","-","-","-","-","-","-","-","-","-","-","-","-","-","-","-","-","-","-","-","-","-","-","-","-","-","-","-","-","-","-","-","-","-","-","-","-","-","-","-","-","-","-","-","-","-","-","-"
"27213","Avalon Hills","Avenue 5","Contact","","843-319-9246","Fixture Issues :Plumbing","Unit 2279 Toilet Instal","Completed","Jul 24, 2026, 10:00 AM","Jul 24, 2026, 11:00 AM","07/24/2026","10:00:00","07/24/2026","11:00:00","Jul 24, 2026, 8:16 AM","2026","July 2026","Joey Reyes","3535 W Tierra Buena Ln, Phoenix, AZ 85053","","","85053","Main Location","Julian Guidry","MFH - Plumbing","Sent","350","0","0","0","","78034","","","78034","AZ Service:MFH","Unit 2279
Customer supplied toilet install
NTE $350
POC EJ. Call when en route","Called out to install customer supplied toilet, the existing toilet was cracked and broken, shut off water at angle stop, unscrewed toilet and removed it, cleaned up flange and removed old wax, installed new bolts and wax ring and set toilet, toilet didnt come with all the necessary bolts and nuts for the install so i had to go to van marcke, tested flush and no leaks","","-","-","01:38:04","1.63","01:00:00","1","00:50:25","0.83","","0","0","0","0","0","0","0","0","30","30","0","38.4","320","281.6","0","350","350","","","","","MFH - Plumbing","","EJ","","","","","","Lowe's","Free","","Residential","Tier 1 - 8%","","","15125379","(844) 427-1958","avalonhills@avenue5apt.com","","pm.avalonhills@avenue5apt.com","Logen Uknavage","","","","Avenue 5 property picked up by Logen","","Feb 27, 2026, 11:05 AM","","Avalon Hills","Avalon Hills","","","-","-","-","-","-","-","-","-","-","-","-","-","-","-","-","-","-","-","-","-","-","-","-","-","-","-","-","-","-","-","-","-","-","-","-","-","-","-","-","-","-","-","-","-","-","-","-","-","-","-","-","-","-","-","-","-","-","-","-","-","-","-","-","-","-","-","-","-","-","-","-","-","-","-","-","-","-","-","-","-","Jul 24, 2026, 8:16 AM","Jul 24, 2026, 9:34 AM","01:18:39","-","Jul 24, 2026, 9:34 AM","Jul 24, 2026, 10:25 AM","00:50:25","-","Jul 24, 2026, 10:25 AM","Jul 24, 2026, 12:03 PM","01:38:04","-","-","-","-","-","-","-","-","-","-","-","-","-","Jul 24, 2026, 12:03 PM","Jul 27, 2026, 11:13 AM","71:10:32","-","Jul 27, 2026, 11:13 AM","-","-","34:05:32","-","-","-","-","-","-","-","-","-","-","-","-","-","-","-","-","-","-","-","-","-","-","-","-","-","-","-","-","-","-","-","-","-","-","-","-","-","-","-","-","-","-","-","-","-","-","-","-","-","-","-","-","-","-","-","-","-","-","-","-","-","-","-","-","-","-","-","-","-","-","-","-","-","-","-","-","-","-","-","-","-","-","-","-","-","-","-","-","-","-","-","-","-","-","-","-"
"27212","Colter Park","Harbor Group Management Co., LLC","Feljie Swanson","fswanson@harborgroupmanagement.com","(480) 640-7388","Fan Coil - No cool","Unit 378 Fan coil Leak","Completed","Jul 24, 2026, 1:00 PM","Jul 24, 2026, 2:00 PM","07/24/2026","13:00:00","07/24/2026","14:00:00","Jul 24, 2026, 8:13 AM","2026","July 2026","Joey Reyes","909 West Colter Street, Phoenix, Arizona 85013","Phoenix","Arizona","85013","Main Location","Jordan Wise","MFH - Plumbing","Sent","270","0","0","0","","78031","","","78031","AZ Service:MFH","Unit 378
Fan coil is not cooling
POC Anthony","Arrived 1:25pm - Finished 1:45pm
Once at unit inspected fan coil and found leak to be caused by backed up drain pan. Cleared drain and al is good now.","","-","-","00:27:46","0.45","01:00:00","1","","0","","0","0","0","0","0","0","0","0","-5","-5","0","33","275","242","0","270","270","","85893000","","","MFH - Plumbing","","","","","","","","Lowe's","Free","","Residential","Tier 1 - 8%","","","15508690","(480) 640-7388","fswanson@harborgroupmanagement.com","","","Logen Uknavage","","","","","","Mar 30, 2026, 9:43 AM","Harbor","Colter Park","Colter Park","Feljie","Swanson","-","-","-","-","-","-","-","-","-","-","-","-","-","-","-","-","-","-","-","-","-","-","-","-","-","-","-","-","-","-","-","-","-","-","-","-","-","-","-","-","-","-","-","-","-","-","-","-","-","-","-","-","-","-","-","-","-","-","-","-","-","-","-","-","-","-","-","-","-","-","-","-","-","-","-","-","-","-","-","-","Jul 24, 2026, 8:13 AM","Jul 24, 2026, 1:22 PM","05:09:06","-","-","-","-","-","Jul 24, 2026, 1:22 PM","Jul 24, 2026, 1:50 PM","00:27:45","-","-","-","-","-","-","-","-","-","-","-","-","-","Jul 24, 2026, 1:50 PM","Jul 27, 2026, 10:57 AM","69:07:22","-","Jul 27, 2026, 10:57 AM","-","-","34:21:27","-","-","-","-","-","-","-","-","-","-","-","-","-","-","-","-","-","-","-","-","-","-","-","-","-","-","-","-","-","-","-","-","-","-","-","-","-","-","-","-","-","-","-","-","-","-","-","-","-","-","-","-","-","-","-","-","-","-","-","-","-","-","-","-","-","-","-","-","-","-","-","-","-","-","-","-","-","-","-","-","-","-","-","-","-","-","-","-","-","-","-","-","-","-","-","-"
"27211","Colter Park","Harbor Group Management Co., LLC","Feljie Swanson","fswanson@harborgroupmanagement.com","(480) 640-7388","Fan Coil - No cool","Unit 192 Fan coil Leak","Completed","Jul 24, 2026, 3:00 PM","Jul 24, 2026, 4:00 PM","07/24/2026","15:00:00","07/24/2026","16:00:00","Jul 24, 2026, 8:12 AM","2026","July 2026","Joey Reyes","909 West Colter Street, Phoenix, Arizona 85013","Phoenix","Arizona","85013","Main Location","Jordan Wise","MFH - Plumbing","Sent","340","0","0","0","","78027","","","78027","AZ Service:MFH","Unit 192
Fan coil is not cooling
POC Anthony","Arrived 3pm - Finished 3:30pm
Once inside unit took temperatures at 94° flushed coil of dirty water until clear got temps down to 63°. Everything is cooling good now.","","-","-","00:33:15","0.55","01:00:00","1","","0","","0","0","0","0","0","0","0","0","-10","-10","0","42","350","308","0","340","340","","85893082","","","MFH - Plumbing","","","","","","","","Lowe's","Free","","Residential","Tier 1 - 8%","","","15508690","(480) 640-7388","fswanson@harborgroupmanagement.com","","","Logen Uknavage","","","","","","Mar 30, 2026, 9:43 AM","Harbor","Colter Park","Colter Park","Feljie","Swanson","-","-","-","-","-","-","-","-","-","-","-","-","-","-","-","-","-","-","-","-","-","-","-","-","-","-","-","-","-","-","-","-","-","-","-","-","-","-","-","-","-","-","-","-","-","-","-","-","-","-","-","-","-","-","-","-","-","-","-","-","-","-","-","-","-","-","-","-","-","-","-","-","-","-","-","-","-","-","-","-","Jul 24, 2026, 8:12 AM","Jul 24, 2026, 2:50 PM","06:37:29","-","-","-","-","-","Jul 24, 2026, 2:50 PM","Jul 24, 2026, 3:23 PM","00:33:15","-","-","-","-","-","-","-","-","-","-","-","-","-","Jul 24, 2026, 3:23 PM","Jul 27, 2026, 10:41 AM","67:17:19","-","Jul 27, 2026, 10:41 AM","-","-","34:38:21","-","-","-","-","-","-","-","-","-","-","-","-","-","-","-","-","-","-","-","-","-","-","-","-","-","-","-","-","-","-","-","-","-","-","-","-","-","-","-","-","-","-","-","-","-","-","-","-","-","-","-","-","-","-","-","-","-","-","-","-","-","-","-","-","-","-","-","-","-","-","-","-","-","-","-","-","-","-","-","-","-","-","-","-","-","-","-","-","-","-","-","-","-","-","-","-"
"27210","Colter Park","Harbor Group Management Co., LLC","Feljie Swanson","fswanson@harborgroupmanagement.com","(480) 640-7388","Fan Coil - No cool","Unit 177 Fan coil Leak","Pending Site Visits","Jul 24, 2026, 12:00 PM","Jul 24, 2026, 1:00 PM","07/24/2026","12:00:00","07/24/2026","13:00:00","Jul 24, 2026, 8:12 AM","2026","July 2026","Joey Reyes","909 West Colter Street, Phoenix, Arizona 85013","Phoenix","Arizona","85013","Main Location","Jordan Wise","MFH - Plumbing","Sent","295","2285","0","0","","78019, 78021","78019","AZ Service:MFH","78021","AZ Service:MFH","Unit 177
Fan coil is not cooling
POC Anthony","Arrived 12:15pm - Finished 1:15pm
Once at unit inspected fan coil and found lines were improperly wrapped removed all insulation to at was affected and wrapped lines properly, Leak is now gone. Cleaned up work area before heading to next call.
1- roll of foam tape","","-","-","01:00:12","1","01:00:00","1","","0","","0","786","1185","399","132","1100","968","20","55","35","20","28.8","240","211.2","0","295","295","","85892455","","","MFH - Plumbing","","","","","","","","Lowe's","Free","","Residential","Tier 1 - 8%","","","15508690","(480) 640-7388","fswanson@harborgroupmanagement.com","","","Logen Uknavage","","","","","","Mar 30, 2026, 9:43 AM","Harbor","Colter Park","Colter Park","Feljie","Swanson","-","-","-","-","-","-","-","-","-","-","-","-","-","-","-","-","-","-","-","-","-","-","-","-","-","-","-","-","-","-","-","-","-","-","-","-","-","-","-","-","-","-","-","-","-","-","-","-","-","-","-","-","-","-","-","-","-","-","-","-","-","-","-","-","-","-","-","-","-","-","-","-","-","-","-","-","-","-","-","-","Jul 24, 2026, 8:12 AM","Jul 24, 2026, 12:17 PM","04:05:08","-","-","-","-","-","Jul 24, 2026, 12:17 PM","Jul 24, 2026, 1:17 PM","01:00:11","-","Jul 28, 2026, 12:21 PM","-","-","08:58:03","-","-","-","-","-","-","-","-","Jul 24, 2026, 1:17 PM","Jul 24, 2026, 1:48 PM","00:31:05","-","Jul 27, 2026, 10:22 AM","Jul 28, 2026, 12:21 PM","25:58:21","-","-","-","-","-","-","-","-","-","-","-","-","-","-","-","-","-","-","-","-","-","-","-","-","-","-","-","-","-","-","-","-","-","-","-","-","-","-","-","-","-","-","-","-","-","-","-","-","-","-","-","-","-","-","-","-","-","-","-","-","-","-","-","-","-","-","-","-","-","-","-","-","-","-","-","-","-","-","-","-","-","-","-","-","-","-","-","-","-","-","-","-","-","-","-","-","-"
"27209","Colter Park","Harbor Group Management Co., LLC","Josh Stocks","wjstocks@harborgroupmanagement.com","252-561-6834","Fan Coil - No cool","Unit 88 Fan coil no cool","Canceled","Jul 24, 2026, 3:00 PM","Jul 24, 2026, 4:00 PM","07/24/2026","15:00:00","07/24/2026","16:00:00","Jul 24, 2026, 8:11 AM","2026","July 2026","Joey Reyes","909 West Colter Street, Phoenix, Arizona 85013","Phoenix","Arizona","85013","Main Location","Benito Valdez","MFH - Plumbing","","0","0","0","0","","","","","","","Unit 88
Fan coil is not cooling
POC Anthony","Called in by mistake","","-","-","","0","01:00:00","1","","0","","0","0","0","0","0","0","0","0","0","0","0","0","0","0","0","0","0","","","","","MFH - Plumbing","","","","","","","","Lowe's","Free","","Residential","Tier 1 - 8%","","","15508690","(480) 640-7388","fswanson@harborgroupmanagement.com","","","Logen Uknavage","","","","","","Mar 30, 2026, 9:43 AM","Harbor","Colter Park","Colter Park","Feljie","Swanson","-","-","-","-","-","-","-","-","-","-","-","-","-","-","-","-","-","-","-","-","-","-","-","-","-","-","-","-","-","-","-","-","-","-","-","-","-","-","-","-","-","-","-","-","-","-","-","-","-","-","-","-","-","-","-","-","-","-","-","-","-","-","-","-","-","-","-","-","-","-","-","-","-","-","-","-","-","-","-","-","Jul 24, 2026, 8:11 AM","Jul 24, 2026, 2:23 PM","06:12:21","-","-","-","-","-","-","-","-","-","-","-","-","-","-","-","-","-","-","-","-","-","-","-","-","-","-","-","-","-","Jul 24, 2026, 2:23 PM","-","-","102:55:36","-","-","-","-","-","-","-","-","-","-","-","-","-","-","-","-","-","-","-","-","-","-","-","-","-","-","-","-","-","-","-","-","-","-","-","-","-","-","-","-","-","-","-","-","-","-","-","-","-","-","-","-","-","-","-","-","-","-","-","-","-","-","-","-","-","-","-","-","-","-","-","-","-","-","-","-","-","-","-","-","-","-","-","-","-","-","-","-","-","-","-","-"
"27208","Colter Park","Harbor Group Management Co., LLC","Feljie Swanson","fswanson@harborgroupmanagement.com","(480) 640-7388","Fan Coil - No cool","Unit 89 Fan coil no cool","Completed","Jul 24, 2026, 2:00 PM","Jul 24, 2026, 3:00 PM","07/24/2026","14:00:00","07/24/2026","15:00:00","Jul 24, 2026, 8:10 AM","2026","July 2026","Joey Reyes","909 West Colter Street, Phoenix, Arizona 85013","Phoenix","Arizona","85013","Main Location","Benito Valdez","MFH - Plumbing","Estimate","0","850","0","0","","78008","78008","AZ Service:MFH","","","Unit 89
Fan coil is not cooling
POC Anthony","Blower motor assembly seems to be not turning as strong as it should be, wiring is correct for speeds,temp at register is 55°
Hottest part of the room is 77°
I recommend changing out the blower motor assembly 4hbc","","-","-","00:20:18","0.33","01:00:00","1","","0","","0","460","730","270","14.4","120","105.6","0","0","0","0","0","0","0","0","0","0","","85892010","","","MFH - Plumbing","","","","","","","","Lowe's","Free","","Residential","Tier 1 - 8%","","","15508690","(480) 640-7388","fswanson@harborgroupmanagement.com","","","Logen Uknavage","","","","","","Mar 30, 2026, 9:43 AM","Harbor","Colter Park","Colter Park","Feljie","Swanson","-","-","-","-","-","-","-","-","-","-","-","-","-","-","-","-","-","-","-","-","-","-","-","-","-","-","-","-","-","-","-","-","-","-","-","-","-","-","-","-","-","-","-","-","-","-","-","-","-","-","-","-","-","-","-","-","-","-","-","-","-","-","-","-","-","-","-","-","-","-","-","-","-","-","-","-","-","-","-","-","Jul 24, 2026, 8:10 AM","Jul 24, 2026, 2:24 PM","06:13:30","-","-","-","-","-","Jul 24, 2026, 2:24 PM","Jul 24, 2026, 2:44 PM","00:20:18","-","-","-","-","-","-","-","-","-","-","-","-","-","Jul 24, 2026, 2:44 PM","Jul 27, 2026, 9:54 AM","67:09:55","-","Jul 27, 2026, 9:54 AM","-","-","35:24:47","-","-","-","-","-","-","-","-","-","-","-","-","-","-","-","-","-","-","-","-","-","-","-","-","-","-","-","-","-","-","-","-","-","-","-","-","-","-","-","-","-","-","-","-","-","-","-","-","-","-","-","-","-","-","-","-","-","-","-","-","-","-","-","-","-","-","-","-","-","-","-","-","-","-","-","-","-","-","-","-","-","-","-","-","-","-","-","-","-","-","-","-","-","-","-","-"
"27207","Colter Park","Harbor Group Management Co., LLC","Josh Stocks","wjstocks@harborgroupmanagement.com","252-561-6834","Fan Coil - No cool","Unit 98 Fan coil no cool","Completed","Jul 24, 2026, 5:00 PM","Jul 24, 2026, 6:00 PM","07/24/2026","17:00:00","07/24/2026","18:00:00","Jul 24, 2026, 8:10 AM","2026","July 2026","Joey Reyes","909 West Colter Street, Phoenix, Arizona 85013","Phoenix","Arizona","85013","Main Location","Benito Valdez","MFH - Plumbing","Invoiced","340","0","340","0","","78012","","","78012","AZ Service:MFH","Unit 98
Fan coil is not cooling
POC Josh","Upon entry temp at register would not fall below 72°
New Blower motor assembly was installed about a month ago,tennant stated it worked good for about a week, i first flushed the system  and then pull the blower motor assembly to check the coils. they were dirty so I  cleaned the coils ,the temp started to come down to 58°","","-","-","00:53:43","0.88","01:00:00","1","","0","","0","0","0","0","0","0","0","0","-10","-10","0","42","350","308","0","340","340","","85892335","","","MFH - Plumbing","","","","","","","","Lowe's","Free","","Residential","Tier 1 - 8%","","","15508690","(480) 640-7388","fswanson@harborgroupmanagement.com","","","Logen Uknavage","","","","","","Mar 30, 2026, 9:43 AM","Harbor","Colter Park","Colter Park","Feljie","Swanson","-","-","-","-","-","-","-","-","-","-","-","-","-","-","-","-","-","-","-","-","-","-","-","-","-","-","-","-","-","-","-","-","-","-","-","-","-","-","-","-","-","-","-","-","-","-","-","-","-","-","-","-","-","-","-","-","-","-","-","-","-","-","-","-","-","-","-","-","-","-","-","-","-","-","-","-","-","-","-","-","Jul 24, 2026, 8:10 AM","Jul 24, 2026, 3:57 PM","07:47:27","-","-","-","-","-","Jul 24, 2026, 3:57 PM","Jul 24, 2026, 4:51 PM","00:53:43","-","-","-","-","-","-","-","-","-","-","-","-","-","Jul 24, 2026, 4:51 PM","Jul 27, 2026, 10:06 AM","65:14:44","-","Jul 27, 2026, 10:06 AM","-","-","35:13:15","-","-","-","-","-","-","-","-","-","-","-","-","-","-","-","-","-","-","-","-","-","-","-","-","-","-","-","-","-","-","-","-","-","-","-","-","-","-","-","-","-","-","-","-","-","-","-","-","-","-","-","-","-","-","-","-","-","-","-","-","-","-","-","-","-","-","-","-","-","-","-","-","-","-","-","-","-","-","-","-","-","-","-","-","-","-","-","-","-","-","-","-","-","-","-","-"
"27206","Doris Eligehausen","","Doris Eligehausen","drdoris@gmail.com","(928) 792-3126","Septic Tank Pumping :Plumbing","Septic pump","Completed","Jul 24, 2026, 10:00 AM","Jul 24, 2026, 2:00 PM","07/24/2026","10:00:00","07/24/2026","14:00:00","Jul 24, 2026, 8:10 AM","2026","July 2026","Destinee Kastner","193 e Dankworth Road, Safford, Arizona 85546","Safford","Arizona","85546","Main Location","Jaxon Bryant","Gila Valley","Paid","600","600","0","600","","77945, 77944","77944","AZ Service:Gila Valley","77945","AZ Service:Gila Valley","Reason for call? septic backed up 

Who will be present to meet the technician? Doris

Are any drains currently backing up?  yes

How many years since its been pumped? (If unknown, quote customer a ""5-15 year hard pump"" up-charge. $125) unknown 

Do you know where the lid is located?  (If unknown, quote customer $150/per hour up-charge.) no

Is it uncovered? If not, are the lids able to be accessed with a tractor? (If needing to be dug up, quote customer $150 up-charge.) no

Is there anything else you would like technician to look at while they are there? no

How did you hear about NexLvl Services?","","Camera,Tractor Needed","-","-","04:04:52","4.07","04:00:00","4","00:52:50","0.87","","0","0","0","0","225","600","375","0","0","0","0","225","600","375","0","600","600","","","","","Gila Valley - Septic","","","","","","","","Lowe's","Free","","Residential","Tier 1 - 8%","","","17623186","(928) 792-3126","drdoris@gmail.com","","","","","","","","","Jul 24, 2026, 8:05 AM","","Doris Eligehausen","","Doris","Eligehausen","-","-","-","-","-","-","-","-","-","-","-","-","-","-","-","-","-","-","-","-","-","-","-","-","-","-","-","-","-","-","-","-","-","-","-","-","-","-","-","-","-","-","-","-","-","-","-","-","-","-","-","-","-","-","-","-","-","-","-","-","-","-","-","-","-","-","-","-","-","-","-","-","-","-","-","-","-","-","-","-","Jul 24, 2026, 8:10 AM","Jul 24, 2026, 1:06 PM","04:56:55","-","Jul 24, 2026, 1:06 PM","Jul 24, 2026, 1:59 PM","00:52:51","-","Jul 24, 2026, 1:59 PM","Jul 24, 2026, 6:04 PM","04:04:51","-","-","-","-","-","-","-","-","-","-","-","-","-","Jul 24, 2026, 6:04 PM","Jul 27, 2026, 1:06 PM","67:02:12","-","Jul 27, 2026, 1:06 PM","-","-","32:12:29","-","-","-","-","-","-","-","-","-","-","-","-","-","-","-","-","-","-","-","-","-","-","-","-","-","-","-","-","-","-","-","-","-","-","-","-","-","-","-","-","-","-","-","-","-","-","-","-","-","-","-","-","-","-","-","-","-","-","-","-","-","-","-","-","-","-","-","-","-","-","-","-","-","-","-","-","-","-","-","-","-","-","-","-","-","-","-","-","-","-","-","-","-","-","-","-"
"27205","Colter Park","Harbor Group Management Co., LLC","Josh Stocks","wjstocks@harborgroupmanagement.com","252-561-6834","Fan Coil - No cool","Unit 158 Fan coil no cool","Completed","Jul 24, 2026, 6:00 PM","Jul 24, 2026, 7:00 PM","07/24/2026","18:00:00","07/24/2026","19:00:00","Jul 24, 2026, 8:09 AM","2026","July 2026","Joey Reyes","909 West Colter Street, Phoenix, Arizona 85013","Phoenix","Arizona","85013","Main Location","Benito Valdez","MFH - Plumbing","Sent","340","0","0","0","","78013","","","78013","-","Unit 158
Fan coil is not cooling
POC Anthony","Upon entry my first temp would not go below 63°,I pulled the blower motor assembly and cleaned the coils and the temp came down to 58°","","-","-","00:38:26","0.63","01:00:00","1","","0","","0","0","0","0","0","0","0","0","-10","-10","0","42","350","308","0","340","340","","85892608","","","MFH - Plumbing","","","","","","","","Lowe's","Free","","Residential","Tier 1 - 8%","","","15508690","(480) 640-7388","fswanson@harborgroupmanagement.com","","","Logen Uknavage","","","","","","Mar 30, 2026, 9:43 AM","Harbor","Colter Park","Colter Park","Feljie","Swanson","-","-","-","-","-","-","-","-","-","-","-","-","-","-","-","-","-","-","-","-","-","-","-","-","-","-","-","-","-","-","-","-","-","-","-","-","-","-","-","-","-","-","-","-","-","-","-","-","-","-","-","-","-","-","-","-","-","-","-","-","-","-","-","-","-","-","-","-","-","-","-","-","-","-","-","-","-","-","-","-","Jul 24, 2026, 8:09 AM","Jul 24, 2026, 4:51 PM","08:42:34","-","-","-","-","-","Jul 24, 2026, 4:51 PM","Jul 24, 2026, 5:30 PM","00:38:26","-","-","-","-","-","-","-","-","-","-","-","-","-","Jul 24, 2026, 5:30 PM","Jul 27, 2026, 10:08 AM","64:38:07","-","Jul 27, 2026, 10:08 AM","-","-","35:10:58","-","-","-","-","-","-","-","-","-","-","-","-","-","-","-","-","-","-","-","-","-","-","-","-","-","-","-","-","-","-","-","-","-","-","-","-","-","-","-","-","-","-","-","-","-","-","-","-","-","-","-","-","-","-","-","-","-","-","-","-","-","-","-","-","-","-","-","-","-","-","-","-","-","-","-","-","-","-","-","-","-","-","-","-","-","-","-","-","-","-","-","-","-","-","-","-"
"27204","Venue on Camelback","BH Management Services LLC","Andres Marquez","andres.marquez@livebh.com","(480) 340-2646","Clogg","Unit 125","Canceled","Jul 23, 2026, 11:00 PM","Jul 24, 2026, 12:00 AM","07/23/2026","23:00:00","07/24/2026","00:00:00","Jul 23, 2026, 9:37 PM","2026","July 2026","Chris Marrs","1930 East Camelback Road, Phoenix, Arizona 85016","Phoenix","Arizona","85016","Main Location","Hunter Howell","MFH - Plumbing","","0","0","0","0","","","","","","","Mainline back up","","","-","-","","0","01:00:00","1","","0","","0","0","0","0","0","0","0","0","0","0","0","0","0","0","0","0","0","","","","","MFH - Plumbing","","","","","","","","Lowe's","Free","","Residential","Tier 1 - 8%","","","12805541","(480) 340-2646","andres.marquez@livebh.com","","","Logen Uknavage","","","","","","Oct 16, 2025, 3:10 PM","Commercial,MFH,BH Mgmt","Venue on Camelback","Venue on Camelback","Andres","Marquez","-","-","-","-","-","-","-","-","-","-","-","-","-","-","-","-","-","-","-","-","-","-","-","-","-","-","-","-","-","-","-","-","-","-","-","-","-","-","-","-","-","-","-","-","-","-","-","-","-","-","-","-","-","-","-","-","-","-","-","-","-","-","-","-","-","-","-","-","-","-","-","-","-","-","-","-","-","-","-","-","Jul 23, 2026, 9:37 PM","Jul 23, 2026, 10:10 PM","00:32:42","-","-","-","-","-","-","-","-","-","-","-","-","-","-","-","-","-","-","-","-","-","-","-","-","-","-","-","-","-","Jul 23, 2026, 10:10 PM","-","-","119:09:05","-","-","-","-","-","-","-","-","-","-","-","-","-","-","-","-","-","-","-","-","-","-","-","-","-","-","-","-","-","-","-","-","-","-","-","-","-","-","-","-","-","-","-","-","-","-","-","-","-","-","-","-","-","-","-","-","-","-","-","-","-","-","-","-","-","-","-","-","-","-","-","-","-","-","-","-","-","-","-","-","-","-","-","-","-","-","-","-","-","-","-","-"
"27203","Capri on Camelback","Harbor Group Management Co., LLC","Juan Barajas","","909-762-2934","Active Water Leak :Plumbing","Unit A-220","Completed","Jul 23, 2026, 9:00 PM","Jul 23, 2026, 11:00 PM","07/23/2026","21:00:00","07/23/2026","23:00:00","Jul 23, 2026, 7:52 PM","2026","July 2026","Chris Marrs","5115 North 40th Street, Phoenix, Arizona 85018","Phoenix","Arizona","85018","Main Location","Hunter Howell","MFH - Plumbing","Sent","540","540","0","0","","77901, 77902","77901","-","77902","AZ Service:MFH","Unit A-220
Leak at the fan coil","Knocked on door multiple times with no answer tried to call poc and text him with no answer","","-","-","00:28:00","0.47","02:00:00","2","","0","","0","0","-10","-10","66","550","484","0","-10","-10","0","66","550","484","0","540","540","","","","","MFH - Plumbing","","","","","","","","Lowe's","Free","","Residential","Tier 1 - 8%","","","17009572","(602) 882-8579","tgeorge@harborgroupmanagement.com","","","Logen Uknavage","Referral","","","","","Jun 2, 2026, 4:45 PM","MFH,Commercial","Capri on Camelback","Capri on Camelback","Travis","George","-","-","-","-","-","-","-","-","-","-","-","-","-","-","-","-","-","-","-","-","-","-","-","-","-","-","-","-","-","-","-","-","-","-","-","-","-","-","-","-","-","-","-","-","-","-","-","-","-","-","-","-","-","-","-","-","-","-","-","-","-","-","-","-","-","-","-","-","-","-","-","-","-","-","-","-","-","-","-","-","Jul 23, 2026, 7:52 PM","Jul 23, 2026, 9:37 PM","01:45:25","-","-","-","-","-","Jul 23, 2026, 9:37 PM","Jul 23, 2026, 10:05 PM","00:28:00","-","Jul 24, 2026, 10:56 AM","Jul 27, 2026, 10:12 AM","71:15:59","-","-","-","-","-","-","-","-","-","Jul 23, 2026, 10:05 PM","Jul 24, 2026, 10:56 AM","12:50:52","-","Jul 27, 2026, 10:12 AM","-","-","35:06:39","-","-","-","-","-","-","-","-","-","-","-","-","-","-","-","-","-","-","-","-","-","-","-","-","-","-","-","-","-","-","-","-","-","-","-","-","-","-","-","-","-","-","-","-","-","-","-","-","-","-","-","-","-","-","-","-","-","-","-","-","-","-","-","-","-","-","-","-","-","-","-","-","-","-","-","-","-","-","-","-","-","-","-","-","-","-","-","-","-","-","-","-","-","-","-","-"
"27202","505 West","Harbor Group Management Co., LLC","Jesus Maintenance supervisor","jpelayo@harborgroupmanagement.com","480-577-2649","No Cool :HVAC","Unit 2026  no cool","On The Way","Jul 23, 2026, 7:00 PM","Jul 23, 2026, 8:00 PM","07/23/2026","19:00:00","07/23/2026","20:00:00","Jul 23, 2026, 5:15 PM","2026","July 2026","Joey Reyes","505 West Baseline Road, Tempe, Arizona 85283","Tempe","Arizona","85283","Main Location","Chuy Torres","MFH - HVAC","","0","0","0","0","","","","","","","Unit 2026
No cool. New install","","","-","-","","0","01:00:00","1","","0","","0","0","0","0","0","0","0","0","0","0","0","0","0","0","0","0","0","","","","","MFH - HVAC","","Jesus","","","","","","Lowe's","Free","","Residential","Tier 1 - 8%","","","15570187","480-577-2649","jpelayo@harborgroupmanagement.com","","","Logen Uknavage","","","","","Can't be on property after 6p. If we have to be, call Jesus to verify
Goodman condensers only for this property - R32 ONLY","Apr 2, 2026, 10:44 AM","Harbor","505 West","505 West","Jesus","Maintenance supervisor","-","-","-","-","-","-","-","-","-","-","-","-","-","-","-","-","-","-","-","-","-","-","-","-","-","-","-","-","-","-","-","-","-","-","-","-","-","-","-","-","-","-","-","-","-","-","-","-","-","-","-","-","-","-","-","-","-","-","-","-","-","-","-","-","-","-","-","-","-","-","-","-","-","-","-","-","-","-","-","-","Jul 23, 2026, 5:15 PM","Jul 23, 2026, 6:16 PM","01:00:44","-","Jul 23, 2026, 6:16 PM","-","-","123:03:08","-","-","-","-","-","-","-","-","-","-","-","-","-","-","-","-","-","-","-","-","-","-","-","-","-","-","-","-","-","-","-","-","-","-","-","-","-","-","-","-","-","-","-","-","-","-","-","-","-","-","-","-","-","-","-","-","-","-","-","-","-","-","-","-","-","-","-","-","-","-","-","-","-","-","-","-","-","-","-","-","-","-","-","-","-","-","-","-","-","-","-","-","-","-","-","-","-","-","-","-","-","-","-","-","-","-","-","-","-","-","-","-","-","-","-","-","-","-","-","-"
"27201","Catherine Isaak","","Catherine Isaak","catisaak@hotmail.com","(209) 712-4854","Labor only RA :Lowes Water Heaters","","Completed","Jul 24, 2026, 11:00 AM","Jul 24, 2026, 1:00 PM","07/24/2026","11:00:00","07/24/2026","13:00:00","Jul 23, 2026, 5:14 PM","2026","July 2026","Travis Germain","17688 W Copper Ridge Dr, Goodyear, AZ 85338","Goodyear","AZ","85338","Main Address","Tanner LaForge","Lowes","Invoiced","1684.98","1929.48","1385.5","299.48","","77847, 77904, 77925, 77905","77847, 77904","Lowes, Lowes","77925, 77905","Lowes, Lowes","**RETURN TO HOME DEPOT**
**MAKE LAST STOP**
**MUST CALL 1 HOUR 30 MIN BEFORE**(if possible)
12-4PM
CASE# cas-2716512-n9v3q8
**RETURN TO HOME DEPOT**
CASE# cas-2716512-n9v3q8
Internet # 326590285
Model # XG50T06EC38U1
Store SKU # 1001300139","7/24 

Arrived on site to do a warranty swap for the 50 gallon gas heater. Drained and removed the tank. Replaced both supply lines and the ball valve. 

Returned the heater to home depot. Received a new tank and returned to install it. Set a new pan down. Installed an expansion tank and sediment trap 

Connected water lines and gas. Filled the heater and turned on gas. No issues with the install today.","RA,Pick up from Home Depot,Lowes","-","-","03:59:09","3.98","02:00:00","2","01:24:53","1.4","","0","228","343","115","330","1586.48","1256.48","228","642.48","414.48","228","330","1042.5","712.5","0","1684.98","1684.98","","41444971","Garage","","Lowes - Water Heaters","","","","","","","","Lowe's","Free","","Residential","Tier 1 - 8%","","","17621357","(209) 712-4854","catisaak@hotmail.com","","","Travis Germain","IME","1st Attempt","","ESTIMATE_APPOINTMENT | APPOINTMENT_SET","ESTIMATE_APPOINTMENT | APPOINTMENT_SET","Jul 23, 2026, 4:43 PM","","Catherine Isaak","","Catherine","Isaak","-","-","-","-","-","-","-","-","-","-","-","-","-","-","-","-","-","-","-","-","-","-","-","-","-","-","-","-","-","-","-","-","-","-","-","-","-","-","-","-","-","-","-","-","-","-","-","-","Jul 23, 2026, 5:14 PM","Jul 24, 2026, 10:32 AM","17:18:23","-","-","-","-","-","Jul 24, 2026, 10:32 AM","Jul 24, 2026, 11:57 AM","01:24:53","-","Jul 24, 2026, 11:57 AM","Jul 24, 2026, 3:56 PM","03:59:09","-","-","-","-","-","Jul 24, 2026, 3:56 PM","Jul 24, 2026, 4:07 PM","00:11:13","-","Jul 24, 2026, 4:07 PM","-","-","101:11:32","-","-","-","-","-","-","-","-","-","-","-","-","-","-","-","-","-","-","-","-","-","-","-","-","-","-","-","-","-","-","-","-","-","-","-","-","-","-","-","-","-","-","-","-","-","-","-","-","-","-","-","-","-","-","-","-","-","-","-","-","-","-","-","-","-","-","-","-","-","-","-","-","-","-","-","-","-","-","-","-","-","-","-","-","-","-","-","-","-","-","-","-","-","-","-","-","-","-","-","-","-","-","-","-","-","-","-","-","-","-","-","-","-","-","-","-","-","-","-","-","-","-","-","-","-","-","-","-","-","-","-","-"
"27196","Argenta Apartments","29th Street Communities","Diana March","diana.march@29scliving.com","(925) 324-7595","No Cool :HVAC","Unit 1144 No COol","Completed","Jul 23, 2026, 5:00 PM","Jul 23, 2026, 7:00 PM","07/23/2026","17:00:00","07/23/2026","19:00:00","Jul 23, 2026, 4:26 PM","2026","July 2026","Joey Reyes","4104 East Broadway Road, Mesa, Arizona 85206","Mesa","Arizona","85206","Main Location","Chuy Torres","MFH - HVAC","Sent","260","785","0","0","","77848, 77940","77848","MFH:MFH - HVAC","77940","MFH:MFH - HVAC","Unit 1144
Ac not cooling. Thinks it is the compressor
POC Sean","---

## **Field Service Report: Incorrect Condenser Fan Motor & High Head Pressure**

**Date:** July 23, 2026  
**Unit:** 1144  
**Status:** Arrived on-site, diagnosed an incorrectly sized condenser fan motor and a flattened fan blade causing high head pressure on an older Trane unit. Applied a temporary fix to restore cooling and recommended replacing the motor and blade.

### **Diagnostic Findings**
* **Initial Assessment:** Responded to a service call for a cooling issue and evaluated the outdoor HVAC equipment.
* **Component Evaluation:** Inspected the older **Trane condenser** and found that the currently installed **condenser fan motor is the incorrect size/spec** for this system. It requires a **Fasco D1050** motor. 
* **Airflow Restriction:** Furthermore, the pitch on the **fan blade was flattened out**. Because of the incorrect motor and flattened blade, the system could not pull enough air through the condenser coil to reject heat, causing the system to run into high head pressure.

### **Temporary Repairs Performed**
* **Airflow Adjustments:** Manually adjusted the pitch of the fan blade and lowered its position on the shaft to help it pull more heat out of the system.
* **Maintenance:** Thoroughly cleaned the outdoor condenser coils to maximize airflow and help drop the operating pressures as much as possible.

### **Recommendations & Next Steps**
* **System Status:** After the adjustments and cleaning, the pressures are still running high, but the system is actively cooling at this time.
* **Replacement Required:** To permanently resolve the high head pressure and prevent a compressor failure, I highly **recommend replacing the condenser fan motor with the correct Fasco D1050** and installing a brand-**new fan blade** with the correct pitch. 
* **Action Item:** Submitting these findings to the office to generate a quote for the correct motor and blade.

---

**Status: Temporary Fix in Place (Cooling) — Pending Fan Motor & Blade Replacement Quote**

---","","-","-","00:37:07","0.62","02:00:00","2","00:57:11","0.95","","0","300","525","225","31.2","260","228.8","0","0","0","0","31.2","260","228.8","0","260","260","","","","","MFH - HVAC","","Sean","","","","","","Lowe's","Free","","Residential","Tier 1 - 8%","","","9808428","(925) 324-7595","diana.march@29scliving.com","","sean.obrien@29scliving.com","Logen Uknavage","Referral","Won","","","","Mar 21, 2025, 8:24 AM","","Argenta Apartments","Argenta Apartments","Diana","March","-","-","-","-","-","-","-","-","-","-","-","-","-","-","-","-","-","-","-","-","-","-","-","-","-","-","-","-","-","-","-","-","-","-","-","-","-","-","-","-","-","-","-","-","-","-","-","-","-","-","-","-","-","-","-","-","-","-","-","-","-","-","-","-","-","-","-","-","-","-","-","-","-","-","-","-","-","-","-","-","Jul 23, 2026, 4:26 PM","Jul 23, 2026, 4:41 PM","00:15:27","-","Jul 23, 2026, 4:41 PM","Jul 23, 2026, 5:38 PM","00:57:11","-","Jul 23, 2026, 5:38 PM","Jul 23, 2026, 6:16 PM","00:37:07","-","-","-","-","-","-","-","-","-","-","-","-","-","Jul 23, 2026, 6:16 PM","Jul 24, 2026, 5:17 PM","23:01:49","-","Jul 24, 2026, 5:17 PM","-","-","100:01:28","-","-","-","-","-","-","-","-","-","-","-","-","-","-","-","-","-","-","-","-","-","-","-","-","-","-","-","-","-","-","-","-","-","-","-","-","-","-","-","-","-","-","-","-","-","-","-","-","-","-","-","-","-","-","-","-","-","-","-","-","-","-","-","-","-","-","-","-","-","-","-","-","-","-","-","-","-","-","-","-","-","-","-","-","-","-","-","-","-","-","-","-","-","-","-","-"
"27195","Marcos De Niza c/o Dunlap & MaGee","","Contact","brad@dunlap-sites.com","602-859-2293","Clogged Drain :Plumbing","Tub 704 Back up","Completed","Jul 23, 2026, 5:00 PM","Jul 23, 2026, 7:00 PM","07/23/2026","17:00:00","07/23/2026","19:00:00","Jul 23, 2026, 4:24 PM","2026","July 2026","Joey Reyes","305 West Pima Street, Phoenix, AZ 85003","Phoenix","AZ","85003","Main Location","Brodyn Janshen","MFH - Plumbing","Sent","89","0","0","0","","77987","","","77987","AZ Service:MFH","Contact Brad only for approval
Unit 704
Tub is backing up","Arrived on site located unit 702 not 704 went inside. The tenant said that the first maintenance worker did not fix it and call it in, but the second worker came in and did fix it. I ran the tub to verify that it was draining properly and it was. I called Brad to let him know.","","-","-","00:04:53","0.07","02:00:00","2","00:48:42","0.8","","0","0","0","0","0","0","0","0","0","0","0","10.68","89","78.32","0","89","89","","","","","MFH - Plumbing","","Brad","","","","","","Lowe's","Free","","Residential","Tier 1 - 8%","","","6747384","602-859-2293","brad@dunlap-sites.com","(602) 254-6663","asstmanager@marcosdeniza.org","Logen Uknavage","Cushman & Wakefield","","","","","Apr 25, 2024, 5:54 PM","MFH,Commercial","Marcos De Niza c/o Dunlap & MaGee","Marcos De Niza c/o Dunlap & MaGee","Brad","","-","-","-","-","-","-","-","-","-","-","-","-","-","-","-","-","-","-","-","-","-","-","-","-","-","-","-","-","-","-","-","-","-","-","-","-","-","-","-","-","-","-","-","-","-","-","-","-","-","-","-","-","-","-","-","-","-","-","-","-","-","-","-","-","-","-","-","-","-","-","-","-","-","-","-","-","-","-","-","-","Jul 23, 2026, 4:24 PM","Jul 23, 2026, 5:08 PM","00:44:01","-","Jul 23, 2026, 5:08 PM","Jul 23, 2026, 5:56 PM","00:48:41","-","Jul 23, 2026, 5:56 PM","Jul 23, 2026, 6:01 PM","00:04:54","-","-","-","-","-","-","-","-","-","-","-","-","-","Jul 23, 2026, 6:01 PM","Jul 27, 2026, 8:56 AM","86:54:41","-","Jul 27, 2026, 8:56 AM","-","-","36:23:01","-","-","-","-","-","-","-","-","-","-","-","-","-","-","-","-","-","-","-","-","-","-","-","-","-","-","-","-","-","-","-","-","-","-","-","-","-","-","-","-","-","-","-","-","-","-","-","-","-","-","-","-","-","-","-","-","-","-","-","-","-","-","-","-","-","-","-","-","-","-","-","-","-","-","-","-","-","-","-","-","-","-","-","-","-","-","-","-","-","-","-","-","-","-","-","-"
"27194","505 West","Harbor Group Management Co., LLC","Jesus Maintenance supervisor","jpelayo@harborgroupmanagement.com","480-577-2649","Active Water Leak :Plumbing","Unit 2150 AC Leak","Completed","Jul 24, 2026, 11:00 AM","Jul 24, 2026, 12:00 PM","07/24/2026","11:00:00","07/24/2026","12:00:00","Jul 23, 2026, 4:05 PM","2026","July 2026","Dominic Cruz","505 West Baseline Road, Tempe, Arizona 85283","Tempe","Arizona","85283","Main Location","Jacob Martinez","MFH - HVAC","Sent","313","0","0","0","","77914","","","77914","MFH:MFH - HVAC","Can't be on property after 6p. If we have to be, call Jesus to verify
Goodman condensers only for this property - R32 ONLY

Unit 2150
AC pan is uneven and causing a leak. Water pooling opposite side of the drain outlet for the pan.","Corrective Action: Re-lagged the unit using 3-inch wood screws and installed PVC fittings as shims to establish proper pitch toward the drain.
​Note & Status: While aesthetic appearance is slightly compromised due to structural shimming, the unit is function-focused and now draining successfully with no standing water in the pan.","","-","-","01:47:13","1.78","01:00:00","1","01:03:05","1.05","","0","0","0","0","0","0","0","10","53","43","10","31.2","260","228.8","0","313","313","","","","","MFH - HVAC","","Anthony","","","","","","Lowe's","Free","","Residential","Tier 1 - 8%","","","15570187","480-577-2649","jpelayo@harborgroupmanagement.com","","","Logen Uknavage","","","","","Can't be on property after 6p. If we have to be, call Jesus to verify
Goodman condensers only for this property - R32 ONLY","Apr 2, 2026, 10:44 AM","Harbor","505 West","505 West","Jesus","Maintenance supervisor","-","-","-","-","-","-","-","-","-","-","-","-","-","-","-","-","-","-","-","-","-","-","-","-","-","-","-","-","-","-","-","-","-","-","-","-","-","-","-","-","-","-","-","-","-","-","-","-","-","-","-","-","-","-","-","-","-","-","-","-","-","-","-","-","-","-","-","-","-","-","-","-","-","-","-","-","-","-","-","-","Jul 24, 2026, 9:53 AM","Jul 24, 2026, 12:56 PM","03:03:31","-","Jul 24, 2026, 8:46 AM","Jul 24, 2026, 9:49 AM","01:03:05","-","Jul 24, 2026, 12:56 PM","Jul 24, 2026, 2:40 PM","01:43:48","-","-","-","-","-","-","-","-","-","-","-","-","-","Jul 24, 2026, 2:40 PM","Jul 27, 2026, 9:48 AM","67:07:53","-","Jul 27, 2026, 9:48 AM","-","-","35:30:47","-","-","-","-","-","-","-","-","-","-","-","-","-","-","-","-","-","-","-","-","-","-","-","-","-","-","-","-","-","-","-","-","-","-","-","-","-","-","-","-","-","-","-","-","-","-","-","-","-","-","-","-","-","-","-","-","-","-","-","-","-","-","-","-","-","-","-","-","-","-","-","-","-","-","-","-","-","-","-","-","-","-","-","-","-","-","-","-","-","-","-","-","-","-","-","-"
"27187","Argenta Apartments","29th Street Communities","Diana March","diana.march@29scliving.com","(925) 324-7595","No Cool :HVAC","Multiple Units - HVAC No Cool","Completed","Jul 23, 2026, 8:00 AM","Jul 23, 2026, 10:00 AM","07/23/2026","08:00:00","07/23/2026","10:00:00","Jul 23, 2026, 2:32 PM","2026","July 2026","Joey Reyes","4104 East Broadway Road, Mesa, Arizona 85206","Mesa","Arizona","85206","Main Location","","","Paid","1621","0","0","1621","","77812","","","77812","MFH:MFH - HVAC","Created this job as Diana requested one total invoice and provided a PO.","","","-","-","","0","02:00:00","2","","0","","0","0","0","0","0","0","0","12.2","61","48.8","12.2","187.2","1560","1372.8","0","1621","1621","","287185","","","MFH - HVAC","","","","","","","","Lowe's","Free","","Residential","Tier 1 - 8%","","","9808428","(925) 324-7595","diana.march@29scliving.com","","sean.obrien@29scliving.com","Logen Uknavage","Referral","Won","","","","Mar 21, 2025, 8:24 AM","","Argenta Apartments","Argenta Apartments","Diana","March","-","-","-","-","-","-","-","-","-","-","-","-","-","-","-","-","-","-","-","-","-","-","-","-","-","-","-","-","-","-","-","-","-","-","-","-","-","-","-","-","-","-","-","-","-","-","-","-","-","-","-","-","-","-","-","-","-","-","-","-","-","-","-","-","-","-","-","-","-","-","-","-","-","-","-","-","-","-","-","-","Jul 23, 2026, 2:32 PM","Jul 23, 2026, 2:32 PM","00:00:18","-","-","-","-","-","-","-","-","-","-","-","-","-","-","-","-","-","-","-","-","-","-","-","-","-","Jul 23, 2026, 2:32 PM","-","-","126:46:27","-","-","-","-","-","-","-","-","-","-","-","-","-","-","-","-","-","-","-","-","-","-","-","-","-","-","-","-","-","-","-","-","-","-","-","-","-","-","-","-","-","-","-","-","-","-","-","-","-","-","-","-","-","-","-","-","-","-","-","-","-","-","-","-","-","-","-","-","-","-","-","-","-","-","-","-","-","-","-","-","-","-","-","-","-","-","-","-","-","-","-","-","-","-","-","-"
"27186","Jason Hubbard","","Contact","azappraiser99@yahoo.com","(480) 200-6816","Tankless Water Heater :Plumbing","Not hot water","Pending Site Visits","Jul 24, 2026, 3:00 PM","Jul 24, 2026, 5:00 PM","07/24/2026","15:00:00","07/24/2026","17:00:00","Jul 23, 2026, 2:24 PM","2026","July 2026","Beatriz Garcia","19060 South 198th Court, Queen Creek, AZ 85142","Queen Creek","AZ","85142","Main Location","Adam George","PHX - Plumbing","","0","0","0","0","","","","","","","Reason for call? tankles working but no hotwater

Who will be present to meet the technician? Jennifer (wife)

Do you currently have a tank or tankless water heater? Tankless

Is it currently working? If not, what is wrong? Yes, but no hot water

How did you hear about NexLvl Services? existing","Need to retun while renai tech line is open","Resi","-","-","00:12:32","0.2","02:00:00","2","01:26:26","1.43","","0","0","0","0","0","0","0","0","0","0","0","0","0","0","0","0","0","","","","","Resi Plumbing","","Jason Hubbard","","","","","","","","","","","","","6737602","(480) 200-6816","azappraiser99@yahoo.com","(480) 204-0117","","","","","","","","Apr 24, 2024, 6:41 PM","","Jason Hubbard","","","","-","-","-","-","-","-","-","-","-","-","-","-","-","-","-","-","-","-","-","-","-","-","-","-","-","-","-","-","-","-","-","-","-","-","-","-","-","-","-","-","-","-","-","-","-","-","-","-","-","-","-","-","-","-","-","-","-","-","-","-","-","-","-","-","-","-","-","-","-","-","-","-","-","-","-","-","-","-","-","-","Jul 23, 2026, 2:24 PM","Jul 24, 2026, 3:28 PM","25:04:17","-","Jul 24, 2026, 3:28 PM","Jul 24, 2026, 4:55 PM","01:26:26","-","Jul 24, 2026, 4:55 PM","Jul 24, 2026, 5:07 PM","00:12:32","-","Jul 24, 2026, 5:07 PM","-","-","100:11:49","-","-","-","-","-","-","-","-","-","-","-","-","-","-","-","-","-","-","-","-","-","-","-","-","-","-","-","-","-","-","-","-","-","-","-","-","-","-","-","-","-","-","-","-","-","-","-","-","-","-","-","-","-","-","-","-","-","-","-","-","-","-","-","-","-","-","-","-","-","-","-","-","-","-","-","-","-","-","-","-","-","-","-","-","-","-","-","-","-","-","-","-","-","-","-","-","-","-","-","-","-","-","-","-","-","-","-","-","-","-","-","-"
"27185","Marcos De Niza c/o Dunlap & MaGee","","Contact","brad@dunlap-sites.com","602-859-2293","Clogged Drain :Plumbing","Unit 516 Back up","Completed","Jul 23, 2026, 4:00 PM","Jul 23, 2026, 6:00 PM","07/23/2026","16:00:00","07/23/2026","18:00:00","Jul 23, 2026, 2:08 PM","2026","July 2026","Joey Reyes","305 West Pima Street, Phoenix, AZ 85003","Phoenix","AZ","85003","Main Location","Julian Guidry, Hunter Howell","MFH - Plumbing","Sent","370","0","0","0","","77998","","","77998","AZ Service:MFH","Contact Brad only for approval
Unit 516
Brad advised 516 is still backing up","Cleared line through the cleanout outback hit something very hard. I was able to break it up and get past it and clear the back up, but I recommend camera the line if this continues to happen.","Recall","-","-","00:54:47","0.9","02:00:00","2","00:46:51","0.77","","0","0","0","0","0","0","0","0","-5","-5","0","45","375","330","0","370","370","","","","","MFH - Plumbing","","Brad","","","","","","Lowe's","Free","","Residential","Tier 1 - 8%","","","6747384","602-859-2293","brad@dunlap-sites.com","(602) 254-6663","asstmanager@marcosdeniza.org","Logen Uknavage","Cushman & Wakefield","","","","","Apr 25, 2024, 5:54 PM","MFH,Commercial","Marcos De Niza c/o Dunlap & MaGee","Marcos De Niza c/o Dunlap & MaGee","Brad","","-","-","-","-","-","-","-","-","-","-","-","-","-","-","-","-","-","-","-","-","-","-","-","-","-","-","-","-","-","-","-","-","-","-","-","-","-","-","-","-","-","-","-","-","-","-","-","-","-","-","-","-","-","-","-","-","-","-","-","-","-","-","-","-","-","-","-","-","-","-","-","-","-","-","-","-","-","-","-","-","Jul 23, 2026, 2:08 PM","Jul 23, 2026, 3:46 PM","01:37:24","-","Jul 24, 2026, 6:07 PM","Jul 24, 2026, 6:54 PM","00:46:51","-","Jul 24, 2026, 6:54 PM","Jul 24, 2026, 7:27 PM","00:33:25","-","Jul 24, 2026, 8:59 AM","Jul 24, 2026, 6:07 PM","09:08:24","-","-","-","-","-","-","-","-","-","Jul 24, 2026, 7:27 PM","Jul 27, 2026, 9:38 AM","62:10:36","-","Jul 27, 2026, 9:38 AM","-","-","35:40:54","-","-","-","-","-","-","-","-","-","-","-","-","-","-","-","-","-","-","-","-","-","-","-","-","-","-","-","-","-","-","-","-","-","-","-","-","-","-","-","-","-","-","-","-","-","-","-","-","-","-","-","-","-","-","-","-","-","-","-","-","-","-","-","-","-","-","-","-","-","-","-","-","-","-","-","-","-","-","-","-","-","-","-","-","-","-","-","-","-","-","-","-","-","-","-","-"
"27183","Heritage district","AIR Communities","Contact","susan.kucherer@aircommunities.com","(480) 217-6717","Active Water Leak :Plumbing","","Completed","Jul 25, 2026, 10:00 AM","Jul 25, 2026, 11:00 AM","07/25/2026","10:00:00","07/25/2026","11:00:00","Jul 23, 2026, 1:37 PM","2026","July 2026","Dominic Cruz","275 West Juniper Avenue, Gilbert, Arizona 85233","Gilbert","Arizona","85233","Main Location","Chuy Torres","MFH - HVAC","Sent","670","0","0","0","","77978","","","77978","MFH:MFH - HVAC","Unit 1023
AC leak, Rusted pan, they have it leaking into a bucket, not terrible and can wait until tomorrow.","## **Field Service Report: Condensate Leak & Drain Line Re-piping**

**Date:** July 25, 2026  
**Unit:** 1023
**Status:** Arrived on-site to address a condensate leak caused by an improperly pitched drain line. Cut access holes in the kitchen drywall, re-piped the line to ensure proper slope, and verified proper drainage.

### **Diagnostic Findings**
* **Initial Assessment:** Responded to a service call to investigate an active **condensate leak** at the indoor equipment.
* **System Evaluation:** Inspected the plumbing and found that the primary drain line inside the wall/ceiling was not pitched correctly. The lack of proper downward slope was causing the condensation to back up and leak.

### **Repairs Performed**
* **Plumbing Access:** Safely **cut two access holes in the kitchen drywall** to reach the concealed drain line.
* **Drain Re-piping:** Cut out the poorly sloped section of PVC. Installed **new couplers** and completely **re-piped the line**, straightening it out to ensure it now has the correct pitch for gravity drainage.

### **Final Status**
* **Verification:** Poured water into the system to thoroughly **water-test** the newly pitched line. Confirmed that the water is flowing freely through the new couplers and the system is **draining properly** with no backups.
* **Outcome:** **Restored operation; the leak is permanently resolved. Note: Property management/maintenance will need to schedule drywall patching and paint for the two access holes in the kitchen.**

---

**Status: Drain Line Re-pitched & Tested — Pending Drywall Repair**

---","","-","-","33:43:03","33.72","01:00:00","1","","0","","0","0","0","0","0","0","0","75","150","75","75","62.4","520","457.6","0","670","670","","","","","MFH - Plumbing","","Mike Weis","","","","","","Lowe's","Free","","Residential","Tier 1 - 8%","","","16169568","(480) 217-6717","susan.kucherer@aircommunities.com","","","Logen Uknavage","Referral","","","","","Apr 30, 2026, 4:10 PM","Coupa","Heritage district","Heritage district","","","-","-","-","-","-","-","-","-","-","-","-","-","-","-","-","-","-","-","-","-","-","-","-","-","-","-","-","-","-","-","-","-","-","-","-","-","-","-","-","-","-","-","-","-","-","-","-","-","-","-","-","-","-","-","-","-","-","-","-","-","-","-","-","-","-","-","-","-","-","-","-","-","-","-","-","-","-","-","-","-","Jul 23, 2026, 1:37 PM","Jul 25, 2026, 12:58 PM","47:20:29","-","-","-","-","-","Jul 25, 2026, 12:58 PM","Jul 26, 2026, 10:41 PM","33:43:02","-","-","-","-","-","-","-","-","-","-","-","-","-","Jul 26, 2026, 10:41 PM","Jul 27, 2026, 11:28 AM","12:47:21","-","Jul 27, 2026, 11:28 AM","-","-","33:50:49","-","-","-","-","-","-","-","-","-","-","-","-","-","-","-","-","-","-","-","-","-","-","-","-","-","-","-","-","-","-","-","-","-","-","-","-","-","-","-","-","-","-","-","-","-","-","-","-","-","-","-","-","-","-","-","-","-","-","-","-","-","-","-","-","-","-","-","-","-","-","-","-","-","-","-","-","-","-","-","-","-","-","-","-","-","-","-","-","-","-","-","-","-","-","-","-"
"27182","James Withers","","James Withers","jcw12343@gmail.com","(520) 979-0177","Service Call :Lowes Water Heaters","","Canceled","Jul 24, 2026, 1:00 PM","Jul 24, 2026, 3:00 PM","07/24/2026","13:00:00","07/24/2026","15:00:00","Jul 23, 2026, 1:33 PM","2026","July 2026","Travis Germain","6594 E Celsian Pl, Tucson, AZ 85750","Tucson","AZ","85750","Main Address","Mathew Hodges","Lowes","Estimate","0","850","0","0","","77808","77808","Lowes","","","Install New hard piped Recirculation Pump with manifold.

-What type of service?


-PA#?


**Collect in Field Pulse**","Came out to customers house, knocked on door and told him that I was here to replace the recirculating pump after we got down to the water heater. He denied me to replace the recirculating pump. The only thing I did was shut off the gas and remove a gas line that will be in my pictures as well. I reunited the water heater. I picked up the old water heater and all away.","Lowes","-","-","","0","02:00:00","2","01:01:55","1.02","","0","0","850","850","0","0","0","0","0","0","0","0","0","0","0","0","0","","","","","Lowes - Water Heaters","","","","","","","","Lowe's","Free","","Residential","Tier 1 - 8%","","","17608645","(520) 979-0177","jcw12343@gmail.com","","","Gina Neisius","IME","New Prospect","","ESTIMATE_APPOINTMENT | APPOINTMENT_SET","ESTIMATE_APPOINTMENT | APPOINTMENT_SET","Jul 22, 2026, 9:46 AM","Do Not Service","James Withers","","James","Withers","-","-","-","-","-","-","-","-","-","-","-","-","-","-","-","-","-","-","-","-","-","-","-","-","-","-","-","-","-","-","-","-","-","-","-","-","-","-","-","-","-","-","-","-","-","-","-","-","Jul 23, 2026, 1:33 PM","Jul 24, 2026, 2:37 PM","25:04:30","-","-","-","-","-","Jul 24, 2026, 2:37 PM","Jul 24, 2026, 3:39 PM","01:01:55","-","-","-","-","-","-","-","-","-","-","-","-","-","-","-","-","-","Jul 24, 2026, 3:39 PM","-","-","101:39:42","-","-","-","-","-","-","-","-","-","-","-","-","-","-","-","-","-","-","-","-","-","-","-","-","-","-","-","-","-","-","-","-","-","-","-","-","-","-","-","-","-","-","-","-","-","-","-","-","-","-","-","-","-","-","-","-","-","-","-","-","-","-","-","-","-","-","-","-","-","-","-","-","-","-","-","-","-","-","-","-","-","-","-","-","-","-","-","-","-","-","-","-","-","-","-","-","-","-","-","-","-","-","-","-","-","-","-","-","-","-","-","-","-","-","-","-","-","-","-","-","-","-","-","-","-","-","-","-"
"27181","ATI Restoration","","Contact","","(602) 503-1740","Fixture Issues :Plumbing","260022819 Room 358 Sink","Completed","Jul 23, 2026, 2:00 PM","Jul 23, 2026, 3:00 PM","07/23/2026","14:00:00","07/23/2026","15:00:00","Jul 23, 2026, 1:07 PM","2026","July 2026","Joey Reyes","6644 East Baywood Avenue, Mesa, Arizona 85206","Mesa","Arizona","85206","Banner Baywood","Hunter Howell","MFH - Plumbing","Sent","260","0","0","0","","77995","","","77995","AZ Service","Abraham has requested that we come back out to install the sink in room 358","Findings
Existing sink required reinstallation.
Includes
Reinstalled existing sink
Reconnected plumbing connections as needed
Leak tested
Tested for proper operation
Cleaned up
Excludes
Work beyond listed scope
Repairs to existing sink, faucet, or drain components unless noted
Water damage
Drywall, texture, and paint repairs","","-","-","00:56:11","0.93","01:00:00","1","","0","","0","0","0","0","0","0","0","0","0","0","0","31.2","260","228.8","0","260","260","","","","","PHX - Plumbing","","Abraham","","","","","","Lowe's","Free","","Residential","Tier 1 - 8%","","","15944328","","phxinvoices@atirestoration.com","","","Chris Marrs","Referral","","","","","Apr 21, 2026, 9:12 AM","Commercial,VIP","ATI Restoration","ATI Restoration","","","-","-","-","-","-","-","-","-","-","-","-","-","-","-","-","-","-","-","-","-","-","-","-","-","-","-","-","-","-","-","-","-","-","-","-","-","-","-","-","-","-","-","-","-","-","-","-","-","-","-","-","-","-","-","-","-","-","-","-","-","-","-","-","-","-","-","-","-","-","-","-","-","-","-","-","-","-","-","-","-","Jul 23, 2026, 1:07 PM","Jul 23, 2026, 1:07 PM","00:00:22","-","-","-","-","-","Jul 23, 2026, 1:07 PM","Jul 23, 2026, 2:03 PM","00:56:11","-","Jul 27, 2026, 9:16 AM","Jul 27, 2026, 9:16 AM","00:00:28","-","-","-","-","-","-","-","-","-","Jul 27, 2026, 9:16 AM","Jul 27, 2026, 9:25 AM","00:08:20","-","Jul 27, 2026, 9:25 AM","-","-","35:54:19","-","-","-","-","-","-","-","-","-","-","-","-","-","-","-","-","-","-","-","-","-","-","-","-","-","-","-","-","-","-","-","-","-","-","-","-","-","-","-","-","-","-","-","-","-","-","-","-","-","-","-","-","-","-","-","-","-","-","-","-","-","-","-","-","-","-","-","-","-","-","-","-","-","-","-","-","-","-","-","-","-","-","-","-","-","-","-","-","-","-","-","-","-","-","-","-"
"27180","ATI Restoration","","Jim Arnett","jim.arnett@atirestoration.com","602-412-6889","Fixture Issues :Plumbing","Toilet Leak","Pending Audit","Jul 24, 2026, 9:00 AM","Jul 24, 2026, 10:00 AM","07/24/2026","09:00:00","07/24/2026","10:00:00","Jul 23, 2026, 12:57 PM","2026","July 2026","Joey Reyes","14329 West Shaw Butte Drive, Surprise, Arizona 85379","Surprise","Arizona","85379","Joe Granados","Julian Guidry","MFH - Plumbing","","0","0","0","0","","","","","","","Per Chris, Jim requested us out to look at a leaking toilet.
Gate code is #9817","Water is actually leaking from the drain line down to the bottom floor through the ceiling. Jim did not realize the water was coming through the ceiling. He is going to have his guys removed drywall and then call us back.","","-","-","00:23:28","0.38","01:00:00","1","01:21:56","1.35","","0","0","0","0","0","0","0","0","0","0","0","0","0","0","0","0","0","","","","","PHX - Plumbing","","Jim","","","","","","Lowe's","Free","","Residential","Tier 1 - 8%","","","15944328","","phxinvoices@atirestoration.com","","","Chris Marrs","Referral","","","","","Apr 21, 2026, 9:12 AM","Commercial,VIP","ATI Restoration","ATI Restoration","","","-","-","-","-","-","-","-","-","-","-","-","-","-","-","-","-","-","-","-","-","-","-","-","-","-","-","-","-","-","-","-","-","-","-","-","-","-","-","-","-","-","-","-","-","-","-","-","-","-","-","-","-","-","-","-","-","-","-","-","-","-","-","-","-","-","-","-","-","-","-","-","-","-","-","-","-","-","-","-","-","Jul 23, 2026, 12:57 PM","Jul 24, 2026, 7:48 AM","18:50:20","-","Jul 24, 2026, 7:48 AM","Jul 24, 2026, 9:10 AM","01:21:56","-","Jul 24, 2026, 9:10 AM","Jul 24, 2026, 9:33 AM","00:23:29","-","-","-","-","-","Jul 28, 2026, 4:29 PM","Jul 28, 2026, 4:29 PM","00:00:04","-","-","-","-","-","Jul 28, 2026, 4:29 PM","-","-","04:50:00","Jul 27, 2026, 1:41 PM","Jul 28, 2026, 4:29 PM","26:47:35","-","-","-","-","-","-","-","-","-","-","-","-","-","-","-","-","-","-","-","-","-","-","-","-","-","-","-","-","-","-","-","-","-","-","-","-","-","-","-","-","-","-","-","-","-","-","-","-","-","-","-","-","-","-","-","-","-","-","-","-","-","-","-","-","-","-","-","-","-","-","-","-","-","-","-","-","-","-","-","-","-","-","-","-","-","-","-","-","-","-","-","-","-","-","-","-","-"
"27179","Westmount at the District","BH Management Services LLC","Contact","","480-960-8434","Active Water Leak :Plumbing","Unit 121 Water line repair","Completed","Jul 23, 2026, 3:00 PM","Jul 23, 2026, 5:00 PM","07/23/2026","15:00:00","07/23/2026","17:00:00","Jul 23, 2026, 12:48 PM","2026","July 2026","Joey Reyes","949 South Longmore, Mesa, Arizona 85202","Mesa","Arizona","85202","Main Location","Hunter Howell","MFH - Plumbing","Invoiced","325","0","325","0","","77996","","","77996","AZ Service:MFH","Unit 121
Sonny is installing a water heater and messed up a line. Will need us out to correct. Please call him when you arrive
POC Sonny","Findings
Found supply line leaking.
Includes
Turned water off to unit
Drained system
Removed leaking supply line
Installed customer-supplied supply line
Restored water
Leak tested
Cleaned up
Excludes
Warranty on customer-supplied parts
Work beyond listed scope
Water damage","","-","-","00:37:05","0.62","02:00:00","2","01:42:36","1.7","","0","0","0","0","0","0","0","51.42","125","73.58","51.42","24","200","176","0","325","325","","","","","MFH - Plumbing","","Sonny","","","","","","Lowe's","Free","","Residential","Tier 1 - 8%","","","17213548","(405) 520-2330","richard.atwood@livebh.com","","","Logen Uknavage","","New Prospect","","","","Jun 17, 2026, 4:45 PM","","Westmount at the District","Westmount at the District","Richard","Atwood","-","-","-","-","-","-","-","-","-","-","-","-","-","-","-","-","-","-","-","-","-","-","-","-","-","-","-","-","-","-","-","-","-","-","-","-","-","-","-","-","-","-","-","-","-","-","-","-","-","-","-","-","-","-","-","-","-","-","-","-","-","-","-","-","-","-","-","-","-","-","-","-","-","-","-","-","-","-","-","-","Jul 23, 2026, 12:48 PM","Jul 23, 2026, 2:03 PM","01:15:26","-","Jul 23, 2026, 2:03 PM","Jul 23, 2026, 3:46 PM","01:42:36","-","Jul 23, 2026, 3:46 PM","Jul 23, 2026, 4:23 PM","00:37:05","-","-","-","-","-","-","-","-","-","-","-","-","-","Jul 23, 2026, 4:23 PM","Jul 27, 2026, 9:28 AM","89:05:14","-","Jul 27, 2026, 9:28 AM","-","-","35:50:34","-","-","-","-","-","-","-","-","-","-","-","-","-","-","-","-","-","-","-","-","-","-","-","-","-","-","-","-","-","-","-","-","-","-","-","-","-","-","-","-","-","-","-","-","-","-","-","-","-","-","-","-","-","-","-","-","-","-","-","-","-","-","-","-","-","-","-","-","-","-","-","-","-","-","-","-","-","-","-","-","-","-","-","-","-","-","-","-","-","-","-","-","-","-","-","-"
"27177","CBRE - Main","","","","","Active Water Leak :Plumbing","Water heater leak","Pending Site Visits","Jul 24, 2026, 8:00 AM","Jul 24, 2026, 10:00 AM","07/24/2026","08:00:00","07/24/2026","10:00:00","Jul 23, 2026, 12:20 PM","2026","July 2026","Beatriz Garcia","7878 North 16th Street, Ste#130, Phoenix, Arizona 85020","Phoenix","Arizona","85020","7878 North 16th Street","Ian Gauvin","PHX - Plumbing","Estimate","0","6400","0","0","","77865","77865","AZ Service","","","Reason for call? Water heater leak, please go to west lobby Ste #130

Who will be present to meet the technician? John Ellis

- Where is the water leak? N/A

- How bad is it? Spraying? Dripping? Flowing? N/A

- Is water valve shut off? N/A

Is there anything else you would like technician to look at while they are there? N/A

How did you hear about NexLvl Services? existing","","Commercial","-","-","01:15:16","1.25","02:00:00","2","","0","","0","4000","5200","1200","244","1200","956","0","0","0","0","0","0","0","0","0","0","","","","","PHX - Plumbing","","John Ellis","","","","","","Lowe's","","","","","","","6788919","","","","","Kris Driggs","","","","","","May 3, 2024, 10:42 AM","VIP,Commercial","CBRE - Main","CBRE","","","-","-","-","-","-","-","-","-","-","-","-","-","-","-","-","-","-","-","-","-","-","-","-","-","-","-","-","-","-","-","-","-","-","-","-","-","-","-","-","-","-","-","-","-","-","-","-","-","-","-","-","-","-","-","-","-","-","-","-","-","-","-","-","-","-","-","-","-","-","-","-","-","-","-","-","-","-","-","-","-","Jul 23, 2026, 12:20 PM","Jul 24, 2026, 9:17 AM","20:56:11","-","-","-","-","-","Jul 24, 2026, 9:17 AM","Jul 24, 2026, 10:32 AM","01:15:16","-","Jul 27, 2026, 12:05 PM","-","-","33:14:08","-","-","-","-","-","-","-","-","Jul 24, 2026, 10:32 AM","Jul 24, 2026, 3:01 PM","04:29:23","-","Jul 24, 2026, 3:01 PM","Jul 27, 2026, 12:05 PM","69:03:24","-","-","-","-","-","-","-","-","-","-","-","-","-","-","-","-","-","-","-","-","-","-","-","-","-","-","-","-","-","-","-","-","-","-","-","-","-","-","-","-","-","-","-","-","-","-","-","-","-","-","-","-","-","-","-","-","-","-","-","-","-","-","-","-","-","-","-","-","-","-","-","-","-","-","-","-","-","-","-","-","-","-","-","-","-","-","-","-","-","-","-","-","-","-","-","-","-"
"27176","Carol  Mckown","","Carol Mckown","carolmckown25@gmail.com","(763) 300-7981","PLUMB - GENERAL (NO SOFTENERS)","Measure","Lowes Store","Jul 23, 2026, 1:17 PM","Jul 23, 2026, 2:17 PM","07/23/2026","13:17:43","07/23/2026","14:17:43","Jul 23, 2026, 12:14 PM","2026","July 2026","Jed Green","","","","","-","","","","0","0","0","0","","","","","","","","","","-","-","","0","01:00:00","1","","0","","0","0","0","0","0","0","0","0","0","0","0","0","0","0","0","0","0","","","","","","","","","","","","","Lowe's","Free","","Residential","Tier 1 - 8%","","","17415827","(763) 300-7981","carolmckown25@gmail.com","","","","IMS","","","","","Jul 2, 2026, 1:58 PM","Lowes - Simple Installs","Carol  Mckown","","Carol","Mckown","-","-","-","-","-","-","-","-","-","-","-","-","-","-","-","-","-","-","-","-","-","-","-","-","-","-","-","-","-","-","-","-","-","-","-","-","-","-","-","-","-","-","-","-","-","-","-","-","-","-","-","-","Jul 23, 2026, 12:14 PM","-","-","129:04:22","-","-","-","-","-","-","-","-","-","-","-","-","-","-","-","-","-","-","-","-","-","-","-","-","-","-","-","-","-","-","-","-","-","-","-","-","-","-","-","-","-","-","-","-","-","-","-","-","-","-","-","-","-","-","-","-","-","-","-","-","-","-","-","-","-","-","-","-","-","-","-","-","-","-","-","-","-","-","-","-","-","-","-","-","-","-","-","-","-","-","-","-","-","-","-","-","-","-","-","-","-","-","-","-","-","-","-","-","-","-","-","-","-","-","-","-","-","-","-","-","-","-","-","-","-","-","-","-","-","-","-","-","-","-","-","-","-","-","-","-","-","-","-","-","-","-","-","-","-","-","-","-"
"27175","Leslie Carr","","Leslie Carr","griepcarr@yahoo.com","(831) 970-2277","Recall :Lowes Water Heaters","","Completed","Jul 24, 2026, 12:00 PM","Jul 24, 2026, 1:00 PM","07/24/2026","12:00:00","07/24/2026","13:00:00","Jul 23, 2026, 12:06 PM","2026","July 2026","Brenton Heward","7412 E Princeton Ave, Scottsdale, AZ 85257","Scottsdale","AZ","85257","Main Address","Edward Lopez","Lowes","","0","0","0","0","","","","","","","-Recall reason: Customer is putting their home on the market and their broker is saying that the T&P line has a slight incline and won't pass inspection. If he was incorrect in his diagnosis then we are charging $185. Card is on file. Call for payment if the T&P is up to code.


-Original installer? Edward L.","Upon my arrival, I made my way to the backyard to obtain the key. Customer left behind. Customer was not on site but gave permission for me to gain access to the home. I inspected the line with a torpedo level and found it to be back pitched by approximately one full bubble. I trimmed the pipe coming down from the temperature and pressure relief line by approximately 1 inch and perform a dry fit to ensure that I had a elevation change that allowed drainage. Once I confirmed with the torpedo level that I had proper pitch I soldered on a new 90° Copper fitting to correct issue.","Lowes,Recall","-","-","00:23:58","0.38","01:00:00","1","00:24:34","0.4","","0","0","0","0","0","0","0","0","0","0","0","0","0","0","0","0","0","","","","","Lowes - Water Heaters","","","","","","","","Lowe's","Free","","Residential","Tier 1 - 8%","","","17117767","(831) 970-2277","griepcarr@yahoo.com","","","Amanda Ankeney","IME","1st Attempt","","ESTIMATE_APPOINTMENT | APPOINTMENT_SET","ESTIMATE_APPOINTMENT | APPOINTMENT_SET","Jun 10, 2026, 1:10 PM","","Leslie Carr","","Leslie","Carr","-","-","-","-","-","-","-","-","-","-","-","-","-","-","-","-","-","-","-","-","-","-","-","-","-","-","-","-","-","-","-","-","-","-","-","-","-","-","-","-","-","-","-","-","-","-","-","-","Jul 23, 2026, 12:06 PM","Jul 24, 2026, 1:17 PM","25:10:49","-","-","-","-","-","Jul 24, 2026, 1:17 PM","Jul 24, 2026, 1:41 PM","00:24:34","-","Jul 24, 2026, 1:41 PM","Jul 24, 2026, 2:05 PM","00:23:58","-","-","-","-","-","Jul 24, 2026, 2:05 PM","Jul 24, 2026, 3:22 PM","01:16:54","-","Jul 24, 2026, 3:22 PM","-","-","101:56:42","-","-","-","-","-","-","-","-","-","-","-","-","-","-","-","-","-","-","-","-","-","-","-","-","-","-","-","-","-","-","-","-","-","-","-","-","-","-","-","-","-","-","-","-","-","-","-","-","-","-","-","-","-","-","-","-","-","-","-","-","-","-","-","-","-","-","-","-","-","-","-","-","-","-","-","-","-","-","-","-","-","-","-","-","-","-","-","-","-","-","-","-","-","-","-","-","-","-","-","-","-","-","-","-","-","-","-","-","-","-","-","-","-","-","-","-","-","-","-","-","-","-","-","-","-","-","-","-","-","-","-","-"
"27174","Robert Stall","","Robert Stall","rstall@cox.net","(480) 231-4040","Service Call :Lowes Water Heaters","","Completed","Jul 24, 2026, 10:00 AM","Jul 24, 2026, 12:00 PM","07/24/2026","10:00:00","07/24/2026","12:00:00","Jul 23, 2026, 11:46 AM","2026","July 2026","Travis Germain","7420 E Onyx Court, Scottsdale, AZ 85258","Scottsdale","AZ","85258","Main Address","Edward Lopez","Lowes","Paid","795","795","0","795","","77800, 77897","77800","Lowes","77897","Lowes","New comfort system Recirc Pump Install
***MUST BE EDWARD***
Order #

Model Number #6265994

-collect payment in fieldpulse","I picked up Grundfos Comfort System from local Van Marcke supply house. On my arrival, I was led to the master bathroom sink that was the furthest fixture from the water heater. I attempted to shut off the angle stops and had a handle break off in my hand. I suggested to replace both angle stops. I shut off water to the home and removed angle stops, ferrules and nuts. I trimmed off the quarter inch of copper pipe to accommodate seating of new angle stops. New angle stops were tightened into place and I restored water service to the home to check for leaks and found no leaks. I connected hot water, recirculating manifold, and open valve to check for leaks and found no leaks. I installed recirculating pump on the hot water outlet to water heater and check for leaks and found no leaks at this time.","Lowes","-","-","01:18:44","1.3","02:00:00","2","00:10:43","0.17","","0","334","610","276","22.2","185","162.8","334","610","276","334","22.2","185","162.8","0","795","795","","","Garage","","Lowes - Water Heaters","","","","","","","","Lowe's","Free","","Residential","Tier 1 - 8%","","","17611616","(480) 231-4040","rstall@cox.net","","","Travis Germain","IME","1st Attempt","","ESTIMATE_APPOINTMENT | APPOINTMENT_SET","ESTIMATE_APPOINTMENT | APPOINTMENT_SET","Jul 22, 2026, 4:06 PM","","Robert Stall","","Robert","Stall","-","-","-","-","-","-","-","-","-","-","-","-","-","-","-","-","-","-","-","-","-","-","-","-","-","-","-","-","-","-","-","-","-","-","-","-","-","-","-","-","-","-","-","-","-","-","-","-","Jul 23, 2026, 11:46 AM","Jul 24, 2026, 11:22 AM","23:36:20","-","Jul 24, 2026, 11:22 AM","Jul 24, 2026, 11:46 AM","00:24:07","-","Jul 24, 2026, 11:46 AM","Jul 24, 2026, 11:57 AM","00:10:43","-","Jul 24, 2026, 11:57 AM","Jul 24, 2026, 1:16 PM","01:18:45","-","-","-","-","-","Jul 24, 2026, 1:16 PM","Jul 24, 2026, 1:56 PM","00:40:14","-","Jul 24, 2026, 1:56 PM","-","-","103:22:46","-","-","-","-","-","-","-","-","-","-","-","-","-","-","-","-","-","-","-","-","-","-","-","-","-","-","-","-","-","-","-","-","-","-","-","-","-","-","-","-","-","-","-","-","-","-","-","-","-","-","-","-","-","-","-","-","-","-","-","-","-","-","-","-","-","-","-","-","-","-","-","-","-","-","-","-","-","-","-","-","-","-","-","-","-","-","-","-","-","-","-","-","-","-","-","-","-","-","-","-","-","-","-","-","-","-","-","-","-","-","-","-","-","-","-","-","-","-","-","-","-","-","-","-","-","-","-","-","-","-","-","-"
"27173","Venue on Camelback","BH Management Services LLC","Andres Marquez","andres.marquez@livebh.com","(480) 340-2646","Active Water Leak :Plumbing","Unit 217 water leak","Completed","Jul 24, 2026, 9:00 AM","Jul 24, 2026, 11:00 AM","07/24/2026","09:00:00","07/24/2026","11:00:00","Jul 23, 2026, 11:44 AM","2026","July 2026","Joey Reyes","1930 East Camelback Road, Phoenix, Arizona 85016","Phoenix","Arizona","85016","Main Location","Adam George, Jordan Wise","PHX - Plumbing, MFH - Plumbing","Invoiced","2525","0","2525","0","","78033","","","78033","AZ Service:MFH","Unit 217
When they use the bathroom sink, it is dripping in to 117. Can't find anything themselves, possibly in the wall
POC Andreas","Leak on main bathroom stack: what appears to be a section of 4"" cast iron has split running through the slab between unit 117 and unit 217","","-","-","01:12:10","1.2","02:00:00","2","00:23:13","0.38","","0","0","0","0","0","0","0","300","525","225","300","240","2000","1760","0","2525","2525","","","","","MFH - Plumbing","","Andreas","","","","","","Lowe's","Free","","Residential","Tier 1 - 8%","","","12805541","(480) 340-2646","andres.marquez@livebh.com","","","Logen Uknavage","","","","","","Oct 16, 2025, 3:10 PM","Commercial,MFH,BH Mgmt","Venue on Camelback","Venue on Camelback","Andres","Marquez","-","-","-","-","-","-","-","-","-","-","-","-","-","-","-","-","-","-","-","-","-","-","-","-","-","-","-","-","-","-","-","-","-","-","-","-","-","-","-","-","-","-","-","-","-","-","-","-","-","-","-","-","-","-","-","-","-","-","-","-","-","-","-","-","-","-","-","-","-","-","-","-","-","-","-","-","-","-","-","-","Jul 23, 2026, 11:44 AM","Jul 24, 2026, 8:37 AM","20:52:27","-","Jul 24, 2026, 8:37 AM","Jul 24, 2026, 9:00 AM","00:23:13","-","Jul 24, 2026, 9:00 AM","Jul 24, 2026, 10:12 AM","01:12:10","-","Jul 24, 2026, 10:12 AM","Jul 27, 2026, 11:15 AM","73:02:36","-","-","-","-","-","-","-","-","-","-","-","-","-","Jul 27, 2026, 11:15 AM","-","-","34:03:56","-","-","-","-","-","-","-","-","-","-","-","-","-","-","-","-","-","-","-","-","-","-","-","-","-","-","-","-","-","-","-","-","-","-","-","-","-","-","-","-","-","-","-","-","-","-","-","-","-","-","-","-","-","-","-","-","-","-","-","-","-","-","-","-","-","-","-","-","-","-","-","-","-","-","-","-","-","-","-","-","-","-","-","-","-","-","-","-","-","-","-","-","-","-","-","-"
"27172","505 West","Harbor Group Management Co., LLC","Jesus Maintenance supervisor","jpelayo@harborgroupmanagement.com","480-577-2649","No Cool :HVAC","Unit 2122 no cool","Completed","Jul 23, 2026, 3:00 PM","Jul 23, 2026, 5:00 PM","07/23/2026","15:00:00","07/23/2026","17:00:00","Jul 23, 2026, 11:23 AM","2026","July 2026","Joey Reyes","505 West Baseline Road, Tempe, Arizona 85283","Tempe","Arizona","85283","Main Location","Chuy Torres, Riley Torres, Hector Aguirre","MFH - HVAC","Sent","1700","1700","0","0","","77840, 78007","77840","MFH:MFH - HVAC","78007","MFH:MFH - HVAC","Can't be on property after 6p. If we have to be, call Jesus to verify
Goodman condensers only for this property - R32 only
Unit 2022
Unitn isnot cooling 
Poc Jesus","---

## **Field Service Report: Compressor Failure & Warranty Replacement**

**Date:** July 23, 2026  
**Unit:** 2122  
**Status:** Arrived on-site, diagnosed a fatal electrical failure (grounded compressor), noted that the equipment appears to be under warranty, and initiated the scheduling process for replacement per the property's request.

### **Diagnostic Findings**
* **Initial Assessment:** Responded to a service call for a cooling issue and evaluated the outdoor HVAC equipment.
* **Component Failure:** Tested the compressor electrically and found that it is **grounded out** (shorted to ground). The internal motor windings have failed and made contact with the compressor shell, resulting in a dead short. 

### **Recommendations & Next Steps**
* **Replacement Required:** A grounded compressor is a catastrophic, unrepairable failure. The component is officially condemned.
* **Warranty Status:** Checked the equipment data plates and it **looks like the unit is still under warranty**.
* **Action Item:** The **property wants to schedule the replacement**. I am submitting these findings to the office to verify the exact warranty coverage, order the replacement compressor, and get the installation officially on the schedule.

---

**Status: Unit Condemned (Grounded Compressor) — Pending Warranty Replacement Scheduling**","","-","-","01:16:10","1.27","02:00:00","2","","0","","0","0","0","0","204","1700","1496","1176.73","0","-1176.73","0","204","1700","1496","0","1700","1700","","","","","MFH - HVAC","","","","","","","","Lowe's","Free","","Residential","Tier 1 - 8%","","","15570187","480-577-2649","jpelayo@harborgroupmanagement.com","","","Logen Uknavage","","","","","Can't be on property after 6p. If we have to be, call Jesus to verify
Goodman condensers only for this property - R32 ONLY","Apr 2, 2026, 10:44 AM","Harbor","505 West","505 West","Jesus","Maintenance supervisor","-","-","-","-","-","-","-","-","-","-","-","-","-","-","-","-","-","-","-","-","-","-","-","-","-","-","-","-","-","-","-","-","-","-","-","-","-","-","-","-","-","-","-","-","-","-","-","-","-","-","-","-","-","-","-","-","-","-","-","-","-","-","-","-","-","-","-","-","-","-","-","-","-","-","-","-","-","-","-","-","Jul 23, 2026, 11:23 AM","Jul 23, 2026, 3:25 PM","04:01:54","-","-","-","-","-","Jul 23, 2026, 3:25 PM","Jul 23, 2026, 4:41 PM","01:16:09","-","Jul 24, 2026, 9:14 AM","Jul 27, 2026, 9:51 AM","72:36:52","-","-","-","-","-","-","-","-","-","Jul 23, 2026, 4:41 PM","Jul 24, 2026, 9:14 AM","16:33:21","-","Jul 27, 2026, 9:51 AM","-","-","35:27:46","-","-","-","-","-","-","-","-","-","-","-","-","-","-","-","-","-","-","-","-","-","-","-","-","-","-","-","-","-","-","-","-","-","-","-","-","-","-","-","-","-","-","-","-","-","-","-","-","-","-","-","-","-","-","-","-","-","-","-","-","-","-","-","-","-","-","-","-","-","-","-","-","-","-","-","-","-","-","-","-","-","-","-","-","-","-","-","-","-","-","-","-","-","-","-","-"
"27170","The Heritage","BH Management Services LLC","Brian Nielsen","theheritage@livebh.com","(520) 250-3662","No Cool :HVAC","Unit 155 Condensate Drain pan replacement","Completed","Jul 24, 2026, 10:00 AM","Jul 24, 2026, 10:30 AM","07/24/2026","10:00:00","07/24/2026","10:30:00","Jul 23, 2026, 11:00 AM","2026","July 2026","Joey Reyes","1100 East Osborn Road, Phoenix, Arizona 85014","Phoenix","Arizona","85014","Main Location","Chuy Torres","MFH - HVAC","","0","0","0","0","","","","","","","Unit 155
Condensate drain pan replacement. Part is a First company 42VDX8-HP
POC Mike/Brian","","","-","-","","0","00:30:00","0.5","00:00:17","0","","0","0","0","0","0","0","0","0","0","0","0","0","0","0","0","0","0","","","","","MFH - HVAC","","Brian","","","","","","Lowe's","Free","","Residential","Tier 1 - 8%","","","12879207","(520) 250-3662","theheritage@livebh.com","","Brian.Nielsen@livebh.com","Logen Uknavage","Referral","","","","","Oct 22, 2025, 10:45 AM","BH Mgmt,MFH,Commercial","The Heritage","The Heritage","Brian","Nielsen","-","-","-","-","-","-","-","-","-","-","-","-","-","-","-","-","-","-","-","-","-","-","-","-","-","-","-","-","-","-","-","-","-","-","-","-","-","-","-","-","-","-","-","-","-","-","-","-","-","-","-","-","-","-","-","-","-","-","-","-","-","-","-","-","-","-","-","-","-","-","-","-","-","-","-","-","-","-","-","-","Jul 23, 2026, 12:23 PM","Jul 24, 2026, 8:00 AM","19:37:09","-","Jul 23, 2026, 12:23 PM","Jul 23, 2026, 12:23 PM","00:00:17","-","-","-","-","-","-","-","-","-","-","-","-","-","-","-","-","-","-","-","-","-","Jul 24, 2026, 8:00 AM","-","-","109:18:32","-","-","-","-","-","-","-","-","-","-","-","-","-","-","-","-","-","-","-","-","-","-","-","-","-","-","-","-","-","-","-","-","-","-","-","-","-","-","-","-","-","-","-","-","-","-","-","-","-","-","-","-","-","-","-","-","-","-","-","-","-","-","-","-","-","-","-","-","-","-","-","-","-","-","-","-","-","-","-","-","-","-","-","-","-","-","-","-","-","-","-","-","-","-","-","-"
"27169","Colter Park","Harbor Group Management Co., LLC","Feljie Swanson","fswanson@harborgroupmanagement.com","(480) 640-7388","Fan Coil - Leak","Unit 20 Fan Coil leak","Pending Site Visits","Jul 23, 2026, 1:00 PM","Jul 23, 2026, 2:00 PM","07/23/2026","13:00:00","07/23/2026","14:00:00","Jul 23, 2026, 10:56 AM","2026","July 2026","Joey Reyes","909 West Colter Street, Phoenix, Arizona 85013","Phoenix","Arizona","85013","Main Location","Julian Guidry","MFH - Plumbing","Sent","270","1798","0","0","","77871, 78082","77871","AZ Service:MFH","78082","AZ Service:MFH","Unit 20
Fan coil is leaking
POC Josh","There was exposed water lines that need wrapped, i wrapped those lines and sucked out drain pan, i then blew compressed air through the drain line for good measures, still observed leaking, looked on the bottom of the fan coil and it is completely dripping wet all throughout, unit has rusted through and is leaking, cannot fix will need to replace. 

4hbc RH","","-","-","","0","01:00:00","1","","0","","0","697","1038","341","91.2","760","668.8","0","-5","-5","0","33","275","242","0","270","270","","85887225","","","MFH - Plumbing","","Josh","","","","","","Lowe's","Free","","Residential","Tier 1 - 8%","","","15508690","(480) 640-7388","fswanson@harborgroupmanagement.com","","","Logen Uknavage","","","","","","Mar 30, 2026, 9:43 AM","Harbor","Colter Park","Colter Park","Feljie","Swanson","-","-","-","-","-","-","-","-","-","-","-","-","-","-","-","-","-","-","-","-","-","-","-","-","-","-","-","-","-","-","-","-","-","-","-","-","-","-","-","-","-","-","-","-","-","-","-","-","-","-","-","-","-","-","-","-","-","-","-","-","-","-","-","-","-","-","-","-","-","-","-","-","-","-","-","-","-","-","-","-","Jul 23, 2026, 10:56 AM","Jul 23, 2026, 12:17 PM","01:20:21","-","-","-","-","-","-","-","-","-","Jul 28, 2026, 12:29 PM","-","-","08:49:29","Jul 23, 2026, 12:17 PM","Jul 24, 2026, 11:04 AM","22:47:35","-","-","-","-","-","-","-","-","-","Jul 24, 2026, 11:04 AM","Jul 28, 2026, 12:29 PM","97:25:12","-","-","-","-","-","-","-","-","-","-","-","-","-","-","-","-","-","-","-","-","-","-","-","-","-","-","-","-","-","-","-","-","-","-","-","-","-","-","-","-","-","-","-","-","-","-","-","-","-","-","-","-","-","-","-","-","-","-","-","-","-","-","-","-","-","-","-","-","-","-","-","-","-","-","-","-","-","-","-","-","-","-","-","-","-","-","-","-","-","-","-","-","-","-","-","-","-"
"27168","Heritage district","AIR Communities","Mike Weis","michael.weis@aircommunities.com","480-217-6717","Hydro-jetting :Plumbing","Pool Pump Room - Floor Drain Jetting Estimate","Pending Audit","Jul 24, 2026, 12:00 PM","Jul 24, 2026, 3:00 PM","07/24/2026","12:00:00","07/24/2026","15:00:00","Jul 23, 2026, 10:55 AM","2026","July 2026","Joey Reyes","275 West Juniper Avenue, Gilbert, Arizona 85233","Gilbert","Arizona","85233","Main Location","Julian Guidry","MFH - Plumbing","Estimate","0","850","0","0","","77770","77770","AZ Service:MFH","","","Pool Pump Room
Jetting the 4 lines to clear sand
POC Mike","Good night get down the floor drains with the mini Jetter. Informed cheis and he said let them know we will return Monday.","","-","-","01:00:35","1","03:00:00","3","01:44:20","1.73","","0","25","55","30","95.4","795","699.6","0","0","0","0","0","0","0","0","0","0","","1406743","","","MFH - Plumbing","","Mike","","","","","","Lowe's","Free","","Residential","Tier 1 - 8%","","","16169568","(480) 217-6717","susan.kucherer@aircommunities.com","","","Logen Uknavage","Referral","","","","","Apr 30, 2026, 4:10 PM","Coupa","Heritage district","Heritage district","","","-","-","-","-","-","-","-","-","-","-","-","-","-","-","-","-","-","-","-","-","-","-","-","-","-","-","-","-","-","-","-","-","-","-","-","-","-","-","-","-","-","-","-","-","-","-","-","-","-","-","-","-","-","-","-","-","-","-","-","-","-","-","-","-","-","-","-","-","-","-","-","-","-","-","-","-","-","-","-","-","Jul 23, 2026, 10:55 AM","Jul 24, 2026, 12:03 PM","25:07:59","-","Jul 24, 2026, 12:03 PM","Jul 24, 2026, 1:47 PM","01:44:20","-","Jul 24, 2026, 1:47 PM","Jul 24, 2026, 2:48 PM","01:00:35","-","Jul 24, 2026, 3:02 PM","Jul 28, 2026, 2:31 PM","95:28:50","-","Jul 24, 2026, 2:48 PM","Jul 24, 2026, 3:02 PM","00:14:36","-","-","-","-","-","Jul 28, 2026, 2:31 PM","-","-","06:47:41","-","-","-","-","-","-","-","-","-","-","-","-","-","-","-","-","-","-","-","-","-","-","-","-","-","-","-","-","-","-","-","-","-","-","-","-","-","-","-","-","-","-","-","-","-","-","-","-","-","-","-","-","-","-","-","-","-","-","-","-","-","-","-","-","-","-","-","-","-","-","-","-","-","-","-","-","-","-","-","-","-","-","-","-","-","-","-","-","-","-","-","-","-","-","-","-","-","-","-","-"
"27166","Mark Larsen","","Mark Larsen","mark.larsen1982@gmail.com","708-421-9203","Fixture Issues :Plumbing","Flange leaking","Completed","Jul 23, 2026, 2:00 PM","Jul 23, 2026, 4:00 PM","07/23/2026","14:00:00","07/23/2026","16:00:00","Jul 23, 2026, 10:28 AM","2026","July 2026","Beatriz Garcia","1202 W HAZELWOOD ST, PHOENIX, AZ 85013","PHOENIX","AZ","85013","Main Address","Adam George","PHX - Plumbing","Paid","575","575","0","575","","77830, 77846","77830","-","77846","-","Exsisting angle stop is gate valve and has a slow leak when turned off. I suggested to customer they should have it replaced. Customer agreed to quote and invoice. Turned water off to house, removed old supply line, removed old toilet, cleaned area under old toilet. Exsisting toilet flange is cast iron and in VERY poor condition, and has multiple exsisting cracks, and broken pieces. I informed customer of the situation and customer will be waiting for a call from our residential division.

LOWES LEAD","","Resi,Lowes","-","-","01:46:10","1.77","02:00:00","2","00:20:59","0.33","","0","50","125","75","63","450","387","50","125","75","50","63","450","387","0","575","575","","","","","Resi Plumbing","","Mark Larsen","","","","","","Lowe's","Free","","Residential","Tier 1 - 8%","","","17521590","708-421-9203","mark.larsen1982@gmail.com","","","","IMS","","","PLUMB - ONLINE ONLY","PLUMB - ONLINE ONLY","Jul 16, 2026, 8:00 AM","Phoenix,Resi","Mark Larsen","","Mark","Larsen","-","-","-","-","-","-","-","-","-","-","-","-","-","-","-","-","-","-","-","-","-","-","-","-","-","-","-","-","-","-","-","-","-","-","-","-","-","-","-","-","-","-","-","-","-","-","-","-","-","-","-","-","-","-","-","-","-","-","-","-","-","-","-","-","-","-","-","-","-","-","-","-","-","-","-","-","-","-","-","-","Jul 23, 2026, 10:28 AM","Jul 23, 2026, 3:02 PM","04:33:47","-","Jul 23, 2026, 3:02 PM","Jul 23, 2026, 3:23 PM","00:20:59","-","Jul 23, 2026, 3:23 PM","Jul 23, 2026, 5:09 PM","01:46:10","-","-","-","-","-","-","-","-","-","-","-","-","-","Jul 23, 2026, 5:09 PM","Jul 24, 2026, 3:14 PM","22:05:07","-","Jul 24, 2026, 3:14 PM","-","-","102:04:36","-","-","-","-","-","-","-","-","-","-","-","-","-","-","-","-","-","-","-","-","-","-","-","-","-","-","-","-","-","-","-","-","-","-","-","-","-","-","-","-","-","-","-","-","-","-","-","-","-","-","-","-","-","-","-","-","-","-","-","-","-","-","-","-","-","-","-","-","-","-","-","-","-","-","-","-","-","-","-","-","-","-","-","-","-","-","-","-","-","-","-","-","-","-","-","-"
"27165","LeeAnn Kowalczyk","","LeeAnn Kowalczyk","twinny_lk@yahoo.com","(480) 221-7493","Pool Inspection","Prime Pump","Completed","Jul 23, 2026, 12:00 PM","Jul 23, 2026, 2:00 PM","07/23/2026","12:00:00","07/23/2026","14:00:00","Jul 23, 2026, 10:05 AM","2026","July 2026","Destinee Kastner","842 W Erie St Chandler, Arizona 85225","","Arizona","85225","LeeAnn Kowalczyk","Jasper Castaneda","Pools","Estimate","0","235","0","0","","77806","77806","AZ Service:Pools","","","Pump not priming after last cleaning visit.","","Resi","-","-","00:27:04","0.45","02:00:00","2","","0","","0","75","150","75","10.2","85","74.8","0","0","0","0","0","0","0","0","0","0","","","","","Pool Repair","","LeeAnn","","","","","","","","","","","","","6710249","(480) 221-7493","twinny_lk@yahoo.com","null","","","","","","","","Apr 23, 2024, 6:32 AM","","LeeAnn Kowalczyk","","LeeAnn","Kowalczyk","-","-","-","-","-","-","-","-","-","-","-","-","-","-","-","-","-","-","-","-","-","-","-","-","-","-","-","-","-","-","-","-","-","-","-","-","-","-","-","-","-","-","-","-","-","-","-","-","-","-","-","-","-","-","-","-","-","-","-","-","-","-","-","-","-","-","-","-","-","-","-","-","-","-","-","-","-","-","-","-","Jul 23, 2026, 10:05 AM","Jul 23, 2026, 12:54 PM","02:49:40","-","-","-","-","-","Jul 23, 2026, 12:54 PM","Jul 23, 2026, 1:21 PM","00:27:04","-","-","-","-","-","-","-","-","-","-","-","-","-","Jul 23, 2026, 1:21 PM","Jul 23, 2026, 2:56 PM","01:34:57","-","Jul 23, 2026, 2:56 PM","-","-","126:22:35","-","-","-","-","-","-","-","-","-","-","-","-","-","-","-","-","-","-","-","-","-","-","-","-","-","-","-","-","-","-","-","-","-","-","-","-","-","-","-","-","-","-","-","-","-","-","-","-","-","-","-","-","-","-","-","-","-","-","-","-","-","-","-","-","-","-","-","-","-","-","-","-","-","-","-","-","-","-","-","-","-","-","-","-","-","-","-","-","-","-","-","-","-","-","-","-"
"27164","Westmount at Urban Trails","BH Management Services LLC","Contact","","915-496-8522","Active Water Leak :Plumbing","Main Line Leak","Completed","Jul 23, 2026, 11:00 AM","Jul 23, 2026, 4:00 PM","07/23/2026","11:00:00","07/23/2026","16:00:00","Jul 23, 2026, 9:50 AM","2026","July 2026","Joey Reyes","1620 West Southern Avenue, Mesa, Arizona 85202","Mesa","Arizona","85202","Main Location","Ian Gauvin","PHX - Plumbing","Invoiced","2480","0","2480","0","","77849","","","77849","AZ Service:MFH","Main line leak
Saul called in because there is a water leak at the main and it is pouring in to the street. He turned off the main line
POC Saul","","","-","-","07:18:41","7.3","05:00:00","5","00:44:20","0.73","","0","0","0","0","0","0","0","200","400","200","200","249.6","2080","1830.4","0","2480","2480","","","","","MFH - Plumbing","","Saul","","","","","","Lowe's","Free","","Residential","Tier 1 - 8%","","","6991839","(505) 770-4644","lyndsay.robinson@livebh.com","","","Logen Uknavage","","New Prospect","","Greystar","","Jun 3, 2024, 3:06 PM","VendorCafe,BH Mgmt,MFH","Westmount at Urban Trails","Westmount at Urban Trails","Lyndsay","Robinson","-","-","-","-","-","-","-","-","-","-","-","-","-","-","-","-","-","-","-","-","-","-","-","-","-","-","-","-","-","-","-","-","-","-","-","-","-","-","-","-","-","-","-","-","-","-","-","-","-","-","-","-","-","-","-","-","-","-","-","-","-","-","-","-","-","-","-","-","-","-","-","-","-","-","-","-","-","-","-","-","Jul 23, 2026, 9:50 AM","Jul 23, 2026, 10:33 AM","00:42:46","-","Jul 23, 2026, 10:33 AM","Jul 23, 2026, 11:18 AM","00:44:20","-","Jul 23, 2026, 11:18 AM","Jul 23, 2026, 6:36 PM","07:18:41","-","-","-","-","-","-","-","-","-","-","-","-","-","Jul 23, 2026, 6:36 PM","Jul 26, 2026, 6:35 PM","71:58:44","-","Jul 26, 2026, 6:35 PM","-","-","50:43:52","-","-","-","-","-","-","-","-","-","-","-","-","-","-","-","-","-","-","-","-","-","-","-","-","-","-","-","-","-","-","-","-","-","-","-","-","-","-","-","-","-","-","-","-","-","-","-","-","-","-","-","-","-","-","-","-","-","-","-","-","-","-","-","-","-","-","-","-","-","-","-","-","-","-","-","-","-","-","-","-","-","-","-","-","-","-","-","-","-","-","-","-","-","-","-","-"
"27163","Tapestry on Central Condominium Association","FirstService Residential","Rajna Camacho","rajna.camacho@fsresidential.com","(602) 445-1110","Active Water Leak :Plumbing","Garage water leak","Completed","Jul 23, 2026, 1:00 PM","Jul 23, 2026, 3:00 PM","07/23/2026","13:00:00","07/23/2026","15:00:00","Jul 23, 2026, 9:36 AM","2026","July 2026","Joey Reyes","17 West Vernon Avenue, Phoenix, Arizona 85003","Phoenix","Arizona","85003","Main Location","Julian Guidry, Hunter Howell","MFH - Plumbing","Estimate","0","2970","0","0","","78049","78049","AZ Service:MFH","","","Garage 
Water leak around spaces 1290-1291. She will show us where they are. She is there till 4p
POC Rajna","Leak is coming through a section of the concrete roof in the parking garage, there are drain lines hanging right there but they are off the wall and clean so the leak is not coming from those lines, was able to get in that area upstairs via an access panel in the managers office and observed the area in which the pipes came through and there was no water or leaking, wants to reschedule fir monday to be able to look into it further along side the building engineer who had a family emergency Nd couldnt be on site today. Probably best for chris or hunter to come out as well. 

Checked in and out with office manager.","","-","-","00:05:03","0.08","02:00:00","2","00:13:08","0.22","","0","600","900","300","386.4","2070","1683.6","0","0","0","0","0","0","0","0","0","0","","","","","MFH - Plumbing","","","","","","","","Lowe's","Free","","Residential","Tier 1 - 8%","","","17048590","","","","","","","","","","","Jun 5, 2026, 12:35 PM","","Tapestry on Central Condominium Association","Tapestry on Central Condominium Association","","","-","-","-","-","-","-","-","-","-","-","-","-","-","-","-","-","-","-","-","-","-","-","-","-","-","-","-","-","-","-","-","-","-","-","-","-","-","-","-","-","-","-","-","-","-","-","-","-","-","-","-","-","-","-","-","-","-","-","-","-","-","-","-","-","-","-","-","-","-","-","-","-","-","-","-","-","-","-","-","-","Jul 23, 2026, 9:37 AM","Jul 23, 2026, 12:56 PM","03:19:31","-","Jul 23, 2026, 12:56 PM","Jul 23, 2026, 1:09 PM","00:13:08","-","Jul 23, 2026, 1:09 PM","Jul 23, 2026, 1:14 PM","00:05:03","-","Jul 23, 2026, 1:43 PM","Jul 27, 2026, 2:36 PM","96:53:23","-","Jul 23, 2026, 1:14 PM","Jul 23, 2026, 1:43 PM","00:28:18","-","-","-","-","-","Jul 27, 2026, 2:36 PM","Jul 27, 2026, 4:48 PM","02:12:17","-","Jul 27, 2026, 4:48 PM","-","-","28:30:41","-","-","-","-","-","-","-","-","-","-","-","-","-","-","-","-","-","-","-","-","-","-","-","-","-","-","-","-","-","-","-","-","-","-","-","-","-","-","-","-","-","-","-","-","-","-","-","-","-","-","-","-","-","-","-","-","-","-","-","-","-","-","-","-","-","-","-","-","-","-","-","-","-","-","-","-","-","-","-","-","-","-","-","-","-","-","-","-","-","-","-","-","-","-","-","-"
"27161","Argenta Apartments","29th Street Communities","Sean O'Brian","sean.obrien@29scliving.com","480-352-1864","Boiler","North Boiler Down","Completed","Jul 23, 2026, 1:00 PM","Jul 23, 2026, 3:00 PM","07/23/2026","13:00:00","07/23/2026","15:00:00","Jul 23, 2026, 9:32 AM","2026","July 2026","Joey Reyes","4104 East Broadway Road, Mesa, Arizona 85206","Mesa","Arizona","85206","Main Location","Hunter Howell","MFH - Plumbing","Sent","285","0","0","0","","77992","","","77992","AZ Service:MFH","North Boiler
Per Sean, the north boiler was reset. There was something about an airflow issue. Their troubleshooting hasn't resolved anything
POC Sean","Resealed, boiler and adjusted blower motor","","-","-","00:50:28","0.83","02:00:00","2","00:28:34","0.47","","0","0","0","0","0","0","0","0","5","5","0","33.6","280","246.4","0","285","285","","","","","MFH - Plumbing","","Sean","","","","","","Lowe's","Free","","Residential","Tier 1 - 8%","","","9808428","(925) 324-7595","diana.march@29scliving.com","","sean.obrien@29scliving.com","Logen Uknavage","Referral","Won","","","","Mar 21, 2025, 8:24 AM","","Argenta Apartments","Argenta Apartments","Diana","March","-","-","-","-","-","-","-","-","-","-","-","-","-","-","-","-","-","-","-","-","-","-","-","-","-","-","-","-","-","-","-","-","-","-","-","-","-","-","-","-","-","-","-","-","-","-","-","-","-","-","-","-","-","-","-","-","-","-","-","-","-","-","-","-","-","-","-","-","-","-","-","-","-","-","-","-","-","-","-","-","Jul 23, 2026, 9:32 AM","Jul 23, 2026, 11:38 AM","02:06:13","-","Jul 23, 2026, 11:38 AM","Jul 23, 2026, 12:07 PM","00:28:34","-","Jul 23, 2026, 12:07 PM","Jul 23, 2026, 12:57 PM","00:50:28","-","-","-","-","-","-","-","-","-","-","-","-","-","Jul 23, 2026, 12:57 PM","Jul 27, 2026, 9:15 AM","92:17:45","-","Jul 27, 2026, 9:15 AM","-","-","36:03:38","-","-","-","-","-","-","-","-","-","-","-","-","-","-","-","-","-","-","-","-","-","-","-","-","-","-","-","-","-","-","-","-","-","-","-","-","-","-","-","-","-","-","-","-","-","-","-","-","-","-","-","-","-","-","-","-","-","-","-","-","-","-","-","-","-","-","-","-","-","-","-","-","-","-","-","-","-","-","-","-","-","-","-","-","-","-","-","-","-","-","-","-","-","-","-","-"
"27159","Colter Park","Harbor Group Management Co., LLC","Josh Stocks","wjstocks@harborgroupmanagement.com","252-561-6834","Fan coil","Unit 163 - Estimate: Blower Motor Replacement","Completed","Jul 23, 2026, 10:00 AM","Jul 23, 2026, 12:00 PM","07/23/2026","10:00:00","07/23/2026","12:00:00","Jul 23, 2026, 9:20 AM","2026","July 2026","Joey Reyes","909 West Colter Street, Phoenix, Arizona 85013","Phoenix","Arizona","85013","Main Location","Benito Valdez","MFH - Plumbing","Sent","885","885","0","0","","77152, 77813","77152","AZ Service:MFH","77813","AZ Service:MFH","Unit 163
Fan coil blower motor replacement
POC Josh","Completed call as described, temp was 70° on arrival, 64° when Completed. Serial number R= 2009","","-","-","00:49:49","0.82","02:00:00","2","01:41:30","1.68","","0","460","745","285","16.8","140","123.2","460","745","285","460","16.8","140","123.2","0","885","885","","85825419","","","MFH - Plumbing","","Josh","","","","","","Lowe's","Free","","Residential","Tier 1 - 8%","","","15508690","(480) 640-7388","fswanson@harborgroupmanagement.com","","","Logen Uknavage","","","","","","Mar 30, 2026, 9:43 AM","Harbor","Colter Park","Colter Park","Feljie","Swanson","-","-","-","-","-","-","-","-","-","-","-","-","-","-","-","-","-","-","-","-","-","-","-","-","-","-","-","-","-","-","-","-","-","-","-","-","-","-","-","-","-","-","-","-","-","-","-","-","-","-","-","-","-","-","-","-","-","-","-","-","-","-","-","-","-","-","-","-","-","-","-","-","-","-","-","-","-","-","-","-","Jul 23, 2026, 9:20 AM","Jul 23, 2026, 10:30 AM","01:09:30","-","Jul 23, 2026, 10:30 AM","Jul 23, 2026, 12:11 PM","01:41:29","-","Jul 23, 2026, 12:11 PM","Jul 23, 2026, 1:01 PM","00:49:49","-","-","-","-","-","-","-","-","-","-","-","-","-","Jul 23, 2026, 1:01 PM","Jul 24, 2026, 5:23 PM","28:22:31","-","Jul 24, 2026, 5:23 PM","-","-","99:55:22","-","-","-","-","-","-","-","-","-","-","-","-","-","-","-","-","-","-","-","-","-","-","-","-","-","-","-","-","-","-","-","-","-","-","-","-","-","-","-","-","-","-","-","-","-","-","-","-","-","-","-","-","-","-","-","-","-","-","-","-","-","-","-","-","-","-","-","-","-","-","-","-","-","-","-","-","-","-","-","-","-","-","-","-","-","-","-","-","-","-","-","-","-","-","-","-"
"27158","Murthy Konan","","Murthy Konan","mkonan@cox.net","(480) 213-7718","Pool Inspection","Motor Down","Pending Site Visits","Jul 24, 2026, 11:00 AM","Jul 24, 2026, 1:00 PM","07/24/2026","11:00:00","07/24/2026","13:00:00","Jul 23, 2026, 9:14 AM","2026","July 2026","Destinee Kastner","1083 West Thompson Way, Chandler, Arizona 85286","Chandler","Arizona","85286","Main Location","Ian Campbell","Pools","Estimate","0","695","0","0","","77894","77894","AZ Service:Pools","","","Motor down would like quote for a cheap replacement option 

Quoted $79 service fee","","Resi","-","-","00:18:04","0.3","02:00:00","2","00:49:31","0.82","","0","300","525","225","20.4","170","149.6","0","0","0","0","0","0","0","0","0","0","","","","","Pool Repair","","Morhty","","","","","","Lowe's","Free","","Residential","Tier 1 - 8%","","","17615802","(480) 213-7718","mkonan@cox.net","","","","Google Search","","","","","Jul 23, 2026, 9:13 AM","Pools,Resi","Murthy Konan","","Murthy","Konan","-","-","-","-","-","-","-","-","-","-","-","-","-","-","-","-","-","-","-","-","-","-","-","-","-","-","-","-","-","-","-","-","-","-","-","-","-","-","-","-","-","-","-","-","-","-","-","-","-","-","-","-","-","-","-","-","-","-","-","-","-","-","-","-","-","-","-","-","-","-","-","-","-","-","-","-","-","-","-","-","Jul 23, 2026, 9:14 AM","Jul 24, 2026, 11:35 AM","26:20:57","-","Jul 24, 2026, 11:35 AM","Jul 24, 2026, 12:25 PM","00:49:30","-","Jul 24, 2026, 12:25 PM","Jul 24, 2026, 12:43 PM","00:18:04","-","Jul 27, 2026, 4:45 PM","-","-","28:34:05","-","-","-","-","-","-","-","-","Jul 24, 2026, 12:43 PM","Jul 24, 2026, 1:11 PM","00:28:33","-","-","-","-","-","Jul 24, 2026, 2:36 PM","Jul 27, 2026, 4:45 PM","74:09:13","-","-","-","-","-","-","-","-","-","-","-","-","-","-","-","-","-","-","-","-","-","-","-","-","-","-","-","-","-","-","-","-","-","-","-","-","-","-","-","-","-","-","-","-","-","-","-","-","-","-","-","-","-","-","-","-","-","-","-","-","-","-","-","-","-","-","-","-","-","-","-","-","-","-","-","-","-","-","-","-","-","-","-","-","-","-","-","-","-","-","-","-","-"
"27157","Chris McWhorter","","Chris McWhorter","cmcwhorter1334@gmail.com","(480) 930-0052","Water Heater Install :Lowes Water Heaters","","Completed","Jul 23, 2026, 10:00 AM","Jul 23, 2026, 12:00 PM","07/23/2026","10:00:00","07/23/2026","12:00:00","Jul 23, 2026, 8:43 AM","2026","July 2026","Travis Germain","8148 W Wood Ln, Phoenix, AZ 85043","Phoenix","AZ","85043","Main Address","Matt Schlosser","Lowes","Invoiced","1550.4","1824","1550.4","0","","77810, 77694","77694","Lowes","77810","Lowes","WH962538
9Year Warranty
10-2pm

Order #300902204264760965

Lowes Store Address: 1620 NORTH 75TH AVENUE, Phoenix, AZ, 85035

Notes and Details (Addon bundles, other details):","Scope of Work Performed**

* Removed two existing supply lines
* Removed one existing shut off valve 
* Disconnected the ventilation and gas line
* Cut the T&P line
* Drained water heater and removed unit from the house

**Installation & Reconnection**

* Installed two new water supply lines
* Installed one new shut off valve 
* Installed 22-inch drain pan
* Re-ran T&P discharge line into the wall outlet
* Connected ventilation and gas line
* Filled water heater

**Testing & Closeout**

* Checked system for proper operation
* Registered the new water heater
* All documentation signed and payment collected","Lowes,Pick up from Lowes","-","-","01:58:27","1.97","02:00:00","2","00:35:07","0.58","","0","688","936","248","240","888","648","688","936","248","688","240","614.4","374.4","0","1550.4","1550.4","","41432601","Garage","","Lowes - Water Heaters","","","","","","","","Lowe's","Free","","Residential","Tier 1 - 8%","","","17605796","(480) 930-0052","cmcwhorter1334@gmail.com","","","Travis Germain","IME","1st Attempt","","ESTIMATE_APPOINTMENT | APPOINTMENT_SET","ESTIMATE_APPOINTMENT | APPOINTMENT_SET","Jul 21, 2026, 7:19 PM","","Chris McWhorter","","Chris","McWhorter","-","-","-","-","-","-","-","-","-","-","-","-","-","-","-","-","-","-","-","-","-","-","-","-","-","-","-","-","-","-","-","-","-","-","-","-","-","-","-","-","-","-","-","-","-","-","-","-","Jul 23, 2026, 8:43 AM","Jul 23, 2026, 10:39 AM","01:55:56","-","Jul 23, 2026, 10:39 AM","Jul 23, 2026, 11:03 AM","00:24:35","-","Jul 23, 2026, 11:03 AM","Jul 23, 2026, 11:38 AM","00:35:07","-","Jul 23, 2026, 11:38 AM","Jul 23, 2026, 1:37 PM","01:58:28","-","-","-","-","-","Jul 23, 2026, 1:37 PM","Jul 23, 2026, 1:49 PM","00:11:50","-","Jul 23, 2026, 1:49 PM","-","-","127:30:09","-","-","-","-","-","-","-","-","-","-","-","-","-","-","-","-","-","-","-","-","-","-","-","-","-","-","-","-","-","-","-","-","-","-","-","-","-","-","-","-","-","-","-","-","-","-","-","-","-","-","-","-","-","-","-","-","-","-","-","-","-","-","-","-","-","-","-","-","-","-","-","-","-","-","-","-","-","-","-","-","-","-","-","-","-","-","-","-","-","-","-","-","-","-","-","-","-","-","-","-","-","-","-","-","-","-","-","-","-","-","-","-","-","-","-","-","-","-","-","-","-","-","-","-","-","-","-","-","-","-","-","-"
"27156","Debra Zimmerman","","Debra Zimmerman","debrashawnz@gmail.com","480-326-2414","Toilet :Lowes Simple Installs","","Completed","Jul 23, 2026, 3:00 PM","Jul 23, 2026, 4:00 PM","07/23/2026","15:00:00","07/23/2026","16:00:00","Jul 23, 2026, 8:36 AM","2026","July 2026","Brenton Heward","1265 N Racine Ct, Gilbert, AZ 85234","Gilbert","AZ","85234","Main Address","Bryan Pickett","Lowes","Paid","50","0","0","50","","77837","","","77837","Lowes:Simple Installs","First toilet that was installed is leaking at the base.

Trip Fee: PR32472275","Toilet leaking from tank bolt. Removed tank and checked for debris, reconnected tank and tested by flushing several times while checking for leaks. No visible water, customer tested and customer satisfied.","Lowes,Warranty","-","-","00:46:57","0.77","01:00:00","1","01:03:36","1.05","01:50:31","1.83","0","0","0","0","0","0","0","0","0","0","5","50","45","0","50","50","","","","","Lowes - Simple Installs","","","","","","","","","","","","","","","17465584","480-326-2414","debrashawnz@gmail.com","null","","","IMS","","","PLUMB - GENERAL (NO SOFTENERS)","PLUMB - GENERAL (NO SOFTENERS)","Jul 10, 2026, 8:02 AM","","Debra Zimmerman","","Debra","Zimmerman","-","-","-","-","-","-","-","-","-","-","-","-","-","-","-","-","-","-","-","-","-","-","-","-","-","-","-","-","-","-","-","-","-","-","-","-","-","-","-","-","-","-","-","-","-","-","-","-","-","-","-","-","-","-","-","-","-","-","-","-","-","-","-","-","-","-","-","-","-","-","-","-","-","-","-","-","-","-","-","-","Jul 23, 2026, 8:36 AM","Jul 23, 2026, 12:51 PM","04:14:51","-","Jul 23, 2026, 12:51 PM","Jul 23, 2026, 1:54 PM","01:03:36","-","Jul 23, 2026, 1:54 PM","Jul 23, 2026, 2:41 PM","00:46:54","-","-","-","-","-","-","-","-","-","-","-","-","-","Jul 23, 2026, 2:41 PM","Jul 23, 2026, 4:15 PM","01:33:31","-","Jul 23, 2026, 4:15 PM","-","-","125:04:01","-","-","-","-","-","-","-","-","-","-","-","-","-","-","-","-","-","-","-","-","-","-","-","-","-","-","-","-","-","-","-","-","-","-","-","-","-","-","-","-","-","-","-","-","-","-","-","-","-","-","-","-","-","-","-","-","-","-","-","-","-","-","-","-","-","-","-","-","-","-","-","-","-","-","-","-","-","-","-","-","-","-","-","-","-","-","-","-","-","-","-","-","-","-","-","-"
"27155","Colter Park","Harbor Group Management Co., LLC","Josh Stocks","wjstocks@harborgroupmanagement.com","252-561-6834","Active Water Leak :Plumbing","Unit 367 Water Leak","Needs to be Rescheduled","Jul 23, 2026, 12:00 PM","Jul 23, 2026, 1:00 PM","07/23/2026","12:00:00","07/23/2026","13:00:00","Jul 23, 2026, 8:21 AM","2026","July 2026","Joey Reyes","909 West Colter Street, Phoenix, Arizona 85013","Phoenix","Arizona","85013","Main Location","Julian Guidry","MFH - Plumbing","","0","0","0","0","","","","","","","Unit 367
Josh called about a water leak near the baseboard, coming up from the tile underneath
POC Josh","Tenant not home no answer when I knocked and there is a loose dog in the unit. Will need to reschedule or have tenant put dog away before they leave.","","-","-","","0","01:00:00","1","","0","","0","0","0","0","0","0","0","0","0","0","0","0","0","0","0","0","0","","","","","MFH - Plumbing","","Josh","","","","","","Lowe's","Free","","Residential","Tier 1 - 8%","","","15508690","(480) 640-7388","fswanson@harborgroupmanagement.com","","","Logen Uknavage","","","","","","Mar 30, 2026, 9:43 AM","Harbor","Colter Park","Colter Park","Feljie","Swanson","-","-","-","-","-","-","-","-","-","-","-","-","-","-","-","-","-","-","-","-","-","-","-","-","-","-","-","-","-","-","-","-","-","-","-","-","-","-","-","-","-","-","-","-","-","-","-","-","-","-","-","-","-","-","-","-","-","-","-","-","-","-","-","-","-","-","-","-","-","-","-","-","-","-","-","-","-","-","-","-","Jul 23, 2026, 8:21 AM","Jul 23, 2026, 11:38 AM","03:16:53","-","-","-","-","-","-","-","-","-","-","-","-","-","Jul 23, 2026, 11:38 AM","-","-","129:41:10","-","-","-","-","-","-","-","-","-","-","-","-","-","-","-","-","-","-","-","-","-","-","-","-","-","-","-","-","-","-","-","-","-","-","-","-","-","-","-","-","-","-","-","-","-","-","-","-","-","-","-","-","-","-","-","-","-","-","-","-","-","-","-","-","-","-","-","-","-","-","-","-","-","-","-","-","-","-","-","-","-","-","-","-","-","-","-","-","-","-","-","-","-","-","-","-","-","-","-","-","-","-","-","-","-","-","-","-"
"27154","Colter Park","Harbor Group Management Co., LLC","Josh Stocks","wjstocks@harborgroupmanagement.com","252-561-6834","Active Water Leak :Plumbing","Unit 125 Water leak","Completed","Jul 23, 2026, 1:00 PM","Jul 23, 2026, 2:00 PM","07/23/2026","13:00:00","07/23/2026","14:00:00","Jul 23, 2026, 8:19 AM","2026","July 2026","Joey Reyes","909 West Colter Street, Phoenix, Arizona 85013","Phoenix","Arizona","85013","Main Location","Benito Valdez","MFH - Plumbing","","0","0","0","0","","","","","","","Unit 125
Josh called in about a water leak in the baseboard by the toilet. Thinks it is a supply line issue
POC Josh","Minor child in unit, he stated his father told him nothing about it,need to reschedule","","-","-","00:13:55","0.22","01:00:00","1","","0","","0","0","0","0","0","0","0","0","0","0","0","0","0","0","0","0","0","","","","","MFH - Plumbing","","Josh","","","","","","Lowe's","Free","","Residential","Tier 1 - 8%","","","15508690","(480) 640-7388","fswanson@harborgroupmanagement.com","","","Logen Uknavage","","","","","","Mar 30, 2026, 9:43 AM","Harbor","Colter Park","Colter Park","Feljie","Swanson","-","-","-","-","-","-","-","-","-","-","-","-","-","-","-","-","-","-","-","-","-","-","-","-","-","-","-","-","-","-","-","-","-","-","-","-","-","-","-","-","-","-","-","-","-","-","-","-","-","-","-","-","-","-","-","-","-","-","-","-","-","-","-","-","-","-","-","-","-","-","-","-","-","-","-","-","-","-","-","-","Jul 23, 2026, 8:19 AM","Jul 23, 2026, 2:41 PM","06:22:22","-","-","-","-","-","Jul 23, 2026, 2:41 PM","Jul 23, 2026, 2:55 PM","00:13:55","-","Jul 23, 2026, 3:29 PM","Jul 27, 2026, 10:51 AM","91:21:54","-","-","-","-","-","-","-","-","-","Jul 23, 2026, 2:55 PM","Jul 23, 2026, 3:29 PM","00:33:46","-","Jul 27, 2026, 10:51 AM","-","-","34:27:50","-","-","-","-","-","-","-","-","-","-","-","-","-","-","-","-","-","-","-","-","-","-","-","-","-","-","-","-","-","-","-","-","-","-","-","-","-","-","-","-","-","-","-","-","-","-","-","-","-","-","-","-","-","-","-","-","-","-","-","-","-","-","-","-","-","-","-","-","-","-","-","-","-","-","-","-","-","-","-","-","-","-","-","-","-","-","-","-","-","-","-","-","-","-","-","-"
"27153","Jason Soule","","Jason Soule","jason.soule55@gmail.com","(602) 418-4734","Fixture Issues :Plumbing","Sink Install","Completed","Jul 24, 2026, 10:00 AM","Jul 24, 2026, 12:00 PM","07/24/2026","10:00:00","07/24/2026","12:00:00","Jul 23, 2026, 8:16 AM","2026","July 2026","Destinee Kastner","7156 West Irma Lane, Glendale, Arizona 85308","Glendale","Arizona","85308","Main Location","Ian Gauvin, Luis Ortiz","PHX - Plumbing, Swiss Army Knife","Paid","700","702.5","0","700","","77854, 77908","77854","-","77908","-","Reason for call? has a sink onsite would like it installed 

Who will be present to meet the technician?  Jason

Is there anything else you would like technician to look at while they are there? no

How did you hear about NexLvl Services? ATI referral","","Resi","-","-","02:33:48","2.55","02:00:00","2","02:32:02","2.53","","0","50","125","75","105","577.5","472.5","50","125","75","50","105","575","470","0","700","700","","","","","PHX - Plumbing","","Jason","","","","","","Lowe's","Free","","Residential","Tier 1 - 8%","","","17615261","(602) 418-4734","jason.soule55@gmail.com","","","","Referral","","","","","Jul 23, 2026, 8:14 AM","Resi","Jason Soule","","Jason","Soule","-","-","-","-","-","-","-","-","-","-","-","-","-","-","-","-","-","-","-","-","-","-","-","-","-","-","-","-","-","-","-","-","-","-","-","-","-","-","-","-","-","-","-","-","-","-","-","-","-","-","-","-","-","-","-","-","-","-","-","-","-","-","-","-","-","-","-","-","-","-","-","-","-","-","-","-","-","-","-","-","Jul 24, 2026, 9:19 AM","Jul 24, 2026, 10:33 AM","01:14:26","-","Jul 24, 2026, 10:33 AM","Jul 24, 2026, 12:35 PM","02:01:43","-","Jul 24, 2026, 12:35 PM","Jul 24, 2026, 2:11 PM","01:35:56","-","-","-","-","-","-","-","-","-","-","-","-","-","Jul 24, 2026, 2:11 PM","Jul 24, 2026, 3:01 PM","00:50:25","-","Jul 24, 2026, 3:01 PM","-","-","102:17:41","-","-","-","-","-","-","-","-","-","-","-","-","-","-","-","-","-","-","-","-","-","-","-","-","-","-","-","-","-","-","-","-","-","-","-","-","-","-","-","-","-","-","-","-","-","-","-","-","-","-","-","-","-","-","-","-","-","-","-","-","-","-","-","-","-","-","-","-","-","-","-","-","-","-","-","-","-","-","-","-","-","-","-","-","-","-","-","-","-","-","-","-","-","-","-","-"
"27152","Colter Park","Harbor Group Management Co., LLC","Feljie Swanson","fswanson@harborgroupmanagement.com","(480) 640-7388","Fan Coil","346 Fan Coil","Completed","Jul 23, 2026, 2:00 PM","Jul 23, 2026, 3:00 PM","07/23/2026","14:00:00","07/23/2026","15:00:00","Jul 23, 2026, 8:14 AM","2026","July 2026","Joey Reyes","909 West Colter Street, Phoenix, Arizona 85013","Phoenix","Arizona","85013","Main Location","Benito Valdez","MFH - Plumbing","Sent","270","0","0","0","","77942","","","77942","AZ Service:MFH","Unit 346
Per Chris this unit is having an issue with the fan coil
POC Josh","Condensate pan was overflowing, i cleared the blockage from under the sink  wiped up what i could in the ceiling and told the tennant he may see a residual drop or so until it dries","","-","-","00:24:00","0.4","01:00:00","1","","0","","0","0","0","0","0","0","0","0","-5","-5","0","33","275","242","0","270","270","","85889794","","","MFH - Plumbing","","","","","","","","Lowe's","Free","","Residential","Tier 1 - 8%","","","15508690","(480) 640-7388","fswanson@harborgroupmanagement.com","","","Logen Uknavage","","","","","","Mar 30, 2026, 9:43 AM","Harbor","Colter Park","Colter Park","Feljie","Swanson","-","-","-","-","-","-","-","-","-","-","-","-","-","-","-","-","-","-","-","-","-","-","-","-","-","-","-","-","-","-","-","-","-","-","-","-","-","-","-","-","-","-","-","-","-","-","-","-","-","-","-","-","-","-","-","-","-","-","-","-","-","-","-","-","-","-","-","-","-","-","-","-","-","-","-","-","-","-","-","-","Jul 23, 2026, 8:14 AM","Jul 23, 2026, 2:57 PM","06:42:41","-","-","-","-","-","Jul 23, 2026, 2:57 PM","Jul 23, 2026, 3:21 PM","00:24:01","-","-","-","-","-","-","-","-","-","-","-","-","-","Jul 23, 2026, 3:21 PM","Jul 24, 2026, 5:29 PM","26:07:47","-","Jul 24, 2026, 5:29 PM","-","-","99:50:10","-","-","-","-","-","-","-","-","-","-","-","-","-","-","-","-","-","-","-","-","-","-","-","-","-","-","-","-","-","-","-","-","-","-","-","-","-","-","-","-","-","-","-","-","-","-","-","-","-","-","-","-","-","-","-","-","-","-","-","-","-","-","-","-","-","-","-","-","-","-","-","-","-","-","-","-","-","-","-","-","-","-","-","-","-","-","-","-","-","-","-","-","-","-","-","-"
"27151","Colter Park","Harbor Group Management Co., LLC","Feljie Swanson","fswanson@harborgroupmanagement.com","(480) 640-7388","Fan Coil","174 Fan Coil","Completed","Jul 23, 2026, 12:00 PM","Jul 23, 2026, 1:00 PM","07/23/2026","12:00:00","07/23/2026","13:00:00","Jul 23, 2026, 8:13 AM","2026","July 2026","Joey Reyes","909 West Colter Street, Phoenix, Arizona 85013","Phoenix","Arizona","85013","Main Location","Benito Valdez","MFH - Plumbing","Sent","89","0","0","0","","77985","","","77985","AZ Service:MFH","Unit 174
Per Chris this unit is having an issue with the fan coil
POC Josh","Upon entry fan coil was off, and tennant stated he keeps if off because he is worried about his electricity bill,but his concerns are its hot in the unit (SMH),i explained to him the way a chiller system works and to leave it on all the time","","-","-","00:16:55","0.27","01:00:00","1","","0","","0","0","0","0","0","0","0","0","0","0","0","10.68","89","78.32","0","89","89","","","","","MFH - Plumbing","","","","","","","","Lowe's","Free","","Residential","Tier 1 - 8%","","","15508690","(480) 640-7388","fswanson@harborgroupmanagement.com","","","Logen Uknavage","","","","","","Mar 30, 2026, 9:43 AM","Harbor","Colter Park","Colter Park","Feljie","Swanson","-","-","-","-","-","-","-","-","-","-","-","-","-","-","-","-","-","-","-","-","-","-","-","-","-","-","-","-","-","-","-","-","-","-","-","-","-","-","-","-","-","-","-","-","-","-","-","-","-","-","-","-","-","-","-","-","-","-","-","-","-","-","-","-","-","-","-","-","-","-","-","-","-","-","-","-","-","-","-","-","Jul 23, 2026, 8:13 AM","Jul 23, 2026, 1:56 PM","05:42:57","-","-","-","-","-","Jul 23, 2026, 1:56 PM","Jul 23, 2026, 2:13 PM","00:16:55","-","-","-","-","-","-","-","-","-","-","-","-","-","Jul 23, 2026, 2:13 PM","Jul 27, 2026, 8:46 AM","90:32:43","-","Jul 27, 2026, 8:46 AM","-","-","36:32:47","-","-","-","-","-","-","-","-","-","-","-","-","-","-","-","-","-","-","-","-","-","-","-","-","-","-","-","-","-","-","-","-","-","-","-","-","-","-","-","-","-","-","-","-","-","-","-","-","-","-","-","-","-","-","-","-","-","-","-","-","-","-","-","-","-","-","-","-","-","-","-","-","-","-","-","-","-","-","-","-","-","-","-","-","-","-","-","-","-","-","-","-","-","-","-","-"
"27150","Colter Park","Harbor Group Management Co., LLC","Feljie Swanson","fswanson@harborgroupmanagement.com","(480) 640-7388","Fan Coil","177 Fan Coil","Completed","Jul 23, 2026, 1:00 PM","Jul 23, 2026, 2:00 PM","07/23/2026","13:00:00","07/23/2026","14:00:00","Jul 23, 2026, 8:13 AM","2026","July 2026","Joey Reyes","909 West Colter Street, Phoenix, Arizona 85013","Phoenix","Arizona","85013","Main Location","Benito Valdez","MFH - Plumbing","Invoiced","89","0","89","0","","77986","","","77986","AZ Service:MFH","Unit 177
Per Chris this unit is having an issue with the fan coil
POC Josh","System is good for a chiller property, no visual issue upon inspection","","-","-","00:15:23","0.25","01:00:00","1","","0","","0","0","0","0","0","0","0","0","0","0","0","10.68","89","78.32","0","89","89","","","","","MFH - Plumbing","","","","","","","","Lowe's","Free","","Residential","Tier 1 - 8%","","","15508690","(480) 640-7388","fswanson@harborgroupmanagement.com","","","Logen Uknavage","","","","","","Mar 30, 2026, 9:43 AM","Harbor","Colter Park","Colter Park","Feljie","Swanson","-","-","-","-","-","-","-","-","-","-","-","-","-","-","-","-","-","-","-","-","-","-","-","-","-","-","-","-","-","-","-","-","-","-","-","-","-","-","-","-","-","-","-","-","-","-","-","-","-","-","-","-","-","-","-","-","-","-","-","-","-","-","-","-","-","-","-","-","-","-","-","-","-","-","-","-","-","-","-","-","Jul 23, 2026, 8:13 AM","Jul 23, 2026, 1:41 PM","05:27:34","-","-","-","-","-","Jul 23, 2026, 1:41 PM","Jul 23, 2026, 1:56 PM","00:15:22","-","-","-","-","-","-","-","-","-","-","-","-","-","Jul 23, 2026, 1:56 PM","Jul 27, 2026, 8:52 AM","90:56:05","-","Jul 27, 2026, 8:52 AM","-","-","36:26:41","-","-","-","-","-","-","-","-","-","-","-","-","-","-","-","-","-","-","-","-","-","-","-","-","-","-","-","-","-","-","-","-","-","-","-","-","-","-","-","-","-","-","-","-","-","-","-","-","-","-","-","-","-","-","-","-","-","-","-","-","-","-","-","-","-","-","-","-","-","-","-","-","-","-","-","-","-","-","-","-","-","-","-","-","-","-","-","-","-","-","-","-","-","-","-","-"
"27149","Colter Park","Harbor Group Management Co., LLC","Feljie Swanson","fswanson@harborgroupmanagement.com","(480) 640-7388","Fan Coil","128 Fan Coil","Completed","Jul 23, 2026, 11:00 AM","Jul 23, 2026, 12:00 PM","07/23/2026","11:00:00","07/23/2026","12:00:00","Jul 23, 2026, 8:13 AM","2026","July 2026","Joey Reyes","909 West Colter Street, Phoenix, Arizona 85013","Phoenix","Arizona","85013","Main Location","Benito Valdez","MFH - Plumbing","","0","0","0","0","","","","","","","Unit 128
Per Chris this unit is having an issue with the fan coil
POC Josh","System is blowing out at 57° with a 13.9° split System is good","","-","-","00:33:12","0.55","01:00:00","1","","0","","0","0","0","0","0","0","0","0","0","0","0","0","0","0","0","0","0","","","","","MFH - Plumbing","","","","","","","","Lowe's","Free","","Residential","Tier 1 - 8%","","","15508690","(480) 640-7388","fswanson@harborgroupmanagement.com","","","Logen Uknavage","","","","","","Mar 30, 2026, 9:43 AM","Harbor","Colter Park","Colter Park","Feljie","Swanson","-","-","-","-","-","-","-","-","-","-","-","-","-","-","-","-","-","-","-","-","-","-","-","-","-","-","-","-","-","-","-","-","-","-","-","-","-","-","-","-","-","-","-","-","-","-","-","-","-","-","-","-","-","-","-","-","-","-","-","-","-","-","-","-","-","-","-","-","-","-","-","-","-","-","-","-","-","-","-","-","Jul 23, 2026, 8:13 AM","Jul 23, 2026, 1:01 PM","04:48:33","-","-","-","-","-","Jul 23, 2026, 1:01 PM","Jul 23, 2026, 1:35 PM","00:33:12","-","-","-","-","-","-","-","-","-","-","-","-","-","Jul 23, 2026, 1:35 PM","Jul 27, 2026, 8:43 AM","91:08:34","-","Jul 27, 2026, 8:43 AM","-","-","36:35:43","-","-","-","-","-","-","-","-","-","-","-","-","-","-","-","-","-","-","-","-","-","-","-","-","-","-","-","-","-","-","-","-","-","-","-","-","-","-","-","-","-","-","-","-","-","-","-","-","-","-","-","-","-","-","-","-","-","-","-","-","-","-","-","-","-","-","-","-","-","-","-","-","-","-","-","-","-","-","-","-","-","-","-","-","-","-","-","-","-","-","-","-","-","-","-","-"
"27147","ATI Restoration","","Jim Arnett","jim.arnett@atirestoration.com","602-412-6889","Job Walk","Residential Restoration","Pending Audit","Jul 23, 2026, 9:00 AM","Jul 23, 2026, 10:00 AM","07/23/2026","09:00:00","07/23/2026","10:00:00","Jul 23, 2026, 7:08 AM","2026","July 2026","Chris Marrs","23175 North 23rd Avenue, Phoenix, Arizona 85027","Phoenix","Arizona","85027","Main Location","Benito Valdez","MFH - Plumbing","","0","0","0","0","","","","","","","Walk the job with Jim at 9am
Need to take notes and pictures of everything that needs done
Jim: 602-412-6889","Address is: 4629 e Jaeger
Lockbox code :4536

Kitchen: new cabinets will will be installed to the top of ceiling, make safe k/s( cap waterline and drain line for reuse and easier drywall installation) also needs new ice maker box 

Vent for k/s will need to be moved up into trusses, we will need to coordinate with hvac because of new duct work

New gas line from meter to kitchen stove all inside the wall

New ac duct work: existing register for living room needs to be moved up and 2 new 10""×10"" registers in the ceiling needs to be ran for the kitchen/dining room area

Powder room: make safe water lines and drain line and we will be installing c/s fixtures 

New washer box in laundry room 

Upstairs hall bathroom: make safe lav wall and need to install c/s shower valve and tub

Upstairs master bathroom:
Need to make safe lav plumbing 
And we will need to pipe for c/s bathroom tup and shower valve 

Back porch : need to s/I new landscape backflow charge ati for this

For all c/s fixtures we will need to provide angle stops ,ptraps, tw& o
Copper, copper fittings and any other miscellaneous parts that we may come across","","-","-","01:00:51","1","01:00:00","1","00:31:01","0.52","","0","0","0","0","0","0","0","0","0","0","0","0","0","0","0","0","0","","","","","PHX - Plumbing","","","","","","","","Lowe's","Free","","Residential","Tier 1 - 8%","","","15944328","","phxinvoices@atirestoration.com","","","Chris Marrs","Referral","","","","","Apr 21, 2026, 9:12 AM","Commercial,VIP","ATI Restoration","ATI Restoration","","","-","-","-","-","-","-","-","-","-","-","-","-","-","-","-","-","-","-","-","-","-","-","-","-","-","-","-","-","-","-","-","-","-","-","-","-","-","-","-","-","-","-","-","-","-","-","-","-","-","-","-","-","-","-","-","-","-","-","-","-","-","-","-","-","-","-","-","-","-","-","-","-","-","-","-","-","-","-","-","-","Jul 23, 2026, 7:08 AM","Jul 23, 2026, 8:19 AM","01:11:19","-","Jul 23, 2026, 8:19 AM","Jul 23, 2026, 8:50 AM","00:31:01","-","Jul 23, 2026, 8:50 AM","Jul 23, 2026, 9:51 AM","01:00:52","-","-","-","-","-","-","-","-","-","-","-","-","-","Jul 23, 2026, 9:51 AM","-","-","131:27:42","-","-","-","-","-","-","-","-","-","-","-","-","-","-","-","-","-","-","-","-","-","-","-","-","-","-","-","-","-","-","-","-","-","-","-","-","-","-","-","-","-","-","-","-","-","-","-","-","-","-","-","-","-","-","-","-","-","-","-","-","-","-","-","-","-","-","-","-","-","-","-","-","-","-","-","-","-","-","-","-","-","-","-","-","-","-","-","-","-","-","-","-","-","-","-","-","-","-","-","-"
"27146","Marcos De Niza c/o Dunlap & MaGee","","Contact","brad@dunlap-sites.com","602-859-2293","Water Leak","Unit 709","Completed","Jul 22, 2026, 10:00 PM","Jul 22, 2026, 11:00 PM","07/22/2026","22:00:00","07/22/2026","23:00:00","Jul 22, 2026, 10:55 PM","2026","July 2026","Chris Marrs","305 West Pima Street, Phoenix, AZ 85003","Phoenix","AZ","85003","Main Location","Hunter Howell","MFH - Plumbing","Sent","550","550","0","0","","77798, 77799","77798","-","77799","AZ Service:MFH","Contact Brad only for approval","Needs EST.
For: 
Findings
Kitchen sink drain arm is leaking inside the wall.
Includes
Drain kitchen sink system
Remove existing P-trap
Jackhammer through brick wall to access piping
Remove and replace failed section of drain pipe
Install new P-trap
Leak test
Drain test
Clean up
Excludes
Brick, masonry, drywall, texture, and paint repairs
Water damage restoration
Work beyond listed scope","","-","-","00:02:45","0.03","01:00:00","1","","0","","0","75","150","75","48","400","352","87.99","150","62.01","75","48","400","352","0","550","550","","","","","MFH - Plumbing","","","","","","","","Lowe's","Free","","Residential","Tier 1 - 8%","","","6747384","602-859-2293","brad@dunlap-sites.com","(602) 254-6663","asstmanager@marcosdeniza.org","Logen Uknavage","Cushman & Wakefield","","","","","Apr 25, 2024, 5:54 PM","MFH,Commercial","Marcos De Niza c/o Dunlap & MaGee","Marcos De Niza c/o Dunlap & MaGee","Brad","","-","-","-","-","-","-","-","-","-","-","-","-","-","-","-","-","-","-","-","-","-","-","-","-","-","-","-","-","-","-","-","-","-","-","-","-","-","-","-","-","-","-","-","-","-","-","-","-","-","-","-","-","-","-","-","-","-","-","-","-","-","-","-","-","-","-","-","-","-","-","-","-","-","-","-","-","-","-","-","-","Jul 22, 2026, 10:55 PM","Jul 22, 2026, 11:24 PM","00:28:55","-","-","-","-","-","Jul 22, 2026, 11:24 PM","Jul 22, 2026, 11:26 PM","00:02:45","-","Jul 23, 2026, 8:26 AM","Jul 24, 2026, 4:38 PM","32:11:55","-","-","-","-","-","-","-","-","-","Jul 22, 2026, 11:26 PM","Jul 23, 2026, 8:26 AM","08:59:30","-","Jul 24, 2026, 4:38 PM","-","-","100:41:01","-","-","-","-","-","-","-","-","-","-","-","-","-","-","-","-","-","-","-","-","-","-","-","-","-","-","-","-","-","-","-","-","-","-","-","-","-","-","-","-","-","-","-","-","-","-","-","-","-","-","-","-","-","-","-","-","-","-","-","-","-","-","-","-","-","-","-","-","-","-","-","-","-","-","-","-","-","-","-","-","-","-","-","-","-","-","-","-","-","-","-","-","-","-","-","-"
"27145","Marcos De Niza c/o Dunlap & MaGee","","Contact","brad@dunlap-sites.com","602-859-2293","Toilet Back Up","Unit 516","Completed","Jul 22, 2026, 9:00 PM","Jul 22, 2026, 10:00 PM","07/22/2026","21:00:00","07/22/2026","22:00:00","Jul 22, 2026, 9:21 PM","2026","July 2026","Chris Marrs","305 West Pima Street, Phoenix, AZ 85003","Phoenix","AZ","85003","Main Location","Hunter Howell","MFH - Plumbing","Sent","270","0","0","0","","77918","","","77918","AZ Service:MFH","Toilet back up","Findings
Found the unit backed up due to a clogged drain line.
Includes
Set up drain cleaning equipment.
Opened existing cleanouts.
Ran the rooter through the drain line multiple times to clear the blockage.
Performed a drain test to verify proper flow.
Reinstalled the existing cleanout caps.
Cleaned up the work area.
Excludes
Work beyond the listed scope.
Existing pipe defects or damage.
Water damage or restoration.","","-","-","00:40:00","0.67","01:00:00","1","","0","","0","0","0","0","0","0","0","10","30","20","10","28.8","240","211.2","0","270","270","","","","","MFH - Plumbing","","","","","","","","Lowe's","Free","","Residential","Tier 1 - 8%","","","6747384","602-859-2293","brad@dunlap-sites.com","(602) 254-6663","asstmanager@marcosdeniza.org","Logen Uknavage","Cushman & Wakefield","","","","","Apr 25, 2024, 5:54 PM","MFH,Commercial","Marcos De Niza c/o Dunlap & MaGee","Marcos De Niza c/o Dunlap & MaGee","Brad","","-","-","-","-","-","-","-","-","-","-","-","-","-","-","-","-","-","-","-","-","-","-","-","-","-","-","-","-","-","-","-","-","-","-","-","-","-","-","-","-","-","-","-","-","-","-","-","-","-","-","-","-","-","-","-","-","-","-","-","-","-","-","-","-","-","-","-","-","-","-","-","-","-","-","-","-","-","-","-","-","Jul 22, 2026, 9:21 PM","Jul 22, 2026, 10:10 PM","00:48:39","-","-","-","-","-","Jul 22, 2026, 10:10 PM","Jul 22, 2026, 10:50 PM","00:40:00","-","-","-","-","-","-","-","-","-","-","-","-","-","Jul 22, 2026, 10:50 PM","Jul 24, 2026, 3:36 PM","40:46:19","-","Jul 24, 2026, 3:36 PM","-","-","101:42:47","-","-","-","-","-","-","-","-","-","-","-","-","-","-","-","-","-","-","-","-","-","-","-","-","-","-","-","-","-","-","-","-","-","-","-","-","-","-","-","-","-","-","-","-","-","-","-","-","-","-","-","-","-","-","-","-","-","-","-","-","-","-","-","-","-","-","-","-","-","-","-","-","-","-","-","-","-","-","-","-","-","-","-","-","-","-","-","-","-","-","-","-","-","-","-","-"
"27144","Marcos De Niza c/o Dunlap & MaGee","","Contact","brad@dunlap-sites.com","602-859-2293","Clogged Drain :Plumbing","Unit 684","Completed","Jul 22, 2026, 7:00 PM","Jul 22, 2026, 8:00 PM","07/22/2026","19:00:00","07/22/2026","20:00:00","Jul 22, 2026, 6:34 PM","2026","July 2026","Chris Marrs","305 West Pima Street, Phoenix, AZ 85003","Phoenix","AZ","85003","Main Location","Julian Guidry","MFH - Plumbing","Sent","198","0","0","0","","77937","","","77937","AZ Service:MFH","Toilet back up","Cleared backup with toilet auger, flushed multiple times and went down great every time. Checked in and out with Brad.","","-","-","00:08:12","0.13","01:00:00","1","00:06:52","0.1","","0","0","0","0","0","0","0","0","3","3","0","23.4","195","171.6","0","198","198","","","","","MFH - Plumbing","","","","","","","","Lowe's","Free","","Residential","Tier 1 - 8%","","","6747384","602-859-2293","brad@dunlap-sites.com","(602) 254-6663","asstmanager@marcosdeniza.org","Logen Uknavage","Cushman & Wakefield","","","","","Apr 25, 2024, 5:54 PM","MFH,Commercial","Marcos De Niza c/o Dunlap & MaGee","Marcos De Niza c/o Dunlap & MaGee","Brad","","-","-","-","-","-","-","-","-","-","-","-","-","-","-","-","-","-","-","-","-","-","-","-","-","-","-","-","-","-","-","-","-","-","-","-","-","-","-","-","-","-","-","-","-","-","-","-","-","-","-","-","-","-","-","-","-","-","-","-","-","-","-","-","-","-","-","-","-","-","-","-","-","-","-","-","-","-","-","-","-","Jul 22, 2026, 6:34 PM","Jul 22, 2026, 6:58 PM","00:23:53","-","Jul 22, 2026, 6:58 PM","Jul 22, 2026, 7:05 PM","00:06:52","-","Jul 22, 2026, 7:05 PM","Jul 22, 2026, 7:13 PM","00:08:12","-","-","-","-","-","-","-","-","-","-","-","-","-","Jul 22, 2026, 7:13 PM","Jul 24, 2026, 5:03 PM","45:49:49","-","Jul 24, 2026, 5:03 PM","-","-","100:15:48","-","-","-","-","-","-","-","-","-","-","-","-","-","-","-","-","-","-","-","-","-","-","-","-","-","-","-","-","-","-","-","-","-","-","-","-","-","-","-","-","-","-","-","-","-","-","-","-","-","-","-","-","-","-","-","-","-","-","-","-","-","-","-","-","-","-","-","-","-","-","-","-","-","-","-","-","-","-","-","-","-","-","-","-","-","-","-","-","-","-","-","-","-","-","-","-"
"27143","Colter Park","Harbor Group Management Co., LLC","Feljie Swanson","fswanson@harborgroupmanagement.com","(480) 640-7388","Fan Coil - Leak","Unit 367","Needs to be Rescheduled","Jul 23, 2026, 12:00 PM","Jul 23, 2026, 1:00 PM","07/23/2026","12:00:00","07/23/2026","13:00:00","Jul 22, 2026, 5:55 PM","2026","July 2026","Chris Marrs","909 West Colter Street, Phoenix, Arizona 85013","Phoenix","Arizona","85013","Main Location","Julian Guidry","MFH - Plumbing","","0","0","0","0","","","","","","","Fan Coil Leaking","Tenant not home no answer when I knocked and there is a loose dog in the unit. Will need to reschedule or have tenant put dog away before they leave.","","-","-","","0","01:00:00","1","","0","","0","0","0","0","0","0","0","0","0","0","0","0","0","0","0","0","0","","","","","MFH - Plumbing","","","","","","","","Lowe's","Free","","Residential","Tier 1 - 8%","","","15508690","(480) 640-7388","fswanson@harborgroupmanagement.com","","","Logen Uknavage","","","","","","Mar 30, 2026, 9:43 AM","Harbor","Colter Park","Colter Park","Feljie","Swanson","-","-","-","-","-","-","-","-","-","-","-","-","-","-","-","-","-","-","-","-","-","-","-","-","-","-","-","-","-","-","-","-","-","-","-","-","-","-","-","-","-","-","-","-","-","-","-","-","-","-","-","-","-","-","-","-","-","-","-","-","-","-","-","-","-","-","-","-","-","-","-","-","-","-","-","-","-","-","-","-","Jul 22, 2026, 5:55 PM","Jul 23, 2026, 11:38 AM","17:43:13","-","-","-","-","-","-","-","-","-","-","-","-","-","Jul 23, 2026, 11:38 AM","-","-","129:40:53","-","-","-","-","-","-","-","-","-","-","-","-","-","-","-","-","-","-","-","-","-","-","-","-","-","-","-","-","-","-","-","-","-","-","-","-","-","-","-","-","-","-","-","-","-","-","-","-","-","-","-","-","-","-","-","-","-","-","-","-","-","-","-","-","-","-","-","-","-","-","-","-","-","-","-","-","-","-","-","-","-","-","-","-","-","-","-","-","-","-","-","-","-","-","-","-","-","-","-","-","-","-","-","-","-","-","-","-"
"27142","Colter Park","Harbor Group Management Co., LLC","Feljie Swanson","fswanson@harborgroupmanagement.com","(480) 640-7388","Fan Coil - Leak","Unit 376","Completed","Jul 23, 2026, 11:00 AM","Jul 23, 2026, 12:00 PM","07/23/2026","11:00:00","07/23/2026","12:00:00","Jul 22, 2026, 5:54 PM","2026","July 2026","Chris Marrs","909 West Colter Street, Phoenix, Arizona 85013","Phoenix","Arizona","85013","Main Location","Julian Guidry","MFH - Plumbing","Sent","295","0","0","0","","77993","","","77993","AZ Service:MFH","Fan coil leaking","Inspected fan coil and there was water lines not wrapped so water was just leaking through from the condensation, wrapped exposed pipe and saw no more leaks.","","-","-","00:16:54","0.27","01:00:00","1","","0","","0","0","0","0","0","0","0","20","55","35","20","28.8","240","211.2","0","295","295","","85891883","","","MFH - Plumbing","","","","","","","","Lowe's","Free","","Residential","Tier 1 - 8%","","","15508690","(480) 640-7388","fswanson@harborgroupmanagement.com","","","Logen Uknavage","","","","","","Mar 30, 2026, 9:43 AM","Harbor","Colter Park","Colter Park","Feljie","Swanson","-","-","-","-","-","-","-","-","-","-","-","-","-","-","-","-","-","-","-","-","-","-","-","-","-","-","-","-","-","-","-","-","-","-","-","-","-","-","-","-","-","-","-","-","-","-","-","-","-","-","-","-","-","-","-","-","-","-","-","-","-","-","-","-","-","-","-","-","-","-","-","-","-","-","-","-","-","-","-","-","Jul 22, 2026, 5:54 PM","Jul 23, 2026, 11:13 AM","17:19:22","-","-","-","-","-","Jul 23, 2026, 11:13 AM","Jul 23, 2026, 11:30 AM","00:16:54","-","-","-","-","-","-","-","-","-","-","-","-","-","Jul 23, 2026, 11:30 AM","Jul 27, 2026, 9:16 AM","93:46:28","-","Jul 27, 2026, 9:16 AM","-","-","36:02:34","-","-","-","-","-","-","-","-","-","-","-","-","-","-","-","-","-","-","-","-","-","-","-","-","-","-","-","-","-","-","-","-","-","-","-","-","-","-","-","-","-","-","-","-","-","-","-","-","-","-","-","-","-","-","-","-","-","-","-","-","-","-","-","-","-","-","-","-","-","-","-","-","-","-","-","-","-","-","-","-","-","-","-","-","-","-","-","-","-","-","-","-","-","-","-","-"
"27141","Colter Park","Harbor Group Management Co., LLC","Feljie Swanson","fswanson@harborgroupmanagement.com","(480) 640-7388","Fan Coil - Leak","Unit 69","Canceled","Jul 23, 2026, 10:00 AM","Jul 23, 2026, 11:00 AM","07/23/2026","10:00:00","07/23/2026","11:00:00","Jul 22, 2026, 5:52 PM","2026","July 2026","Chris Marrs","909 West Colter Street, Phoenix, Arizona 85013","Phoenix","Arizona","85013","Main Location","Julian Guidry","MFH - Plumbing","","0","0","0","0","","","","","","","Fan coil leaking","Tenant says fan coil is not leaking. He had originally put in a maintenance request for a no cool, but somebody had came yesterday and dealt with it.","","-","-","00:19:44","0.32","01:00:00","1","","0","","0","0","0","0","0","0","0","0","0","0","0","0","0","0","0","0","0","","","","","MFH - Plumbing","Customer Resolved","","","","","","","Lowe's","Free","","Residential","Tier 1 - 8%","","","15508690","(480) 640-7388","fswanson@harborgroupmanagement.com","","","Logen Uknavage","","","","","","Mar 30, 2026, 9:43 AM","Harbor","Colter Park","Colter Park","Feljie","Swanson","-","-","-","-","-","-","-","-","-","-","-","-","-","-","-","-","-","-","-","-","-","-","-","-","-","-","-","-","-","-","-","-","-","-","-","-","-","-","-","-","-","-","-","-","-","-","-","-","-","-","-","-","-","-","-","-","-","-","-","-","-","-","-","-","-","-","-","-","-","-","-","-","-","-","-","-","-","-","-","-","Jul 22, 2026, 5:52 PM","Jul 23, 2026, 10:51 AM","16:58:30","-","-","-","-","-","Jul 23, 2026, 10:51 AM","Jul 23, 2026, 11:10 AM","00:19:44","-","-","-","-","-","-","-","-","-","-","-","-","-","Jul 23, 2026, 11:10 AM","Jul 27, 2026, 9:14 AM","94:03:18","-","-","-","-","-","Jul 27, 2026, 9:14 AM","-","-","36:05:06","-","-","-","-","-","-","-","-","-","-","-","-","-","-","-","-","-","-","-","-","-","-","-","-","-","-","-","-","-","-","-","-","-","-","-","-","-","-","-","-","-","-","-","-","-","-","-","-","-","-","-","-","-","-","-","-","-","-","-","-","-","-","-","-","-","-","-","-","-","-","-","-","-","-","-","-","-","-","-","-","-","-","-","-","-","-","-","-","-","-","-","-"
"27140","Colter Park","Harbor Group Management Co., LLC","Feljie Swanson","fswanson@harborgroupmanagement.com","(480) 640-7388","fan coil leak","Unit 232","Completed","Jul 22, 2026, 8:00 PM","Jul 22, 2026, 9:00 PM","07/22/2026","20:00:00","07/22/2026","21:00:00","Jul 22, 2026, 5:51 PM","2026","July 2026","Chris Marrs","909 West Colter Street, Phoenix, Arizona 85013","Phoenix","Arizona","85013","Main Location","Hunter Howell","MFH - Plumbing","","0","0","0","0","","","","","","","Fan coil leaking","Tenet denied access and stated the work was already performed.","","-","-","00:07:09","0.12","01:00:00","1","","0","","0","0","0","0","0","0","0","0","0","0","0","0","0","0","0","0","0","","","","","MFH - Plumbing","","","","","","","","Lowe's","Free","","Residential","Tier 1 - 8%","","","15508690","(480) 640-7388","fswanson@harborgroupmanagement.com","","","Logen Uknavage","","","","","","Mar 30, 2026, 9:43 AM","Harbor","Colter Park","Colter Park","Feljie","Swanson","-","-","-","-","-","-","-","-","-","-","-","-","-","-","-","-","-","-","-","-","-","-","-","-","-","-","-","-","-","-","-","-","-","-","-","-","-","-","-","-","-","-","-","-","-","-","-","-","-","-","-","-","-","-","-","-","-","-","-","-","-","-","-","-","-","-","-","-","-","-","-","-","-","-","-","-","-","-","-","-","Jul 22, 2026, 5:51 PM","Jul 22, 2026, 8:28 PM","02:37:17","-","-","-","-","-","Jul 22, 2026, 8:28 PM","Jul 22, 2026, 8:35 PM","00:07:09","-","-","-","-","-","-","-","-","-","-","-","-","-","Jul 22, 2026, 8:35 PM","Jul 24, 2026, 3:32 PM","42:56:35","-","Jul 24, 2026, 3:32 PM","-","-","101:47:07","-","-","-","-","-","-","-","-","-","-","-","-","-","-","-","-","-","-","-","-","-","-","-","-","-","-","-","-","-","-","-","-","-","-","-","-","-","-","-","-","-","-","-","-","-","-","-","-","-","-","-","-","-","-","-","-","-","-","-","-","-","-","-","-","-","-","-","-","-","-","-","-","-","-","-","-","-","-","-","-","-","-","-","-","-","-","-","-","-","-","-","-","-","-","-","-"
"27139","Robert Stall","","Robert Stall","rstall@cox.net","(480) 231-4040","Water Heater Install :Lowes Water Heaters","","Completed","Jul 23, 2026, 8:00 AM","Jul 23, 2026, 10:00 AM","07/23/2026","08:00:00","07/23/2026","10:00:00","Jul 22, 2026, 4:45 PM","2026","July 2026","Travis Germain","7420 E Onyx Court, Scottsdale, AZ 85258","Scottsdale","AZ","85258","Main Address","Edward Lopez","Lowes","Invoiced","1980.5","2330","1980.5","0","","77768, 77794","77768","Lowes","77794","Lowes","WH4824703
9 Year Warranty
8-12noon
Order #


Order Number:
300902203264719291

Lowes Store Address:7950 EAST MCDOWELL ROAD, Scottsdale, AZ, 85257


Notes and Details (Addon bundles, other details):","Water heater from local Lowe’s store. On my arrival I was directed to the garage or water heater was to be replaced. Began by shutting off power and the breaker panel and shutting off water service to the home. While draining down water heater, I removed old supply lines and Ball valve, power, whip, and temperature pressure, relief, lamp, pressure, relief valve. I installed a mounting bracket for the thermal expansion tank and a fixed thermal expansion tank to wall. I installed a new Ball valve and two new supply lines and a cold water supply line to thermal expansion tank. Customer wanted us to reuse drip pan. I said new water heater into place, can also supply lines, power, whip, and connect temperature and pressure relief line to temperature and pressure relief valve. Restored water service at home to check for leaks in leaks at this time. I restored power to water heater in to the operational.","Lowes,Pick up from Lowes","-","-","02:59:20","2.98","02:00:00","2","00:21:48","0.35","","0","918","1188","270","300","1142","842","918","1188","270","918","300","792.5","492.5","0","1980.5","1980.5","","41438311","Garage","","Lowes - Water Heaters","","","","","","","","Lowe's","Free","","Residential","Tier 1 - 8%","","","17611616","(480) 231-4040","rstall@cox.net","","","Travis Germain","IME","1st Attempt","","ESTIMATE_APPOINTMENT | APPOINTMENT_SET","ESTIMATE_APPOINTMENT | APPOINTMENT_SET","Jul 22, 2026, 4:06 PM","","Robert Stall","","Robert","Stall","-","-","-","-","-","-","-","-","-","-","-","-","-","-","-","-","-","-","-","-","-","-","-","-","-","-","-","-","-","-","-","-","-","-","-","-","-","-","-","-","-","-","-","-","-","-","-","-","Jul 22, 2026, 4:45 PM","Jul 23, 2026, 7:02 AM","14:16:38","-","Jul 23, 2026, 7:02 AM","Jul 23, 2026, 7:42 AM","00:39:40","-","Jul 23, 2026, 7:42 AM","Jul 23, 2026, 8:03 AM","00:21:49","-","Jul 23, 2026, 8:03 AM","Jul 23, 2026, 11:03 AM","02:59:19","-","-","-","-","-","Jul 23, 2026, 11:03 AM","Jul 23, 2026, 11:07 AM","00:04:30","-","Jul 23, 2026, 11:07 AM","-","-","130:11:36","-","-","-","-","-","-","-","-","-","-","-","-","-","-","-","-","-","-","-","-","-","-","-","-","-","-","-","-","-","-","-","-","-","-","-","-","-","-","-","-","-","-","-","-","-","-","-","-","-","-","-","-","-","-","-","-","-","-","-","-","-","-","-","-","-","-","-","-","-","-","-","-","-","-","-","-","-","-","-","-","-","-","-","-","-","-","-","-","-","-","-","-","-","-","-","-","-","-","-","-","-","-","-","-","-","-","-","-","-","-","-","-","-","-","-","-","-","-","-","-","-","-","-","-","-","-","-","-","-","-","-","-"
"27138","Palm Spring Two","Dunlap and Magee","Rhonda Moore","goldensands@qwestoffice.net","(480) 497-9837","No Cool :HVAC","Unit 1 condensation leak","Completed","Jul 22, 2026, 6:00 PM","Jul 22, 2026, 7:00 PM","07/22/2026","18:00:00","07/22/2026","19:00:00","Jul 22, 2026, 4:42 PM","2026","July 2026","Joey Reyes","950 South Royal Palm Road, Apache Junction, Arizona 85119","Apache Junction","Arizona","85119","Main Location","Chuy Torres","MFH - HVAC","Sent","193","0","0","0","","77779","","","77779","MFH:MFH - HVAC","Unit #1
Rhonda called because there is a copper line that is leaking in to the apartment. It appears to be connected to the hvac.
POC Rhonda","---

## **Field Service Report: Condensate Leak & Drain Line Repair**

**Date:** July 22, 2026  
**Unit:** 1  
**Status:** Arrived on-site to investigate a condensate leak, found the drain line physically disconnected, installed a new coupler to repair the line, and restored proper drainage.

### **Diagnostic Findings**
* **Initial Assessment:** Responded to a service call to investigate an active **condensate drain leak** at the indoor equipment.
* **System Evaluation:** Inspected the HVAC drain assembly and found the root cause immediately: the primary condensate drain line was **physically detached** from the main drain. 

### **Repairs Performed**
* **Drain Repair:** Sourced the proper PVC fittings and **installed a new coupler** to permanently and securely reconnect the detached drain line back to the main drain assembly. 

### **Final Status**
* **Verification:** Ran water through the system to thoroughly test the newly installed coupler and piping. Confirmed that there are no active leaks at the joint and the system is **draining properly**.
* **Outcome:** **Restored operation; the leak is resolved and the system is draining as designed at this time.**

---

**Status: Drain Line Reconnected & Tested — Ticket Closed**

---","","-","-","","0","01:00:00","1","","0","","0","0","0","0","0","0","0","25","63","38","25","15.6","130","114.4","0","193","193","","","","","MFH - HVAC","","Rhonda","","","","","","Lowe's","Free","","Residential","Tier 1 - 8%","","","17611718","(480) 497-9837","goldensands@qwestoffice.net","","","","","","","","","Jul 22, 2026, 4:40 PM","MFH","Palm Spring Two","Palm Spring Two","Rhonda","Moore","-","-","-","-","-","-","-","-","-","-","-","-","-","-","-","-","-","-","-","-","-","-","-","-","-","-","-","-","-","-","-","-","-","-","-","-","-","-","-","-","-","-","-","-","-","-","-","-","-","-","-","-","-","-","-","-","-","-","-","-","-","-","-","-","-","-","-","-","-","-","-","-","-","-","-","-","-","-","-","-","Jul 22, 2026, 4:42 PM","Jul 22, 2026, 7:47 PM","03:05:06","-","-","-","-","-","-","-","-","-","-","-","-","-","-","-","-","-","-","-","-","-","Jul 22, 2026, 7:47 PM","Jul 24, 2026, 1:09 PM","41:21:38","-","Jul 24, 2026, 1:09 PM","-","-","104:10:06","-","-","-","-","-","-","-","-","-","-","-","-","-","-","-","-","-","-","-","-","-","-","-","-","-","-","-","-","-","-","-","-","-","-","-","-","-","-","-","-","-","-","-","-","-","-","-","-","-","-","-","-","-","-","-","-","-","-","-","-","-","-","-","-","-","-","-","-","-","-","-","-","-","-","-","-","-","-","-","-","-","-","-","-","-","-","-","-","-","-","-","-","-","-","-","-"
"27137","Shenny Pierce","","Shenny Pierce","noemailpmoc@lowes.com","623-330-5946","Water Heater Install :Lowes Water Heaters","","Completed","Jul 23, 2026, 12:00 PM","Jul 23, 2026, 2:00 PM","07/23/2026","12:00:00","07/23/2026","14:00:00","Jul 22, 2026, 4:18 PM","2026","July 2026","Travis Germain","4416 N 56th Dr, Phoenix, AZ 85031","Phoenix","AZ","85031","Main Address","Tanner LaForge","Lowes","Invoiced","1402.5","1650","1402.5","0","","77762, 77817","77762","Lowes","77817","Lowes","WH816158
12-4pm

Order #300902203264708677

Lowes Store Address: 1620 NORTH 75TH AVENUE, Phoenix, AZ, 85035

Notes and Details (Addon bundles, other details):","7/23

Arrived on site to install a new 40 gallon electric short. I drained and removed the old tank. Replaced both supply lines and ball valve. 

Set a new pan and tank in place. Connected water and wiring. Filled the heater and checked for leaks. The tank is full and heating well. 

No issues with the install today","Pick up from Lowes,Lowes","-","-","02:02:58","2.03","02:00:00","2","00:48:33","0.8","","0","488","694","206","240","956","716","488","694","206","488","240","708.5","468.5","0","1402.5","1402.5","","41438279","Outside Closet","","Lowes - Water Heaters","","","","","","","","Lowe's","Free","","Residential","Tier 1 - 8%","","","15592182","623-330-5946","noemailpmoc@lowes.com","","","Travis Germain","IMS","1st Attempt","","PLUMB - GENERAL (NO SOFTENERS)","PLUMB - GENERAL (NO SOFTENERS)","Apr 5, 2026, 8:00 AM","","Shenny Pierce","","Shenny","Pierce","-","-","-","-","-","-","-","-","-","-","-","-","-","-","-","-","-","-","-","-","-","-","-","-","-","-","-","-","-","-","-","-","-","-","-","-","-","-","-","-","-","-","-","-","-","-","-","-","Jul 22, 2026, 4:18 PM","Jul 23, 2026, 10:31 AM","18:12:54","-","Jul 23, 2026, 11:04 AM","Jul 23, 2026, 11:47 AM","00:42:43","-","Jul 23, 2026, 11:47 AM","Jul 23, 2026, 12:02 PM","00:15:21","-","Jul 23, 2026, 12:02 PM","Jul 23, 2026, 2:05 PM","02:02:59","-","-","-","-","-","Jul 23, 2026, 2:05 PM","Jul 23, 2026, 2:22 PM","00:16:53","-","Jul 23, 2026, 2:22 PM","-","-","126:57:03","-","-","-","-","-","-","-","-","-","-","-","-","-","-","-","-","-","-","-","-","-","-","-","-","-","-","-","-","-","-","-","-","-","-","-","-","-","-","-","-","-","-","-","-","-","-","-","-","-","-","-","-","-","-","-","-","-","-","-","-","-","-","-","-","-","-","-","-","-","-","-","-","-","-","-","-","-","-","-","-","-","-","-","-","-","-","-","-","-","-","-","-","-","-","-","-","-","-","-","-","-","-","-","-","-","-","-","-","-","-","-","-","-","-","-","-","-","-","-","-","-","-","-","-","-","-","-","-","-","-","-","-"
"27136","Landmark Senior Housing","Native American Connections","Contact","","(602) 550-3266","Active Water Leak :Plumbing","Unit 113 Up to down Leak","Completed","Jul 23, 2026, 9:00 AM","Jul 23, 2026, 11:00 AM","07/23/2026","09:00:00","07/23/2026","11:00:00","Jul 22, 2026, 3:36 PM","2026","July 2026","Joey Reyes","8232 North 59th Avenue, Glendale, Arizona 85302","Glendale","Arizona","85302","Main Location","Hunter Howell","MFH - Plumbing","Sent","323","323","0","0","","77786, 77787","77786","-","77787","-","Unit 113
Up to down leak
POC is Justin (maintenance director)","Findings:
An abandoned drain line was found leaking due to unglued end caps.
Includes:
Removed existing unglued caps
Properly cleaned and glued new caps in place
Leak tested to verify repair
Cleaned up work area
Excludes:
Work beyond listed scope
Water damage
Existing piping beyond the repaired area","","-","-","00:24:23","0.4","02:00:00","2","01:10:59","1.17","","0","25","63","38","31.2","260","228.8","25","63","38","25","31.2","260","228.8","0","323","323","","","","","MFH - Plumbing","","Justin","","","","","","Lowe's","Free","","Residential","Tier 1 - 8%","","","15738975","602-648-9738","apnac@nativeconnections.org","","","Logen Uknavage","","","","","","Apr 10, 2026, 11:17 AM","","Landmark Senior Housing","Landmark Senior Housing","","","-","-","-","-","-","-","-","-","-","-","-","-","-","-","-","-","-","-","-","-","-","-","-","-","-","-","-","-","-","-","-","-","-","-","-","-","-","-","-","-","-","-","-","-","-","-","-","-","-","-","-","-","-","-","-","-","-","-","-","-","-","-","-","-","-","-","-","-","-","-","-","-","-","-","-","-","-","-","-","-","Jul 22, 2026, 3:36 PM","Jul 23, 2026, 8:12 AM","16:35:29","-","Jul 23, 2026, 8:12 AM","Jul 23, 2026, 9:23 AM","01:10:59","-","Jul 23, 2026, 9:23 AM","Jul 23, 2026, 9:47 AM","00:24:24","-","-","-","-","-","-","-","-","-","-","-","-","-","Jul 23, 2026, 9:47 AM","Jul 27, 2026, 9:10 AM","95:22:22","-","Jul 27, 2026, 9:10 AM","-","-","36:09:11","-","-","-","-","-","-","-","-","-","-","-","-","-","-","-","-","-","-","-","-","-","-","-","-","-","-","-","-","-","-","-","-","-","-","-","-","-","-","-","-","-","-","-","-","-","-","-","-","-","-","-","-","-","-","-","-","-","-","-","-","-","-","-","-","-","-","-","-","-","-","-","-","-","-","-","-","-","-","-","-","-","-","-","-","-","-","-","-","-","-","-","-","-","-","-","-"
"27132","Agave Ridge Apartments","29th Street Communities","Contact","","(602) 419-7198","No Cool :HVAC","unit 102 No cool","Completed","Jul 22, 2026, 6:00 PM","Jul 22, 2026, 7:00 PM","07/22/2026","18:00:00","07/22/2026","19:00:00","Jul 22, 2026, 2:31 PM","2026","July 2026","Joey Reyes","1609 West Glendale Avenue, Phoenix, Arizona 85021","Phoenix","Arizona","85021","Main Location","Jacob Martinez","MFH - HVAC","Estimate","0","820","0","0","","77815","77815","MFH:MFH - HVAC","","","Unit 102
Nick called in to have us out for this unit. it is not cooling again. We added refrigerant on 7/14. Need to add refrigerant today, and see what we need to do to keep this from happening
POC Nick","","","-","-","","0","01:00:00","1","00:56:10","0.93","","0","350","560","210","31.2","260","228.8","0","0","0","0","0","0","0","0","0","0","","","","","MFH - HVAC","","Nick","","","","","","Lowe's","Free","","Residential","Tier 1 - 8%","","","13751174","602 688-1527","agaveridge@29scliving.com","","","Logen Uknavage","","","","","","Dec 16, 2025, 2:50 PM","","Agave Ridge Apartments","Agave Ridge Apartments","","","-","-","-","-","-","-","-","-","-","-","-","-","-","-","-","-","-","-","-","-","-","-","-","-","-","-","-","-","-","-","-","-","-","-","-","-","-","-","-","-","-","-","-","-","-","-","-","-","-","-","-","-","-","-","-","-","-","-","-","-","-","-","-","-","-","-","-","-","-","-","-","-","-","-","-","-","-","-","-","-","Jul 22, 2026, 7:49 PM","Jul 22, 2026, 7:49 PM","00:00:11","-","Jul 22, 2026, 6:53 PM","Jul 22, 2026, 7:49 PM","00:56:10","-","-","-","-","-","-","-","-","-","Jul 22, 2026, 7:49 PM","Jul 24, 2026, 3:11 PM","43:21:06","-","-","-","-","-","-","-","-","-","Jul 24, 2026, 3:11 PM","-","-","102:08:21","-","-","-","-","-","-","-","-","-","-","-","-","-","-","-","-","-","-","-","-","-","-","-","-","-","-","-","-","-","-","-","-","-","-","-","-","-","-","-","-","-","-","-","-","-","-","-","-","-","-","-","-","-","-","-","-","-","-","-","-","-","-","-","-","-","-","-","-","-","-","-","-","-","-","-","-","-","-","-","-","-","-","-","-","-","-","-","-","-","-","-","-","-","-","-","-"
"27130","Marcos De Niza c/o Dunlap & MaGee","","Contact","brad@dunlap-sites.com","602-859-2293","Fixture Issues :Plumbing","Unit 621 Replace Flange","Completed","Jul 23, 2026, 2:00 PM","Jul 23, 2026, 4:00 PM","07/23/2026","14:00:00","07/23/2026","16:00:00","Jul 22, 2026, 2:25 PM","2026","July 2026","Joey Reyes","305 West Pima Street, Phoenix, AZ 85003","Phoenix","AZ","85003","Main Location","Julian Guidry","MFH - Plumbing","Sent","295","0","0","0","","77994","","","77994","AZ Service:MFH","Contact Brad only for approval
Unit 621
Brad requested to have the toilet flange replaced","Flamge was in good shape no replacement needed, the issue was the wax ring, it was too short so when the toilet was set there was no seal being made as the toilet didnt touch the wax ring, i installed new bolts and a double layered wax ring to ensure toilet seals at the base, reconnected the sloan valve and tested for leaks, none found, checked in and out with brad.","","-","-","00:52:01","0.87","02:00:00","2","01:03:20","1.05","","0","0","0","0","0","0","0","15","35","20","15","31.2","260","228.8","0","295","295","","","","","MFH - Plumbing","","Brad","","","","","","Lowe's","Free","","Residential","Tier 1 - 8%","","","6747384","602-859-2293","brad@dunlap-sites.com","(602) 254-6663","asstmanager@marcosdeniza.org","Logen Uknavage","Cushman & Wakefield","","","","","Apr 25, 2024, 5:54 PM","MFH,Commercial","Marcos De Niza c/o Dunlap & MaGee","Marcos De Niza c/o Dunlap & MaGee","Brad","","-","-","-","-","-","-","-","-","-","-","-","-","-","-","-","-","-","-","-","-","-","-","-","-","-","-","-","-","-","-","-","-","-","-","-","-","-","-","-","-","-","-","-","-","-","-","-","-","-","-","-","-","-","-","-","-","-","-","-","-","-","-","-","-","-","-","-","-","-","-","-","-","-","-","-","-","-","-","-","-","Jul 22, 2026, 2:25 PM","Jul 23, 2026, 1:49 PM","23:24:02","-","Jul 23, 2026, 1:49 PM","Jul 23, 2026, 2:52 PM","01:03:20","-","Jul 23, 2026, 2:52 PM","Jul 23, 2026, 3:44 PM","00:52:01","-","-","-","-","-","-","-","-","-","-","-","-","-","Jul 23, 2026, 3:44 PM","Jul 27, 2026, 9:19 AM","89:34:25","-","Jul 27, 2026, 9:19 AM","-","-","35:59:57","-","-","-","-","-","-","-","-","-","-","-","-","-","-","-","-","-","-","-","-","-","-","-","-","-","-","-","-","-","-","-","-","-","-","-","-","-","-","-","-","-","-","-","-","-","-","-","-","-","-","-","-","-","-","-","-","-","-","-","-","-","-","-","-","-","-","-","-","-","-","-","-","-","-","-","-","-","-","-","-","-","-","-","-","-","-","-","-","-","-","-","-","-","-","-","-"
"27129","Aspire Park Central","","Contact","","(206) 484-3144","No Cool :HVAC","Unit 626 Compressor replacement","Canceled","Jul 23, 2026, 11:00 AM","Jul 23, 2026, 2:00 PM","07/23/2026","11:00:00","07/23/2026","14:00:00","Jul 22, 2026, 2:17 PM","2026","July 2026","Joey Reyes","100 West Catalina Drive, Phoenix, Arizona 85013","Phoenix","Arizona","85013","Main Location","Jacob Martinez","MFH - HVAC","","0","0","0","0","","","","","","","Unit 626 
Robert called in to have us replace the compressor. They diagnosed it themselves.
M# 4TWR4024G1000AC
S# 213014GM4F
POC Robert

On will at phoenix deer valley location. Under parts warranty","Robert said this unit is all good I have the new compressor we bought on my truck. Need to return compressor","","-","-","00:31:36","0.52","03:00:00","3","","0","","0","0","0","0","0","0","0","0","0","0","0","0","0","0","0","0","0","","","","","MFH - HVAC","","Robert","","","","","","Lowe's","Free","","Residential","Tier 1 - 8%","","","17171438","(206) 484-3144","","","","Logen Uknavage","","","","","","Jun 15, 2026, 1:50 PM","","Aspire Park Central","Aspire Park Central","Robert","","-","-","-","-","-","-","-","-","-","-","-","-","-","-","-","-","-","-","-","-","-","-","-","-","-","-","-","-","-","-","-","-","-","-","-","-","-","-","-","-","-","-","-","-","-","-","-","-","-","-","-","-","-","-","-","-","-","-","-","-","-","-","-","-","-","-","-","-","-","-","-","-","-","-","-","-","-","-","-","-","Jul 23, 2026, 1:39 PM","Jul 24, 2026, 6:56 AM","17:17:23","-","-","-","-","-","Jul 23, 2026, 1:08 PM","Jul 23, 2026, 1:39 PM","00:31:36","-","Jul 24, 2026, 6:57 AM","Jul 25, 2026, 1:24 PM","30:27:19","-","-","-","-","-","-","-","-","-","-","-","-","-","-","-","-","-","Jul 25, 2026, 1:24 PM","-","-","79:55:02","-","-","-","-","-","-","-","-","-","-","-","-","-","-","-","-","-","-","-","-","-","-","-","-","-","-","-","-","-","-","-","-","-","-","-","-","-","-","-","-","-","-","-","-","-","-","-","-","-","-","-","-","-","-","-","-","-","-","-","-","-","-","-","-","-","-","-","-","-","-","-","-","-","-","-","-","-","-","-","-","-","-","-","-","-","-","-","-","-","-","-","-"
"27128","Colter Park","Harbor Group Management Co., LLC","Feljie Swanson","fswanson@harborgroupmanagement.com","(480) 640-7388","Fan Coil - Leaking","Unit 175 fan coil leaking","Completed","Jul 22, 2026, 12:00 PM","Jul 22, 2026, 1:00 PM","07/22/2026","12:00:00","07/22/2026","13:00:00","Jul 22, 2026, 2:13 PM","2026","July 2026","Joey Reyes","909 West Colter Street, Phoenix, Arizona 85013","Phoenix","Arizona","85013","Main Location","Jordan Wise","MFH - Plumbing","Sent","295","0","0","0","","77932","","","77932","AZ Service:MFH","Unit 175
Josh called in about the fan coil leaking
POC Josh","Arrived 3:50pm - Finished 4:30pm
Once inside unit inspected fan coil and found lines were not wrapped, wrapped lines. All should be good now cleaned up Work area before heading to next unit.

1- roll of foam tape","","-","-","00:42:44","0.7","01:00:00","1","","0","","0","0","0","0","0","0","0","20","55","35","20","28.8","240","211.2","0","295","295","","85889581","","","MFH - Plumbing","","Josh","","","","","","Lowe's","Free","","Residential","Tier 1 - 8%","","","15508690","(480) 640-7388","fswanson@harborgroupmanagement.com","","","Logen Uknavage","","","","","","Mar 30, 2026, 9:43 AM","Harbor","Colter Park","Colter Park","Feljie","Swanson","-","-","-","-","-","-","-","-","-","-","-","-","-","-","-","-","-","-","-","-","-","-","-","-","-","-","-","-","-","-","-","-","-","-","-","-","-","-","-","-","-","-","-","-","-","-","-","-","-","-","-","-","-","-","-","-","-","-","-","-","-","-","-","-","-","-","-","-","-","-","-","-","-","-","-","-","-","-","-","-","Jul 22, 2026, 2:13 PM","Jul 22, 2026, 3:52 PM","01:38:46","-","-","-","-","-","Jul 22, 2026, 3:52 PM","Jul 22, 2026, 4:35 PM","00:42:44","-","-","-","-","-","-","-","-","-","-","-","-","-","Jul 22, 2026, 4:35 PM","Jul 24, 2026, 4:48 PM","48:12:34","-","Jul 24, 2026, 4:48 PM","-","-","100:31:18","-","-","-","-","-","-","-","-","-","-","-","-","-","-","-","-","-","-","-","-","-","-","-","-","-","-","-","-","-","-","-","-","-","-","-","-","-","-","-","-","-","-","-","-","-","-","-","-","-","-","-","-","-","-","-","-","-","-","-","-","-","-","-","-","-","-","-","-","-","-","-","-","-","-","-","-","-","-","-","-","-","-","-","-","-","-","-","-","-","-","-","-","-","-","-","-"
"27127","Colter Park","Harbor Group Management Co., LLC","Feljie Swanson","fswanson@harborgroupmanagement.com","(480) 640-7388","Fan Coil - Leaking","Unit 176 fan coil leaking","Completed","Jul 22, 2026, 11:00 AM","Jul 22, 2026, 12:00 PM","07/22/2026","11:00:00","07/22/2026","12:00:00","Jul 22, 2026, 2:13 PM","2026","July 2026","Joey Reyes","909 West Colter Street, Phoenix, Arizona 85013","Phoenix","Arizona","85013","Main Location","Jordan Wise","MFH - Plumbing","Sent","295","0","0","0","","77923","","","77923","AZ Service:MFH","Unit 176
Josh called in about the fan coil leaking
POC Josh","Arrived 2:45pm - Finished 3:45pm
Once inside unit, tenant led me to spot where leak was present. Notice lines were not properly wrapped, wrapped what I could until I ran out of foam tape had to leave for more at 3 PM. Once back finished wrapping lines as needed all is good now. 
1- roll of foam tape","","-","-","01:15:27","1.25","01:00:00","1","","0","","0","0","0","0","0","0","0","56.18","55","-1.18","20","28.8","240","211.2","0","295","295","","85888964","","","MFH - Plumbing","","Josh","","","","","","Lowe's","Free","","Residential","Tier 1 - 8%","","","15508690","(480) 640-7388","fswanson@harborgroupmanagement.com","","","Logen Uknavage","","","","","","Mar 30, 2026, 9:43 AM","Harbor","Colter Park","Colter Park","Feljie","Swanson","-","-","-","-","-","-","-","-","-","-","-","-","-","-","-","-","-","-","-","-","-","-","-","-","-","-","-","-","-","-","-","-","-","-","-","-","-","-","-","-","-","-","-","-","-","-","-","-","-","-","-","-","-","-","-","-","-","-","-","-","-","-","-","-","-","-","-","-","-","-","-","-","-","-","-","-","-","-","-","-","Jul 22, 2026, 2:13 PM","Jul 22, 2026, 2:37 PM","00:23:38","-","-","-","-","-","Jul 22, 2026, 2:37 PM","Jul 22, 2026, 3:52 PM","01:15:27","-","-","-","-","-","-","-","-","-","-","-","-","-","Jul 22, 2026, 3:52 PM","Jul 24, 2026, 3:57 PM","48:04:51","-","Jul 24, 2026, 3:57 PM","-","-","101:21:52","-","-","-","-","-","-","-","-","-","-","-","-","-","-","-","-","-","-","-","-","-","-","-","-","-","-","-","-","-","-","-","-","-","-","-","-","-","-","-","-","-","-","-","-","-","-","-","-","-","-","-","-","-","-","-","-","-","-","-","-","-","-","-","-","-","-","-","-","-","-","-","-","-","-","-","-","-","-","-","-","-","-","-","-","-","-","-","-","-","-","-","-","-","-","-","-"
"27126","Venue on Camelback","BH Management Services LLC","Andres Marquez","andres.marquez@livebh.com","(480) 340-2646","Active Water Leak :Plumbing","Unit 508 Leak","Completed","Jul 22, 2026, 4:00 PM","Jul 22, 2026, 6:00 PM","07/22/2026","16:00:00","07/22/2026","18:00:00","Jul 22, 2026, 2:11 PM","2026","July 2026","Joey Reyes","1930 East Camelback Road, Phoenix, Arizona 85016","Phoenix","Arizona","85016","Main Location","Julian Guidry","MFH - Plumbing","Invoiced","485","0","485","0","","77936","","","77936","AZ Service:MFH","Unit 508
Andreas called about a leak in the tub from the drain whenever they use it. May have to access it from unit 408
POC Andreas","Tub waste and overflow was completely broken in half at the tub shoe, removed old TWO and installed a new one, used plumbers putty and gasket to make water tight seal, then tested by running tub. No leaks found.","","-","-","02:13:47","2.22","02:00:00","2","","0","","0","0","0","0","0","0","0","36.2","65","28.8","30","50.4","420","369.6","0","485","485","","","","","MFH - Plumbing","","Andreas","","","","","","Lowe's","Free","","Residential","Tier 1 - 8%","","","12805541","(480) 340-2646","andres.marquez@livebh.com","","","Logen Uknavage","","","","","","Oct 16, 2025, 3:10 PM","Commercial,MFH,BH Mgmt","Venue on Camelback","Venue on Camelback","Andres","Marquez","-","-","-","-","-","-","-","-","-","-","-","-","-","-","-","-","-","-","-","-","-","-","-","-","-","-","-","-","-","-","-","-","-","-","-","-","-","-","-","-","-","-","-","-","-","-","-","-","-","-","-","-","-","-","-","-","-","-","-","-","-","-","-","-","-","-","-","-","-","-","-","-","-","-","-","-","-","-","-","-","Jul 22, 2026, 2:11 PM","Jul 22, 2026, 4:20 PM","02:09:19","-","-","-","-","-","Jul 22, 2026, 4:20 PM","Jul 22, 2026, 6:34 PM","02:13:48","-","-","-","-","-","-","-","-","-","-","-","-","-","Jul 22, 2026, 6:34 PM","Jul 24, 2026, 5:00 PM","46:26:43","-","Jul 24, 2026, 5:00 PM","-","-","100:18:26","-","-","-","-","-","-","-","-","-","-","-","-","-","-","-","-","-","-","-","-","-","-","-","-","-","-","-","-","-","-","-","-","-","-","-","-","-","-","-","-","-","-","-","-","-","-","-","-","-","-","-","-","-","-","-","-","-","-","-","-","-","-","-","-","-","-","-","-","-","-","-","-","-","-","-","-","-","-","-","-","-","-","-","-","-","-","-","-","-","-","-","-","-","-","-","-"
"27124","Diana Mueller","","Diana Mueller","dmueller789@msn.com","(623) 451-9024","Faucet :Lowes Simple Installs","1","Completed","Jul 24, 2026, 1:00 PM","Jul 24, 2026, 2:00 PM","07/24/2026","13:00:00","07/24/2026","14:00:00","Jul 22, 2026, 1:51 PM","2026","July 2026","Ashley Reed","12034 W Yuma St, Avondale, AZ 85323","Avondale","AZ","85323","Main Address","Erik Tange","Lowes","Paid","135","0","0","135","","77896","","","77896","Lowes:Simple Installs","Simple installs -1- Moen Caldwell Spot Resist Brushed Nickel 4-in centerset 2-handle WaterSense High-arc Residential Handle Bathroom Sink Faucet with Drain/onsite","Exsisting angle stops are 1/4 turn and work as they should. Removed faucet supply lines, removed old bathroom 3 hole faucet, disconnected p-trap, removed old drain assembly. Cleaned sink area under old faucet and drain assembly. Installed new 3 hole bathroom faucet, installed new customer provided 16"" faucet supply lines. Installed new pop uo drain assembly, reconnected p-trap. Checked for leaks, no leaks. Faucet functions as necessary. 

Pop up stopper does NOT pop back up when in the drain but does function normally outside of the drain.
I informed customer of the situation, and they will be contacting MOEN for a replacement.","Lowes,onsite","-","-","00:37:32","0.62","01:00:00","1","00:17:58","0.28","","0","0","0","0","0","0","0","0","0","0","0","14","135","121","0","135","135","","413585218","","","Lowes - Simple Installs","","","","","","","","Lowe's","Free","","Residential","Tier 1 - 8%","","","17590861","(623) 451-9024","dmueller789@msn.com","","","","IMS","","","PLUMB - GENERAL (NO SOFTENERS)","PLUMB - GENERAL (NO SOFTENERS)","Jul 21, 2026, 8:00 AM","","Diana Mueller","","Diana","Mueller","-","-","-","-","-","-","-","-","-","-","-","-","-","-","-","-","-","-","-","-","-","-","-","-","-","-","-","-","-","-","-","-","-","-","-","-","-","-","-","-","-","-","-","-","-","-","-","-","Jul 22, 2026, 1:51 PM","Jul 24, 2026, 11:45 AM","45:53:42","-","-","-","-","-","Jul 24, 2026, 11:45 AM","Jul 24, 2026, 12:03 PM","00:17:58","-","Jul 24, 2026, 12:03 PM","Jul 24, 2026, 12:41 PM","00:37:32","-","-","-","-","-","Jul 24, 2026, 12:41 PM","Jul 24, 2026, 1:05 PM","00:23:58","-","Jul 24, 2026, 1:05 PM","-","-","104:14:20","-","-","-","-","-","-","-","-","-","-","-","-","-","-","-","-","-","-","-","-","-","-","-","-","-","-","-","-","-","-","-","-","-","-","-","-","-","-","-","-","-","-","-","-","-","-","-","-","-","-","-","-","-","-","-","-","-","-","-","-","-","-","-","-","-","-","-","-","-","-","-","-","-","-","-","-","-","-","-","-","-","-","-","-","-","-","-","-","-","-","-","-","-","-","-","-","-","-","-","-","-","-","-","-","-","-","-","-","-","-","-","-","-","-","-","-","-","-","-","-","-","-","-","-","-","-","-","-","-","-","-","-"
"27123","Alicia Marrano","","Alicia Marrano","alicia.marrano@gmail.com","520-461-5893","Toilet :Lowes Simple Installs","1","Completed","Jul 24, 2026, 11:00 AM","Jul 24, 2026, 1:00 PM","07/24/2026","11:00:00","07/24/2026","13:00:00","Jul 22, 2026, 1:47 PM","2026","July 2026","Brenton Heward","1725 N BAXTER DR, TUCSON, AZ 85716","TUCSON","AZ","85716","Main Address","Mathew Hodges","Lowes","Paid","209","0","0","209","","77922","","","77922","Lowes:Simple Installs","x1
Project Source Pro-flush White Elongated Chair height 12-in Rough-In WaterSense 1.28 GPF 2-piece Toilet with XL Trapway

Store: 4151 NORTH ORACLE ROAD,
Tucson, AZ 85705

- it is in the guest house.","Came out to customers house to install toilet remove the old toilet replaced waxing and bolts set down new toilet had to put shims underneath toilet because toilet was not level turned water onto the toilet to make sure there’s no leaks. There is no leaks at this time toilet is now functional.","Lowes,Pick up from Lowes","-","-","01:17:09","1.28","02:00:00","2","00:20:56","0.33","","0","0","0","0","0","0","0","0","0","0","0","21","209","188","0","209","209","","413571271","","","Lowes - Simple Installs","","","","","","","","","","","","","","","17582825","520-461-5893","alicia.marrano@gmail.com","null","","","IMS","","","PLUMB - ONLINE ONLY","PLUMB - ONLINE ONLY","Jul 20, 2026, 8:00 AM","","Alicia Marrano","","Alicia","Marrano","-","-","-","-","-","-","-","-","-","-","-","-","-","-","-","-","-","-","-","-","-","-","-","-","-","-","-","-","-","-","-","-","-","-","-","-","-","-","-","-","-","-","-","-","-","-","-","-","Jul 22, 2026, 1:47 PM","Jul 24, 2026, 11:46 AM","45:59:20","-","Jul 24, 2026, 11:46 AM","Jul 24, 2026, 12:38 PM","00:52:18","-","Jul 24, 2026, 12:38 PM","Jul 24, 2026, 12:59 PM","00:20:57","-","Jul 24, 2026, 12:59 PM","Jul 24, 2026, 2:16 PM","01:17:08","-","-","-","-","-","Jul 24, 2026, 2:16 PM","Jul 24, 2026, 3:47 PM","01:30:32","-","Jul 24, 2026, 3:47 PM","-","-","101:32:03","-","-","-","-","-","-","-","-","-","-","-","-","-","-","-","-","-","-","-","-","-","-","-","-","-","-","-","-","-","-","-","-","-","-","-","-","-","-","-","-","-","-","-","-","-","-","-","-","-","-","-","-","-","-","-","-","-","-","-","-","-","-","-","-","-","-","-","-","-","-","-","-","-","-","-","-","-","-","-","-","-","-","-","-","-","-","-","-","-","-","-","-","-","-","-","-","-","-","-","-","-","-","-","-","-","-","-","-","-","-","-","-","-","-","-","-","-","-","-","-","-","-","-","-","-","-","-","-","-","-","-","-"
"27122","Packaging Corp of America","","Contact","","(602) 657-4208","Active Water Leak :Plumbing","capped pipe","Completed","Jul 23, 2026, 12:00 PM","Jul 23, 2026, 2:00 PM","07/23/2026","12:00:00","07/23/2026","14:00:00","Jul 22, 2026, 1:11 PM","2026","July 2026","Destinee Kastner","10100 North 151st Avenue, Glendale, Arizona 85355","Glendale","Arizona","85355","10100 North 151st Avenue","Adam George","PHX - Plumbing","Sent","2330","6580","0","0","","77907, 77828, 77886","77828, 77886","-, AZ Service","77907","AZ Service","Reason for call? would like a water pipe capped for restrooms","lift required return visit needed","","-","-","01:05:42","1.08","02:00:00","2","01:09:23","1.15","","0","2800","4500","1700","249.6","2080","1830.4","1025","1550","525","1025","93.6","780","686.4","0","2330","2330","","","","","PHX - Plumbing","","","","","","","","Lowe's","","","","","","","6745728","(602) 657-4208","rickthomas@packagingcorp.com","","","Kris Driggs","Cushman & Wakefield","","","","","Apr 25, 2024, 11:23 AM","Commercial,VIP","Packaging Corp of America","Packaging Corp of America","Richard","Thomas","-","-","-","-","-","-","-","-","-","-","-","-","-","-","-","-","-","-","-","-","-","-","-","-","-","-","-","-","-","-","-","-","-","-","-","-","-","-","-","-","-","-","-","-","-","-","-","-","-","-","-","-","-","-","-","-","-","-","-","-","-","-","-","-","-","-","-","-","-","-","-","-","-","-","-","-","-","-","-","-","Jul 22, 2026, 1:11 PM","Jul 23, 2026, 12:44 PM","23:32:36","-","Jul 23, 2026, 12:44 PM","Jul 23, 2026, 1:53 PM","01:09:23","-","Jul 23, 2026, 1:53 PM","Jul 23, 2026, 2:59 PM","01:05:42","-","Jul 23, 2026, 2:59 PM","Jul 24, 2026, 3:04 PM","24:04:39","-","-","-","-","-","-","-","-","-","-","-","-","-","Jul 24, 2026, 3:04 PM","-","-","102:15:19","-","-","-","-","-","-","-","-","-","-","-","-","-","-","-","-","-","-","-","-","-","-","-","-","-","-","-","-","-","-","-","-","-","-","-","-","-","-","-","-","-","-","-","-","-","-","-","-","-","-","-","-","-","-","-","-","-","-","-","-","-","-","-","-","-","-","-","-","-","-","-","-","-","-","-","-","-","-","-","-","-","-","-","-","-","-","-","-","-","-","-","-","-","-","-","-"
"27121","Agave Ridge Apartments","29th Street Communities","Contact","","(602) 419-7198","Active Water Leak :Plumbing","Boiler Room Leak","Completed","Jul 22, 2026, 2:00 PM","Jul 22, 2026, 3:00 PM","07/22/2026","14:00:00","07/22/2026","15:00:00","Jul 22, 2026, 12:59 PM","2026","July 2026","Joey Reyes","1609 West Glendale Avenue, Phoenix, Arizona 85021","Phoenix","Arizona","85021","Main Location","Hunter Howell","MFH - Plumbing","Sent","687.94","687.94","0","0","","77747, 77748","77747","-","77748","-","Boiler Room
Nick called in a water leak for the boiler room. Pipe is leaking
POC Nick
Stop at the office before starting.","Findings
Found an active leak in the boiler room caused by a failed section of piping.
Includes
Turned off the boilers and recirculation pumps.
Shut off the water supply.
Drained the system.
Cut out and replaced the failed section of pipe.
Restored the water supply and leak tested the repair.
Turned the boilers and recirculation pumps back on.
Verified proper operation.
Cleaned up the work area.
Excludes
Work beyond the listed scope.
Water damage.
Repairs to existing piping outside the repaired section.","","-","-","00:04:58","0.07","01:00:00","1","","0","","0","150","287.94","137.94","48","400","352","150","287.94","137.94","150","48","400","352","0","687.94","687.94","","","","","MFH - Plumbing","","Nick","","","","","","Lowe's","Free","","Residential","Tier 1 - 8%","","","13751174","602 688-1527","agaveridge@29scliving.com","","","Logen Uknavage","","","","","","Dec 16, 2025, 2:50 PM","","Agave Ridge Apartments","Agave Ridge Apartments","","","-","-","-","-","-","-","-","-","-","-","-","-","-","-","-","-","-","-","-","-","-","-","-","-","-","-","-","-","-","-","-","-","-","-","-","-","-","-","-","-","-","-","-","-","-","-","-","-","-","-","-","-","-","-","-","-","-","-","-","-","-","-","-","-","-","-","-","-","-","-","-","-","-","-","-","-","-","-","-","-","Jul 22, 2026, 12:59 PM","Jul 22, 2026, 2:47 PM","01:47:28","-","-","-","-","-","Jul 22, 2026, 2:47 PM","Jul 22, 2026, 2:52 PM","00:04:58","-","-","-","-","-","-","-","-","-","-","-","-","-","Jul 22, 2026, 2:52 PM","Jul 24, 2026, 4:32 PM","49:40:26","-","Jul 24, 2026, 4:32 PM","-","-","100:46:51","-","-","-","-","-","-","-","-","-","-","-","-","-","-","-","-","-","-","-","-","-","-","-","-","-","-","-","-","-","-","-","-","-","-","-","-","-","-","-","-","-","-","-","-","-","-","-","-","-","-","-","-","-","-","-","-","-","-","-","-","-","-","-","-","-","-","-","-","-","-","-","-","-","-","-","-","-","-","-","-","-","-","-","-","-","-","-","-","-","-","-","-","-","-","-","-"
"27120","Agave Ridge Apartments","29th Street Communities","Contact","","(602) 419-7198","Active Water Leak :Plumbing","Unit 273 Water Leak","Completed","Jul 22, 2026, 1:00 PM","Jul 22, 2026, 2:00 PM","07/22/2026","13:00:00","07/22/2026","14:00:00","Jul 22, 2026, 12:58 PM","2026","July 2026","Joey Reyes","1609 West Glendale Avenue, Phoenix, Arizona 85021","Phoenix","Arizona","85021","Main Location","Hunter Howell","MFH - Plumbing","Sent","325","0","0","0","","77977","","","77977","AZ Service:MFH","Unit 273 Water leak
Nick called in about a water leak from 273 that has caused a bubble in 173
POC Nick
Stop at the office before we get started.","Findings
Found a water-filled bubble in the ceiling located in the center of the master bedroom.
Cut an inspection opening in the ceiling to investigate the source.
No active plumbing leaks or plumbing-related issues were found.
Based on the location and findings, it appears the water likely originated from an upstairs floor spill that migrated through the ceiling assembly.
Unable to inspect the upstairs unit because no adult was present.
Includes 
Cut an inspection opening in the ceiling.
Inspected exposed plumbing and surrounding area for leaks.
Documented findings.
Cleaned up work area.
Excludes
Water damage restoration.
Drywall, texture, and paint repairs.
Further investigation or repairs within the upstairs unit.
Work beyond the listed scope.","","-","-","00:59:45","0.98","01:00:00","1","","0","","0","0","0","0","0","0","0","0","5","5","0","38.4","320","281.6","0","325","325","","","","","MFH - Plumbing","","Nick","","","","","","Lowe's","Free","","Residential","Tier 1 - 8%","","","13751174","602 688-1527","agaveridge@29scliving.com","","","Logen Uknavage","","","","","","Dec 16, 2025, 2:50 PM","","Agave Ridge Apartments","Agave Ridge Apartments","","","-","-","-","-","-","-","-","-","-","-","-","-","-","-","-","-","-","-","-","-","-","-","-","-","-","-","-","-","-","-","-","-","-","-","-","-","-","-","-","-","-","-","-","-","-","-","-","-","-","-","-","-","-","-","-","-","-","-","-","-","-","-","-","-","-","-","-","-","-","-","-","-","-","-","-","-","-","-","-","-","Jul 22, 2026, 12:58 PM","Jul 22, 2026, 1:46 PM","00:47:47","-","-","-","-","-","Jul 22, 2026, 1:46 PM","Jul 22, 2026, 2:46 PM","00:59:45","-","-","-","-","-","-","-","-","-","-","-","-","-","Jul 22, 2026, 2:46 PM","Jul 26, 2026, 6:28 PM","99:41:51","-","Jul 26, 2026, 6:28 PM","-","-","50:51:21","-","-","-","-","-","-","-","-","-","-","-","-","-","-","-","-","-","-","-","-","-","-","-","-","-","-","-","-","-","-","-","-","-","-","-","-","-","-","-","-","-","-","-","-","-","-","-","-","-","-","-","-","-","-","-","-","-","-","-","-","-","-","-","-","-","-","-","-","-","-","-","-","-","-","-","-","-","-","-","-","-","-","-","-","-","-","-","-","-","-","-","-","-","-","-","-"
"27118","Colter Park","Harbor Group Management Co., LLC","Josh Stocks","wjstocks@harborgroupmanagement.com","252-561-6834","Fan coil - Leak","Unit 84 - Fan coil leak","Completed","Jul 23, 2026, 9:00 AM","Jul 23, 2026, 10:00 AM","07/23/2026","09:00:00","07/23/2026","10:00:00","Jul 22, 2026, 12:54 PM","2026","July 2026","Joey Reyes","909 West Colter Street, Phoenix, Arizona 85013","Phoenix","Arizona","85013","Main Location","Julian Guidry","MFH - Plumbing","Sent","295","0","0","0","","77991","","","77991","AZ Service:MFH","Unit 84
Josh called in fan coil leaking. It is cooling
POC Josh","Inspected the coil for unit 84 immediately noticed none of the waterlines were wrapped in just dripping onto the ceiling leaking through. I wrapped the lines up to the drain pan so no more water will be leak to the ceiling.","","-","-","00:00:36","0","01:00:00","1","01:07:04","1.12","","0","0","0","0","0","0","0","20","55","35","20","28.8","240","211.2","0","295","295","","85891773","","","MFH - Plumbing","","Josh","","","","","","Lowe's","Free","","Residential","Tier 1 - 8%","","","15508690","(480) 640-7388","fswanson@harborgroupmanagement.com","","","Logen Uknavage","","","","","","Mar 30, 2026, 9:43 AM","Harbor","Colter Park","Colter Park","Feljie","Swanson","-","-","-","-","-","-","-","-","-","-","-","-","-","-","-","-","-","-","-","-","-","-","-","-","-","-","-","-","-","-","-","-","-","-","-","-","-","-","-","-","-","-","-","-","-","-","-","-","-","-","-","-","-","-","-","-","-","-","-","-","-","-","-","-","-","-","-","-","-","-","-","-","-","-","-","-","-","-","-","-","Jul 22, 2026, 12:54 PM","Jul 23, 2026, 9:43 AM","20:48:43","-","Jul 23, 2026, 9:43 AM","Jul 23, 2026, 10:50 AM","01:07:05","-","Jul 23, 2026, 10:50 AM","Jul 23, 2026, 10:50 AM","00:00:35","-","-","-","-","-","-","-","-","-","-","-","-","-","Jul 23, 2026, 10:50 AM","Jul 27, 2026, 9:13 AM","94:23:07","-","Jul 27, 2026, 9:13 AM","-","-","36:05:29","-","-","-","-","-","-","-","-","-","-","-","-","-","-","-","-","-","-","-","-","-","-","-","-","-","-","-","-","-","-","-","-","-","-","-","-","-","-","-","-","-","-","-","-","-","-","-","-","-","-","-","-","-","-","-","-","-","-","-","-","-","-","-","-","-","-","-","-","-","-","-","-","-","-","-","-","-","-","-","-","-","-","-","-","-","-","-","-","-","-","-","-","-","-","-","-"
"27117","Bharat Kabaria","","Bharat Kabaria","bkabaria@hotmail.com","(602) 819-0244","Water Heater Install :Lowes Water Heaters","","Completed","Jul 25, 2026, 10:00 AM","Jul 25, 2026, 12:00 PM","07/25/2026","10:00:00","07/25/2026","12:00:00","Jul 22, 2026, 12:52 PM","2026","July 2026","Travis Germain","3882 E Jude Ln, Gilbert, AZ 85298","Gilbert","AZ","85298","Main Address","Tanner LaForge","Lowes","Invoiced","1598","1880","1598","0","","77955, 76966","76966","Lowes","77955","Lowes","WH962540
10-2pm

Notes and Details (Addon bundles, other details):","7/25

Uninstall, haul away, and dump old water heater.
Install New ***50 Gallon Gas Tall Water Heater**6 Year Warranty into Garage.
Remove old supply lines and ball valve.
Install 2 new supply lines, new ball valve and drip pan
**New T&P Line
**reuse sediment trap
Test to ensure everything is working properly","Lowes,In Warehouse","-","-","01:57:27","1.95","02:00:00","2","","0","","0","688","936","248","240","944","704","688","936","248","688","240","662","422","0","1598","1598","","41437288","Garage","","Lowes - Water Heaters","","","","","","","","Lowe's","Free","","Residential","Tier 1 - 8%","","","17463847","(602) 819-0244","bkabaria@hotmail.com","","","Travis Germain","IME","1st Attempt","","ESTIMATE_APPOINTMENT | APPOINTMENT_SET","ESTIMATE_APPOINTMENT | APPOINTMENT_SET","Jul 9, 2026, 4:25 PM","","Bharat Kabaria","","Bharat","Kabaria","-","-","-","-","-","-","-","-","-","-","-","-","-","-","-","-","-","-","-","-","-","-","-","-","-","-","-","-","-","-","-","-","-","-","-","-","-","-","-","-","-","-","-","-","-","-","-","-","Jul 22, 2026, 12:52 PM","Jul 25, 2026, 10:28 AM","69:36:11","-","-","-","-","-","-","-","-","-","Jul 25, 2026, 10:28 AM","Jul 25, 2026, 12:26 PM","01:57:26","-","-","-","-","-","Jul 25, 2026, 12:26 PM","Jul 27, 2026, 7:48 AM","43:22:21","-","Jul 27, 2026, 7:48 AM","-","-","37:30:50","-","-","-","-","-","-","-","-","-","-","-","-","-","-","-","-","-","-","-","-","-","-","-","-","-","-","-","-","-","-","-","-","-","-","-","-","-","-","-","-","-","-","-","-","-","-","-","-","-","-","-","-","-","-","-","-","-","-","-","-","-","-","-","-","-","-","-","-","-","-","-","-","-","-","-","-","-","-","-","-","-","-","-","-","-","-","-","-","-","-","-","-","-","-","-","-","-","-","-","-","-","-","-","-","-","-","-","-","-","-","-","-","-","-","-","-","-","-","-","-","-","-","-","-","-","-","-","-","-","-","-","-"
"27116","ATI Restoration","","Contact","","(602) 503-1740","2600229745","Sink Disconnect","Completed","Jul 24, 2026, 4:00 PM","Jul 24, 2026, 6:00 PM","07/24/2026","16:00:00","07/24/2026","18:00:00","Jul 22, 2026, 12:50 PM","2026","July 2026","Joey Reyes","13640 North Plaza Del Rio Boulevard, Peoria, Arizona 85381","Peoria","Arizona","85381","13640 North Plaza Del Rio Boulevard","Hunter Howell","MFH - Plumbing","","0","0","0","0","","","","","","","Received text from Chris
2600229745 bhc Peoria atlas endo spd 
13640 N plaza del Rio blvd, Peoria az 85382
Can we have a plumber come to disconnect a sink at 5am on Friday 7/24/26 ? 
This job need to be billed to us , this not banner job fyi","Disconnected sink will need to return with new p-trap and tubular T 
Potentially a new faucet","","-","-","00:03:32","0.05","02:00:00","2","","0","","0","0","0","0","0","0","0","0","0","0","0","0","0","0","0","0","0","","","","","PHX - Plumbing","","Abraham","","","","","","Lowe's","Free","","Residential","Tier 1 - 8%","","","15944328","","phxinvoices@atirestoration.com","","","Chris Marrs","Referral","","","","","Apr 21, 2026, 9:12 AM","Commercial,VIP","ATI Restoration","ATI Restoration","","","-","-","-","-","-","-","-","-","-","-","-","-","-","-","-","-","-","-","-","-","-","-","-","-","-","-","-","-","-","-","-","-","-","-","-","-","-","-","-","-","-","-","-","-","-","-","-","-","-","-","-","-","-","-","-","-","-","-","-","-","-","-","-","-","-","-","-","-","-","-","-","-","-","-","-","-","-","-","-","-","Jul 22, 2026, 12:50 PM","Jul 24, 2026, 5:50 PM","53:00:42","-","-","-","-","-","Jul 24, 2026, 5:50 PM","Jul 24, 2026, 5:54 PM","00:03:32","-","Jul 27, 2026, 10:59 AM","Jul 27, 2026, 1:46 PM","02:46:59","-","-","-","-","-","-","-","-","-","Jul 24, 2026, 5:54 PM","Jul 27, 2026, 10:59 AM","65:05:01","-","Jul 27, 2026, 1:46 PM","-","-","31:33:04","-","-","-","-","-","-","-","-","-","-","-","-","-","-","-","-","-","-","-","-","-","-","-","-","-","-","-","-","-","-","-","-","-","-","-","-","-","-","-","-","-","-","-","-","-","-","-","-","-","-","-","-","-","-","-","-","-","-","-","-","-","-","-","-","-","-","-","-","-","-","-","-","-","-","-","-","-","-","-","-","-","-","-","-","-","-","-","-","-","-","-","-","-","-","-","-"
"27115","Annetta Hilbrands","","Annetta Hilbrands","jenkhbrca24@gmail.com","602-524-3744","Toilet :Lowes Simple Installs","1","Completed","Jul 24, 2026, 12:00 PM","Jul 24, 2026, 2:00 PM","07/24/2026","12:00:00","07/24/2026","14:00:00","Jul 22, 2026, 12:41 PM","2026","July 2026","Ashley Reed","6725 E LEWIS AVE, SCOTTSDALE, AZ 85257","SCOTTSDALE","AZ","85257","Main Address","Sean Marble","Lowes","Paid","209","0","0","209","","77893","","","77893","Lowes:Simple Installs","Simple installs -1- KOHLER Elliston White Elongated Chair height 12-in Rough-In WaterSense 1.28 GPF Soft Close 2-piece Toilet/ pick up from lowe's/ this is for Jenifers mom/ She also purchased a new flange ring, wax ring and supply line that she has onsite

7950 EAST MCDOWELL ROAD,
Scottsdale, AZ 85257
Store: #1850
Phone: (480) 874-8120","This residence is over 65 years old Customer has cast-iron pipes removed existing toilet found that flange was indecent condition considering it was a cast-iron flange install new wax ring new floor bolts built new toilet installed no leaks caulking applied pictures and closed job complete","Lowes,Pick up from Lowes","-","-","00:31:40","0.52","02:00:00","2","00:17:43","0.28","","0","0","0","0","0","0","0","0","0","0","0","21","209","188","0","209","209","","413635810","","","Lowes - Simple Installs","","","","","","","","","","","","","","","17590847","602-524-3744","jenkhbrca24@gmail.com","null","","","IMS","","","PLUMB - ONLINE ONLY","PLUMB - ONLINE ONLY","Jul 21, 2026, 8:00 AM","","Annetta Hilbrands","","Annetta","Hilbrands","-","-","-","-","-","-","-","-","-","-","-","-","-","-","-","-","-","-","-","-","-","-","-","-","-","-","-","-","-","-","-","-","-","-","-","-","-","-","-","-","-","-","-","-","-","-","-","-","Jul 22, 2026, 12:41 PM","Jul 24, 2026, 10:32 AM","45:51:07","-","Jul 24, 2026, 10:32 AM","Jul 24, 2026, 11:13 AM","00:41:15","-","Jul 24, 2026, 11:13 AM","Jul 24, 2026, 11:31 AM","00:17:43","-","Jul 24, 2026, 11:31 AM","Jul 24, 2026, 12:03 PM","00:31:40","-","-","-","-","-","Jul 24, 2026, 12:03 PM","Jul 24, 2026, 12:19 PM","00:16:44","-","Jul 24, 2026, 12:19 PM","-","-","104:59:23","-","-","-","-","-","-","-","-","-","-","-","-","-","-","-","-","-","-","-","-","-","-","-","-","-","-","-","-","-","-","-","-","-","-","-","-","-","-","-","-","-","-","-","-","-","-","-","-","-","-","-","-","-","-","-","-","-","-","-","-","-","-","-","-","-","-","-","-","-","-","-","-","-","-","-","-","-","-","-","-","-","-","-","-","-","-","-","-","-","-","-","-","-","-","-","-","-","-","-","-","-","-","-","-","-","-","-","-","-","-","-","-","-","-","-","-","-","-","-","-","-","-","-","-","-","-","-","-","-","-","-","-"
"27114","Estates on Maryland","BH Management Services LLC","Brian Nielsen","brian.nielsen@livebh.com","","Active Water Leak :Plumbing","Unit 2033/1033 Water leak","Completed","Jul 22, 2026, 3:00 PM","Jul 22, 2026, 5:00 PM","07/22/2026","15:00:00","07/22/2026","17:00:00","Jul 22, 2026, 12:13 PM","2026","July 2026","Joey Reyes","1802 West Maryland Avenue, Phoenix, Arizona 85015","Phoenix","Arizona","85015","Main Location","Adam George","PHX - Plumbing","Invoiced","285","0","285","0","","77984","","","77984","AZ Service:MFH","Unit 2033/1033
Brian called in to let us know there is a leak between the units in the guest bathrooms
POC Brian","Tub in 2033 was leaking from the spud where a failed gasket was evident. Cut out the spud and replaced it with a new tubular spud gasket and putty. This resolved the first leak, but it made the second leak apparent from the overflow. Pulled the overflow cover and found that the overflow is 1/2"" too high, and someone caulked it in, causing the tub to crack around the overflow from flexing and motion","","-","-","01:07:45","1.12","02:00:00","2","01:42:19","1.7","","0","0","0","0","0","0","0","28.42","5","-23.42","0","33.6","280","246.4","0","285","285","","","","","MFH - Plumbing","","Brian","","","","","","Lowe's","Free","","Residential","Tier 1 - 8%","","","12632084","","brian.nielsen@livebh.com","","","Logen Uknavage","Referral","","","","","Oct 6, 2025, 1:27 PM","MFH,Commercial,BH Mgmt","Estates on Maryland","Estates on Maryland","Brian","Nielsen","-","-","-","-","-","-","-","-","-","-","-","-","-","-","-","-","-","-","-","-","-","-","-","-","-","-","-","-","-","-","-","-","-","-","-","-","-","-","-","-","-","-","-","-","-","-","-","-","-","-","-","-","-","-","-","-","-","-","-","-","-","-","-","-","-","-","-","-","-","-","-","-","-","-","-","-","-","-","-","-","Jul 22, 2026, 12:13 PM","Jul 22, 2026, 1:47 PM","01:33:34","-","Jul 22, 2026, 1:47 PM","Jul 22, 2026, 3:29 PM","01:42:18","-","Jul 22, 2026, 3:29 PM","Jul 22, 2026, 4:37 PM","01:07:45","-","-","-","-","-","-","-","-","-","-","-","-","-","Jul 22, 2026, 4:37 PM","Jul 27, 2026, 8:42 AM","112:05:27","-","Jul 27, 2026, 8:42 AM","-","-","36:36:22","-","-","-","-","-","-","-","-","-","-","-","-","-","-","-","-","-","-","-","-","-","-","-","-","-","-","-","-","-","-","-","-","-","-","-","-","-","-","-","-","-","-","-","-","-","-","-","-","-","-","-","-","-","-","-","-","-","-","-","-","-","-","-","-","-","-","-","-","-","-","-","-","-","-","-","-","-","-","-","-","-","-","-","-","-","-","-","-","-","-","-","-","-","-","-","-"
"27113","Dean Marshall","","Dean Marshall","marshall90621@gmail.com","520-709-5858","Toilet :Lowes Simple Installs","1","Canceled","Jul 23, 2026, 1:30 PM","Jul 23, 2026, 3:30 PM","07/23/2026","13:30:00","07/23/2026","15:30:00","Jul 22, 2026, 11:55 AM","2026","July 2026","Ashley Reed","722 W Nova Pl, Casa Grande, AZ 85122","Casa Grande","AZ","85122","Main Address","Sean Marble","Lowes","Paid","607","0","0","85","","77773, 77796, 77772","","","77773, 77796, 77772","Lowes:Simple Installs, Lowes:Simple Installs, Lowes:Simple Installs","Simple installs -1- KOHLER Battan The Complete Solution White Elongated Chair height 12-in Rough-In WaterSense 1.28 GPF Soft Close 2-piece Toilet/ pick up from lowe's/

1436 E. FLORENCE BOULEVARD,
Casa Grande, AZ 85122
Store: #2272
Phone: (520) 836-4170

Delivery Fee: PR32459908
Trip charge: PR32467908","Customer has a 10 inch Ruffin and they got a 12 Ruffin toilet. Also the skirted toilet that they got will not fit because the toilet goes all the way back to the wall and their waterline is too close which will hit. Customer has been informed and knows what to look for and what to get now returning toilet to Lowe’s.
Toilet returned to Lowe’s pictures enclosed","Pick up from Lowes,Lowes","-","-","","0","02:00:00","2","00:24:44","0.4","","0","0","0","0","0","0","0","0","0","0","0","60","607","547","0","607","607","","413423088","","","Lowes - Simple Installs","","","","","","","","","","","","","","","17559474","520-709-5858","marshall90621@gmail.com","null","","","IMS","","","PLUMB - GENERAL (NO SOFTENERS)","PLUMB - GENERAL (NO SOFTENERS)","Jul 18, 2026, 8:01 AM","","Dean Marshall","","Dean","Marshall","-","-","-","-","-","-","-","-","-","-","-","-","-","-","-","-","-","-","-","-","-","-","-","-","-","-","-","-","-","-","-","-","-","-","-","-","-","-","-","-","-","-","-","-","-","-","-","-","Jul 22, 2026, 5:02 PM","Jul 23, 2026, 10:11 AM","17:09:20","-","Jul 23, 2026, 10:11 AM","Jul 23, 2026, 11:04 AM","00:52:23","-","Jul 23, 2026, 11:04 AM","Jul 23, 2026, 11:29 AM","00:24:43","-","-","-","-","-","Jul 23, 2026, 11:29 AM","Jul 27, 2026, 10:17 AM","94:48:22","-","-","-","-","-","Jul 22, 2026, 4:54 PM","Jul 22, 2026, 5:02 PM","00:08:00","-","Jul 27, 2026, 10:17 AM","-","-","35:01:54","-","-","-","-","-","-","-","-","-","-","-","-","-","-","-","-","-","-","-","-","-","-","-","-","-","-","-","-","-","-","-","-","-","-","-","-","-","-","-","-","-","-","-","-","-","-","-","-","-","-","-","-","-","-","-","-","-","-","-","-","-","-","-","-","-","-","-","-","-","-","-","-","-","-","-","-","-","-","-","-","-","-","-","-","-","-","-","-","-","-","-","-","-","-","-","-","-","-","-","-","-","-","-","-","-","-","-","-","-","-","-","-","-","-","-","-","-","-","-","-","-","-","-","-","-","-","-","-"
"27112","Carol Field","","Carol Field","frontierfrannie@gmail.com","928-978-0110","Toilet :Lowes Simple Installs","1","Completed","Jul 23, 2026, 12:00 PM","Jul 23, 2026, 1:30 PM","07/23/2026","12:00:00","07/23/2026","13:30:00","Jul 22, 2026, 11:49 AM","2026","July 2026","Ashley Reed","36921 W Mondragone Ln, Maricopa, AZ 85138","Maricopa","AZ","85138","Main Address","Sean Marble","Lowes","","0","0","0","0","","","","","","","Simple installs - the Kohlr toilet is rocking and so is the toilet seat. Customer also wants us to caulk the toilet","Toilet just needed one little shim and is now called job complete it seems to me that the old toilet had a different footprint size and the new one has a larger one so doesn’t set just perfect unfortunately the only way to fix that is with a shim to try to  level it the best you can","Lowes,Recall","-","-","00:10:56","0.17","01:30:00","1.5","00:51:29","0.85","","0","0","0","0","0","0","0","0","0","0","0","0","0","0","0","0","0","","WO003312679","","","Lowes - Simple Installs","","","","","","","","","","","","","","","16602895","928-978-0110","frontierfrannie@gmail.com","null","","","IMS","","","PLUMB - GENERAL (NO SOFTENERS)","PLUMB - GENERAL (NO SOFTENERS)","May 15, 2026, 8:00 AM","","Carol Field","","Carol","Field","-","-","-","-","-","-","-","-","-","-","-","-","-","-","-","-","-","-","-","-","-","-","-","-","-","-","-","-","-","-","-","-","-","-","-","-","-","-","-","-","-","-","-","-","-","-","-","-","-","-","-","-","-","-","-","-","-","-","-","-","-","-","-","-","-","-","-","-","-","-","-","-","-","-","-","-","-","-","-","-","Jul 22, 2026, 11:49 AM","Jul 23, 2026, 9:05 AM","21:16:45","-","Jul 23, 2026, 9:05 AM","Jul 23, 2026, 9:57 AM","00:51:22","-","Jul 23, 2026, 9:57 AM","Jul 23, 2026, 10:08 AM","00:10:56","-","-","-","-","-","-","-","-","-","-","-","-","-","Jul 23, 2026, 10:08 AM","Jul 23, 2026, 4:20 PM","06:11:56","-","Jul 23, 2026, 4:20 PM","-","-","124:59:08","-","-","-","-","-","-","-","-","-","-","-","-","-","-","-","-","-","-","-","-","-","-","-","-","-","-","-","-","-","-","-","-","-","-","-","-","-","-","-","-","-","-","-","-","-","-","-","-","-","-","-","-","-","-","-","-","-","-","-","-","-","-","-","-","-","-","-","-","-","-","-","-","-","-","-","-","-","-","-","-","-","-","-","-","-","-","-","-","-","-","-","-","-","-","-","-"
"27111","Colter Park","Harbor Group Management Co., LLC","Contact","jpelayo@harborgroupmanagement.com","","Fan Coil - No Cool","Unit 41 Fan coil is completely down","Completed","Jul 22, 2026, 12:00 PM","Jul 22, 2026, 1:00 PM","07/22/2026","12:00:00","07/22/2026","13:00:00","Jul 22, 2026, 11:48 AM","2026","July 2026","Joey Reyes","909 West Colter Street, Phoenix, Arizona 85013","Phoenix","Arizona","85013","Main Location","Jordan Wise","MFH - Plumbing","","0","0","0","0","","","","","","","Unit 41
We replaced the coil and there was some leaking last week. The system is not leaking but it is completely down and not cool.
Please get with Jesus as soon as you have determined what is wrong","Arrived 12:30pm - Finished 2:30pm
Once at unit inspected fan coil wiring, and thermostat wiring trying to figure out why it would not turn on after running through many different scenarios came to the conclusion that there is not enough voltage coming from the breaker to feed the thermostat or the fan coil informed Chris and he told me to let Josh know that they may need an electrician informed Josh before heading to next call.","Recall","-","-","01:50:48","1.83","01:00:00","1","","0","","0","0","0","0","0","0","0","0","0","0","0","0","0","0","0","0","0","","","","","MFH - Plumbing","","Jesus","","","","","","Lowe's","Free","","Residential","Tier 1 - 8%","","","15508690","(480) 640-7388","fswanson@harborgroupmanagement.com","","","Logen Uknavage","","","","","","Mar 30, 2026, 9:43 AM","Harbor","Colter Park","Colter Park","Feljie","Swanson","-","-","-","-","-","-","-","-","-","-","-","-","-","-","-","-","-","-","-","-","-","-","-","-","-","-","-","-","-","-","-","-","-","-","-","-","-","-","-","-","-","-","-","-","-","-","-","-","-","-","-","-","-","-","-","-","-","-","-","-","-","-","-","-","-","-","-","-","-","-","-","-","-","-","-","-","-","-","-","-","Jul 22, 2026, 11:48 AM","Jul 22, 2026, 12:30 PM","00:41:49","-","-","-","-","-","Jul 22, 2026, 12:30 PM","Jul 22, 2026, 2:21 PM","01:50:48","-","-","-","-","-","-","-","-","-","-","-","-","-","Jul 22, 2026, 2:21 PM","Jul 24, 2026, 3:30 PM","49:09:41","-","Jul 24, 2026, 3:30 PM","-","-","101:48:39","-","-","-","-","-","-","-","-","-","-","-","-","-","-","-","-","-","-","-","-","-","-","-","-","-","-","-","-","-","-","-","-","-","-","-","-","-","-","-","-","-","-","-","-","-","-","-","-","-","-","-","-","-","-","-","-","-","-","-","-","-","-","-","-","-","-","-","-","-","-","-","-","-","-","-","-","-","-","-","-","-","-","-","-","-","-","-","-","-","-","-","-","-","-","-","-"
"27110","Renee Manzo","","Renee Manzo","cavaliergirl8@yahoo.com","(480) 231-7088","Fixture Issues :Plumbing","Knocking sound / valve","Completed","Jul 22, 2026, 12:00 PM","Jul 22, 2026, 2:00 PM","07/22/2026","12:00:00","07/22/2026","14:00:00","Jul 22, 2026, 11:47 AM","2026","July 2026","Beatriz Garcia","11242 East Escondido Avenue, Mesa, Arizona 85208","Mesa","Arizona","85208","Main Location","Adam George","PHX - Plumbing","Estimate","0","1125","0","0","","77729","77729","AZ Service:Resi Plumbing","","","ESTIMATE_APPOINTMENT | APPOINTMENT_SET

Reason for call? Hearing a big hammering sound in the wall when turning the water on. somewhere in the house there is a valve that is not opening or closing all the way. Emergency.

Who will be present to meet the technician? Unknown

Is there anything else you would like technician to look at while they are there? N/A

How did you hear about NexLvl Services? Lowes lead","","Resi,Lowes","-","-","00:15:39","0.25","02:00:00","2","00:17:47","0.28","","0","300","525","225","84","600","516","0","0","0","0","0","0","0","0","0","0","","","","","Resi Plumbing","","Renee Manzo","","","","","","Lowe's","Free","","Residential","Tier 1 - 8%","","","17608043","(480) 231-7088","cavaliergirl8@yahoo.com","","","Travis Germain","IME","1st Attempt","","ESTIMATE_APPOINTMENT | APPOINTMENT_SET","ESTIMATE_APPOINTMENT | APPOINTMENT_SET","Jul 22, 2026, 8:37 AM","","Renee Manzo","","Renee","Manzo","-","-","-","-","-","-","-","-","-","-","-","-","-","-","-","-","-","-","-","-","-","-","-","-","-","-","-","-","-","-","-","-","-","-","-","-","-","-","-","-","-","-","-","-","-","-","-","-","-","-","-","-","-","-","-","-","-","-","-","-","-","-","-","-","-","-","-","-","-","-","-","-","-","-","-","-","-","-","-","-","Jul 22, 2026, 11:47 AM","Jul 22, 2026, 12:05 PM","00:18:14","-","Jul 22, 2026, 12:05 PM","Jul 22, 2026, 12:23 PM","00:17:47","-","Jul 22, 2026, 12:23 PM","Jul 22, 2026, 12:38 PM","00:15:36","-","-","-","-","-","-","-","-","-","-","-","-","-","Jul 22, 2026, 12:38 PM","Jul 27, 2026, 2:52 PM","122:13:20","-","Jul 27, 2026, 2:52 PM","-","-","30:27:16","-","-","-","-","-","-","-","-","-","-","-","-","-","-","-","-","-","-","-","-","-","-","-","-","-","-","-","-","-","-","-","-","-","-","-","-","-","-","-","-","-","-","-","-","-","-","-","-","-","-","-","-","-","-","-","-","-","-","-","-","-","-","-","-","-","-","-","-","-","-","-","-","-","-","-","-","-","-","-","-","-","-","-","-","-","-","-","-","-","-","-","-","-","-","-","-"
"27109","Michael Gardner","","Michael Gardner","migar14@yahoo.com","(602) 881-3124","Water Heater Install :Lowes Water Heaters","","Completed","Jul 22, 2026, 12:00 PM","Jul 22, 2026, 2:00 PM","07/22/2026","12:00:00","07/22/2026","14:00:00","Jul 22, 2026, 11:44 AM","2026","July 2026","Gina Neisius","4190 S Ponderosa Dr, Gilbert, AZ 85297","Gilbert","AZ","85297","Main Address","Matt Schlosser","Lowes","Paid","1567.4","1844","0","1567.4","","77718, 77752","77718","Lowes","77752","Lowes","#816161


Model Number #


Lowes Store Address:


Notes and Details (Addon bundles, other details):","Scope of Work Performed**

* Removed two existing supply lines
* Removed one existing shut off valve 
* Disconnected the electrical
* Cut the T&P line
* Drained water heater and removed unit from the house

**Installation & Reconnection**

* Installed two new water supply lines
* Installed one new shut off valve.
* Installed 24-inch drain pan
* Re-ran T&P discharge line into the wall outlet
* Connected electrical to heater
* Filled water heater


**Testing & Closeout**

* Checked system for proper operation
* Registered new water heater 
* All documentation signed and payment collected","Lowes,In Warehouse","-","-","01:20:56","1.33","02:00:00","2","01:01:15","1.02","","0","577","804","227","240","1040","800","577","804","227","577","240","763.4","523.4","0","1567.4","1567.4","","41435857","garage cubby","","Lowes - Water Heaters","","","","","","","","Lowe's","Free","","Residential","Tier 1 - 8%","","","17609414","(602) 881-3124","migar14@yahoo.com","","","Gina Neisius","IME","New Prospect","","ESTIMATE_APPOINTMENT | APPOINTMENT_SET","ESTIMATE_APPOINTMENT | APPOINTMENT_SET","Jul 22, 2026, 11:27 AM","","Michael Gardner","","Michael","Gardner","-","-","-","-","-","-","-","-","-","-","-","-","-","-","-","-","-","-","-","-","-","-","-","-","-","-","-","-","-","-","-","-","-","-","-","-","-","-","-","-","-","-","-","-","-","-","-","-","Jul 22, 2026, 11:44 AM","Jul 22, 2026, 11:51 AM","00:06:30","-","-","-","-","-","Jul 22, 2026, 11:51 AM","Jul 22, 2026, 12:52 PM","01:01:15","-","Jul 22, 2026, 12:52 PM","Jul 22, 2026, 2:13 PM","01:20:56","-","-","-","-","-","Jul 22, 2026, 2:13 PM","Jul 22, 2026, 3:00 PM","00:47:17","-","Jul 22, 2026, 3:00 PM","-","-","150:18:50","-","-","-","-","-","-","-","-","-","-","-","-","-","-","-","-","-","-","-","-","-","-","-","-","-","-","-","-","-","-","-","-","-","-","-","-","-","-","-","-","-","-","-","-","-","-","-","-","-","-","-","-","-","-","-","-","-","-","-","-","-","-","-","-","-","-","-","-","-","-","-","-","-","-","-","-","-","-","-","-","-","-","-","-","-","-","-","-","-","-","-","-","-","-","-","-","-","-","-","-","-","-","-","-","-","-","-","-","-","-","-","-","-","-","-","-","-","-","-","-","-","-","-","-","-","-","-","-","-","-","-","-"
"27108","Aspire Park Central","","Contact","","(206) 484-3144","No Cool :HVAC","Unit 906 Compressor replacement","Pending Audit","Jul 23, 2026, 9:00 AM","Jul 23, 2026, 11:00 AM","07/23/2026","09:00:00","07/23/2026","11:00:00","Jul 22, 2026, 11:34 AM","2026","July 2026","Joey Reyes","100 West Catalina Drive, Phoenix, Arizona 85013","Phoenix","Arizona","85013","Main Location","Jacob Martinez","MFH - HVAC","","0","0","0","0","","","","","","","Unit 906
Robert called to let us know the compressor has failed and they want it replaced. We did not do the diagnostic on this compressor
M# 4Twr4024G1000AC
S# 21282C644F
POC is Robert

On will at phoenix deer valley location. Under parts warranty","Work Performed & System Prep installed 1.5 ton compressor and new bi flow
​Line Set: Flushed and cleared line set with nitrogen purge.
​Brazing: Maintained continuous nitrogen flow while brazing all connections.
​Pressure Testing: System held a 300 PSI nitrogen test for 10 minutes with zero drop.
​Evacuation: Pulled deep vacuum to below 500 microns.
​System Operations & Diagnostics
​Refrigerant Charge: Weighed in factory charge of 5 lbs 12 oz.
​Operational Status: System operational; active cooling confirmed.","","-","-","25:29:28","25.48","02:00:00","2","02:56:11","2.93","","0","0","0","0","0","0","0","0","0","0","0","0","0","0","0","0","0","","","","","MFH - HVAC","","Robert","","","","","","Lowe's","Free","","Residential","Tier 1 - 8%","","","17171438","(206) 484-3144","","","","Logen Uknavage","","","","","","Jun 15, 2026, 1:50 PM","","Aspire Park Central","Aspire Park Central","Robert","","-","-","-","-","-","-","-","-","-","-","-","-","-","-","-","-","-","-","-","-","-","-","-","-","-","-","-","-","-","-","-","-","-","-","-","-","-","-","-","-","-","-","-","-","-","-","-","-","-","-","-","-","-","-","-","-","-","-","-","-","-","-","-","-","-","-","-","-","-","-","-","-","-","-","-","-","-","-","-","-","Jul 23, 2026, 1:07 PM","Jul 23, 2026, 1:39 PM","00:31:42","-","Jul 24, 2026, 3:55 PM","Jul 24, 2026, 4:43 PM","00:47:55","-","Jul 24, 2026, 4:43 PM","Jul 25, 2026, 12:09 AM","07:25:39","-","Jul 24, 2026, 3:38 PM","Jul 24, 2026, 3:55 PM","00:17:24","-","-","-","-","-","-","-","-","-","Jul 25, 2026, 12:09 AM","-","-","93:10:08","-","-","-","-","-","-","-","-","-","-","-","-","-","-","-","-","-","-","-","-","-","-","-","-","-","-","-","-","-","-","-","-","-","-","-","-","-","-","-","-","-","-","-","-","-","-","-","-","-","-","-","-","-","-","-","-","-","-","-","-","-","-","-","-","-","-","-","-","-","-","-","-","-","-","-","-","-","-","-","-","-","-","-","-","-","-","-","-","-","-","-","-","-","-","-","-","-","-","-","-"
"27107","Lisa Bernstein","","Lisa Bernstein","lisabseank@gmail.com","(847) 274-8482","Faucet :Lowes Simple Installs","1","Completed","Jul 23, 2026, 11:00 AM","Jul 23, 2026, 12:00 PM","07/23/2026","11:00:00","07/23/2026","12:00:00","Jul 22, 2026, 11:33 AM","2026","July 2026","Ashley Reed","2810 W Wildwood Dr Phoenix, AZ 85045","","","85045","Main Location","Sean Marble","Lowes","Paid","135","0","0","135","","77838","","","77838","Lowes:Simple Installs","Simple installs -1- Moen Edwyn Spot Resist Stainless Single Handle Deck-mount Pull-down Kitchen Faucet with Sprayer (Includes Deck Plate) (Includes Soap Dispenser)/ onsite","Removed existing faucet and replaced with almost identical faucet, but different tested no leaks job complete","Lowes,onsite","-","-","00:21:32","0.35","01:00:00","1","00:28:19","0.47","","0","0","0","0","0","0","0","0","0","0","0","14","135","121","0","135","135","","413483958","","","Lowes - Simple Installs","","","","","","","","Lowe's","Free","","Residential","Tier 1 - 8%","","","12142256","(847) 274-8482","lisabseank@gmail.com","(312) 406-0074","","","IMS","","","","","Aug 27, 2025, 11:54 AM","Lowes - Simple Installs","Lisa Bernstein","","Lisa","Bernstein","-","-","-","-","-","-","-","-","-","-","-","-","-","-","-","-","-","-","-","-","-","-","-","-","-","-","-","-","-","-","-","-","-","-","-","-","-","-","-","-","-","-","-","-","-","-","-","-","Jul 22, 2026, 11:33 AM","Jul 23, 2026, 8:14 AM","20:41:12","-","-","-","-","-","Jul 23, 2026, 8:14 AM","Jul 23, 2026, 8:42 AM","00:28:19","-","Jul 23, 2026, 8:42 AM","Jul 23, 2026, 9:04 AM","00:21:32","-","-","-","-","-","Jul 23, 2026, 9:04 AM","Jul 23, 2026, 4:22 PM","07:17:54","-","Jul 23, 2026, 4:22 PM","-","-","124:57:21","-","-","-","-","-","-","-","-","-","-","-","-","-","-","-","-","-","-","-","-","-","-","-","-","-","-","-","-","-","-","-","-","-","-","-","-","-","-","-","-","-","-","-","-","-","-","-","-","-","-","-","-","-","-","-","-","-","-","-","-","-","-","-","-","-","-","-","-","-","-","-","-","-","-","-","-","-","-","-","-","-","-","-","-","-","-","-","-","-","-","-","-","-","-","-","-","-","-","-","-","-","-","-","-","-","-","-","-","-","-","-","-","-","-","-","-","-","-","-","-","-","-","-","-","-","-","-","-","-","-","-","-"
"27106","505 West","Harbor Group Management Co., LLC","Jesus Maintenance supervisor","jpelayo@harborgroupmanagement.com","480-577-2649","No Cool :HVAC","Unit 2049 - No cool","Completed","Jul 22, 2026, 1:00 PM","Jul 22, 2026, 3:00 PM","07/22/2026","13:00:00","07/22/2026","15:00:00","Jul 22, 2026, 11:31 AM","2026","July 2026","Joey Reyes","505 West Baseline Road, Tempe, Arizona 85283","Tempe","Arizona","85283","Main Location","Chuy Torres, Riley Torres, Hector Aguirre","MFH - HVAC","Sent","3950","3950","0","0","","77797, 78005","77797","MFH:MFH - HVAC","78005","MFH:MFH - HVAC","Can't be on property after 6p. If we have to be, call Jesus to verify
Goodman condensers only for this property - R32 ONLY
Unit 2049 Building 19
Have to access building from the east side, to get to the roof. Unit is on west side
Unit is humming. Possibly needs to be recharged
POC Anthony","---

## **Field Service Report: Compressor Valve Failure & Replacement Estimate**

**Date:** July 22, 2026  
**Unit:** 20494  
**Status:** Arrived on-site, diagnosed fatal mechanical damage (failed internal compressor valves) on an older 2-ton 14 SEER system, and recommended a full system replacement.

### **Diagnostic Findings**
* **Initial Assessment:** Responded to a no-cooling call and evaluated the indoor and outdoor HVAC equipment.
* **System Evaluation:** Inspected the equipment, noting it is an older **2-ton, 14 SEER system**.
* **Component Failure:** Hooked up the gauges and tested the compressor. Determined that the internal **compressor valves are shot**. The compressor is running electrically but is not pumping correctly, meaning it can no longer compress the refrigerant to create the pressure differential required for cooling.

### **Recommendations & Next Steps**
* **System Replacement Recommended:** Because the internal mechanical valves have completely failed and the system is older, repairing or replacing just the compressor is not a viable or cost-effective option. I highly **recommend a full system replacement**.
* **Equipment Specs & Action Item:** I am submitting these findings to the office to generate a formal replacement bid. The quote should be built for the following matched equipment:
  * **Indoor:** 2-ton First Company air handler
  * **Outdoor:** 2-ton straight cool Goodman condenser

---

**Status: Unit Condemned (Failed Compressor Valves) — Pending Full System Replacement","","-","-","01:03:12","1.05","02:00:00","2","","0","","0","1067.54","1593.34","525.8","1810.73","2356.66","545.93","2462.38","1593.34","-869.04","1067.54","1810.73","2356.66","545.93","0","3950","3950","","","","","MFH - HVAC","","Anthony","","","","","","Lowe's","Free","","Residential","Tier 1 - 8%","","","15570187","480-577-2649","jpelayo@harborgroupmanagement.com","","","Logen Uknavage","","","","","Can't be on property after 6p. If we have to be, call Jesus to verify
Goodman condensers only for this property - R32 ONLY","Apr 2, 2026, 10:44 AM","Harbor","505 West","505 West","Jesus","Maintenance supervisor","-","-","-","-","-","-","-","-","-","-","-","-","-","-","-","-","-","-","-","-","-","-","-","-","-","-","-","-","-","-","-","-","-","-","-","-","-","-","-","-","-","-","-","-","-","-","-","-","-","-","-","-","-","-","-","-","-","-","-","-","-","-","-","-","-","-","-","-","-","-","-","-","-","-","-","-","-","-","-","-","Jul 22, 2026, 11:31 AM","Jul 22, 2026, 3:14 PM","03:42:25","-","-","-","-","-","Jul 22, 2026, 3:14 PM","Jul 22, 2026, 4:17 PM","01:03:13","-","Jul 23, 2026, 4:57 PM","Jul 27, 2026, 9:45 AM","88:47:56","-","-","-","-","-","-","-","-","-","Jul 22, 2026, 4:17 PM","Jul 23, 2026, 12:35 PM","20:17:52","-","Jul 27, 2026, 9:45 AM","-","-","35:34:01","-","-","-","-","-","-","-","-","-","-","-","-","-","-","-","-","-","-","-","-","-","-","-","-","-","-","-","-","-","-","-","-","-","-","-","-","-","-","-","-","-","-","-","-","-","-","-","-","-","-","-","-","-","-","-","-","-","-","-","-","-","-","-","-","-","-","-","-","-","-","-","-","-","-","-","-","-","-","-","-","-","-","-","-","-","-","-","-","-","-","-","-","-","-","-","-"
"27104","Judy Saint-Erne","","Judy Saint-Erne","judysaint3@gmail.com","623-680-8854","Toilet :Lowes Simple Installs","2","Completed","Jul 23, 2026, 10:00 AM","Jul 23, 2026, 1:00 PM","07/23/2026","10:00:00","07/23/2026","13:00:00","Jul 22, 2026, 11:17 AM","2026","July 2026","Ashley Reed","3845 W CALLE LEJOS, GLENDALE, AZ 85310","GLENDALE","AZ","85310","Main Address","Erik Tange","Lowes","Paid","560.5","142.5","0","560.5","","77809, 77816, 77841","77809","Lowes:Simple Installs","77816, 77841","Lowes:Simple Installs, Lowes:Simple Installs","Simple installs -2- Project Source Pro-flush White Elongated Chair height 12-in Rough-In WaterSense 1.28 GPF 2-piece Toilet with XL Trapway/ onsite/ one is going upstairs and one is on the first floor/ please call her husband Nick 602-568-1788 when you are on your way","Upstairs master bath toilet:
Exsisting angle stop is 1/4 turn and works as it should.
Customer has exsisting bidet seat they would like removed and reinstalled on new toilet. Disconnected supply lines, removed exsisting bidet seat, removed old toilet, cleaned area under old toilet. 
Exsisting toilet flange is below floor level, but otherwise in good working condition. 
Installed new included wax ring and doubled with customer provided wax ring. 
Installed new toilet bowl, installed new toilet tank, reinstalled bidet seat, connected supply lines. Checked for leaks, no leaks. Toilet flushes and functions as necessary. Sealed to floor with white silicone caulking.

Downstairs hall bath toilet:
Exsisting angle stop is 1/4 turn and works as it should. Exsisting bidet seat will be reinstalled. Disconnected supply lines, removed bidet seat, removed old toilet. Exsisting toilet flange is in poor condition. I suggested to customer they should have it replaced. Customer agreed to quote and invoice.
Removed old toilet flange, cleaned area, **installed new clamp on toilet flange, installed new toilet bolts.**
Installed new included wax ring, installed new toilet bowl, installed new toilet tank, reconnected bidet seat and supply lines. Checked for leaks, no leaks. Toilet flushes and functions as necessary. Sealed to floor with white silicone caulking.","onsite,Lowes","-","-","02:16:52","2.27","03:00:00","3","00:17:38","0.28","","0","15","50","35","11.1","92.5","81.4","15","50","35","15","53.1","510.5","457.4","0","560.5","560.5","","413549774","","","Lowes - Simple Installs","","","","","","","","","","","","","","","17590866","623-680-8854","judysaint3@gmail.com","null","","","IMS","","","PLUMB - ONLINE ONLY","PLUMB - ONLINE ONLY","Jul 21, 2026, 8:00 AM","","Judy Saint-Erne","","Judy","Saint-Erne","-","-","-","-","-","-","-","-","-","-","-","-","-","-","-","-","-","-","-","-","-","-","-","-","-","-","-","-","-","-","-","-","-","-","-","-","-","-","-","-","-","-","-","-","-","-","-","-","Jul 22, 2026, 11:17 AM","Jul 23, 2026, 11:40 AM","24:23:08","-","-","-","-","-","Jul 23, 2026, 11:40 AM","Jul 23, 2026, 11:58 AM","00:17:38","-","Jul 23, 2026, 11:58 AM","Jul 23, 2026, 2:15 PM","02:16:52","-","-","-","-","-","Jul 23, 2026, 2:15 PM","Jul 23, 2026, 4:31 PM","02:16:29","-","Jul 23, 2026, 4:31 PM","-","-","124:47:24","-","-","-","-","-","-","-","-","-","-","-","-","-","-","-","-","-","-","-","-","-","-","-","-","-","-","-","-","-","-","-","-","-","-","-","-","-","-","-","-","-","-","-","-","-","-","-","-","-","-","-","-","-","-","-","-","-","-","-","-","-","-","-","-","-","-","-","-","-","-","-","-","-","-","-","-","-","-","-","-","-","-","-","-","-","-","-","-","-","-","-","-","-","-","-","-","-","-","-","-","-","-","-","-","-","-","-","-","-","-","-","-","-","-","-","-","-","-","-","-","-","-","-","-","-","-","-","-","-","-","-","-"
"27103","Ben Tieni","","Ben Tieni","bentieni@gmail.com","(480) 323-8336","Water Heater Install :Lowes Water Heaters","","Completed","Jul 23, 2026, 8:00 AM","Jul 23, 2026, 10:00 AM","07/23/2026","08:00:00","07/23/2026","10:00:00","Jul 22, 2026, 11:12 AM","2026","July 2026","Brenton Heward","3411 N 24th Dr, Phoenix, AZ 85015","Phoenix","AZ","85015","Main Address","Matt Schlosser","Lowes","Invoiced","1585.25","1865","1585.25","0","","72969, 77791","72969","Lowes","77791","Lowes","WH1325040
Notes and Details (Addon bundles, other details):","Scope of Work Performed**

* Removed two existing supply lines
* Removed one existing shut off valve 
* Disconnected the ventilation and gas line
* Cut the T&P line
* Drained water heater and removed unit from the house

**Installation & Reconnection**

* Installed two new water supply lines
* Installed one new shut off valve 
* Installed 22-inch drain pan
* Re-ran T&P discharge line into the wall outlet
* Connected ventilation and gas line
* Filled water heater

**Testing & Closeout**

* Checked system for proper operation
* Registered the new water heater
* All documentation signed and payment collected","In Warehouse,Lowes","-","-","02:29:43","2.48","02:00:00","2","00:39:25","0.65","","0","610","825","215","215","1040","825","610","825","215","610","215","760.25","545.25","0","1585.25","1585.25","","41435689","","","Lowes - Water Heaters","","","","","","","","Lowe's","Free","","Residential","Tier 1 - 8%","","","16175026","(480) 323-8336","bentieni@gmail.com","","","Travis Germain","IME","1st Attempt","","ESTIMATE_APPOINTMENT | APPOINTMENT_SET","ESTIMATE_APPOINTMENT | APPOINTMENT_SET","Apr 30, 2026, 10:43 PM","","Ben Tieni","","Ben","Tieni","-","-","-","-","-","-","-","-","-","-","-","-","-","-","-","-","-","-","-","-","-","-","-","-","-","-","-","-","-","-","-","-","-","-","-","-","-","-","-","-","-","-","-","-","-","-","-","-","Jul 22, 2026, 11:12 AM","Jul 23, 2026, 7:29 AM","20:17:31","-","-","-","-","-","Jul 23, 2026, 7:29 AM","Jul 23, 2026, 8:09 AM","00:39:31","-","Jul 23, 2026, 8:09 AM","Jul 23, 2026, 10:38 AM","02:29:37","-","-","-","-","-","Jul 23, 2026, 10:38 AM","Jul 23, 2026, 10:55 AM","00:16:43","-","Jul 23, 2026, 10:55 AM","-","-","130:23:44","-","-","-","-","-","-","-","-","-","-","-","-","-","-","-","-","-","-","-","-","-","-","-","-","-","-","-","-","-","-","-","-","-","-","-","-","-","-","-","-","-","-","-","-","-","-","-","-","-","-","-","-","-","-","-","-","-","-","-","-","-","-","-","-","-","-","-","-","-","-","-","-","-","-","-","-","-","-","-","-","-","-","-","-","-","-","-","-","-","-","-","-","-","-","-","-","-","-","-","-","-","-","-","-","-","-","-","-","-","-","-","-","-","-","-","-","-","-","-","-","-","-","-","-","-","-","-","-","-","-","-","-"
"27102","505 West","Harbor Group Management Co., LLC","Jesus Maintenance supervisor","jpelayo@harborgroupmanagement.com","480-577-2649","Fixture Issues :Plumbing","Unit 1136 Toilet Flange","Completed","Jul 22, 2026, 2:00 PM","Jul 22, 2026, 3:00 PM","07/22/2026","14:00:00","07/22/2026","15:00:00","Jul 22, 2026, 11:06 AM","2026","July 2026","Joey Reyes","505 West Baseline Road, Tempe, Arizona 85283","Tempe","Arizona","85283","Main Location","Adam George","PHX - Plumbing","Sent","295","0","0","0","","77983","","","77983","AZ Service:MFH","Can't be on property after 6p. If we have to be, call Jesus to verify
Goodman condensers only for this property - R32 ONLY
Unit 1136
Toilet flange need to be replaced
POC Jesus","The toilet mounting bolts were missing on arrival. The toilet flange is old but still serviceable. Set new mounting bolts, mounted a new wax ring, and caulked in","","-","-","00:36:35","0.6","01:00:00","1","00:29:47","0.48","","0","0","0","0","0","0","0","35","95","60","35","24","200","176","0","295","295","","85889742","","","MFH - Plumbing","","","","","","","","Lowe's","Free","","Residential","Tier 1 - 8%","","","15570187","480-577-2649","jpelayo@harborgroupmanagement.com","","","Logen Uknavage","","","","","Can't be on property after 6p. If we have to be, call Jesus to verify
Goodman condensers only for this property - R32 ONLY","Apr 2, 2026, 10:44 AM","Harbor","505 West","505 West","Jesus","Maintenance supervisor","-","-","-","-","-","-","-","-","-","-","-","-","-","-","-","-","-","-","-","-","-","-","-","-","-","-","-","-","-","-","-","-","-","-","-","-","-","-","-","-","-","-","-","-","-","-","-","-","-","-","-","-","-","-","-","-","-","-","-","-","-","-","-","-","-","-","-","-","-","-","-","-","-","-","-","-","-","-","-","-","Jul 22, 2026, 11:06 AM","Jul 22, 2026, 12:39 PM","01:32:47","-","Jul 22, 2026, 12:39 PM","Jul 22, 2026, 1:08 PM","00:29:47","-","Jul 22, 2026, 1:08 PM","Jul 22, 2026, 1:45 PM","00:36:35","-","-","-","-","-","-","-","-","-","-","-","-","-","Jul 22, 2026, 1:45 PM","Jul 27, 2026, 8:38 AM","114:53:09","-","Jul 27, 2026, 8:38 AM","-","-","36:40:44","-","-","-","-","-","-","-","-","-","-","-","-","-","-","-","-","-","-","-","-","-","-","-","-","-","-","-","-","-","-","-","-","-","-","-","-","-","-","-","-","-","-","-","-","-","-","-","-","-","-","-","-","-","-","-","-","-","-","-","-","-","-","-","-","-","-","-","-","-","-","-","-","-","-","-","-","-","-","-","-","-","-","-","-","-","-","-","-","-","-","-","-","-","-","-","-"
"27101","Kristin Grimes","","Kristin Grimes","kristincollin04@hotmail.com","(928) 651-7013","Fixture Issues :Plumbing","sink backed up","Completed","Jul 23, 2026, 2:00 PM","Jul 23, 2026, 4:00 PM","07/23/2026","14:00:00","07/23/2026","16:00:00","Jul 22, 2026, 10:54 AM","2026","July 2026","Beatriz Garcia","10632 Cottonwood Wash Road, Pima, Arizona 85543","Pima","Arizona","85543","Main Location","AJ Diaz","Gila Valley","Sent","270","0","0","0","","77845","","","77845","AZ Service:Gila Valley","Reason for call? Sink not draining

Who will be present to meet the technician? Unknown

Is there anything else you would like technician to look at while they are there? N/A

How did you hear about NexLvl Services? Google

$79 svc fee

** cust will cb to give me cc info had important call to take","","Resi,Gila Valley","-","-","","0","02:00:00","2","01:43:58","1.72","","0","0","0","0","0","0","0","0","0","0","0","44.4","270","225.6","0","270","270","","","","","Resi Plumbing","","Kristin Grimes","","","","","","Lowe's","Free","","Residential","Tier 1 - 8%","","","17609165","(928) 651-7013","kristincollin04@hotmail.com","","","","Google Search","","","","","Jul 22, 2026, 10:51 AM","Gila Valley,Resi","Kristin Grimes","","Kristin","Grimes","-","-","-","-","-","-","-","-","-","-","-","-","-","-","-","-","-","-","-","-","-","-","-","-","-","-","-","-","-","-","-","-","-","-","-","-","-","-","-","-","-","-","-","-","-","-","-","-","-","-","-","-","-","-","-","-","-","-","-","-","-","-","-","-","-","-","-","-","-","-","-","-","-","-","-","-","-","-","-","-","Jul 22, 2026, 10:54 AM","Jul 23, 2026, 3:33 PM","28:39:04","-","Jul 23, 2026, 3:33 PM","Jul 23, 2026, 5:17 PM","01:43:58","-","-","-","-","-","Jul 23, 2026, 5:17 PM","Jul 23, 2026, 5:17 PM","00:00:02","-","-","-","-","-","-","-","-","-","Jul 23, 2026, 5:17 PM","Jul 24, 2026, 3:08 PM","21:50:50","-","Jul 24, 2026, 3:08 PM","-","-","102:11:18","-","-","-","-","-","-","-","-","-","-","-","-","-","-","-","-","-","-","-","-","-","-","-","-","-","-","-","-","-","-","-","-","-","-","-","-","-","-","-","-","-","-","-","-","-","-","-","-","-","-","-","-","-","-","-","-","-","-","-","-","-","-","-","-","-","-","-","-","-","-","-","-","-","-","-","-","-","-","-","-","-","-","-","-","-","-","-","-","-","-","-","-","-","-","-","-"
"27100","Corneille MINANI","","Corneille MINANI","corneille.minani@gmail.com","480-270-9358","Toilet :Lowes Simple Installs","1","Completed","Jul 23, 2026, 8:00 AM","Jul 23, 2026, 10:00 AM","07/23/2026","08:00:00","07/23/2026","10:00:00","Jul 22, 2026, 10:43 AM","2026","July 2026","Ashley Reed","7130 W Katharine Way, Peoria, AZ 85383","Peoria","AZ","85383","Main Address","Erik Tange","Lowes","Paid","356.5","147.5","0","366.5","","77771, 77785, 77795, 77839","77785","Lowes:Simple Installs","77771, 77795, 77839","Lowes:Simple Installs, Lowes:Simple Installs, Lowes:Simple Installs","Simple installs -1- KOHLER Prosa White Elongated Chair height 12-in Rough-In WaterSense 1.28 GPF Soft Close 1-piece Toilet/ pick up from lowes/ going on second floor master bath

25311 N LAKE PLEASANT PKWY,
Peoria, AZ 85383
Store: #2820
Phone: (623) 537-2640

Delivery Fee: PR32459873","Exsisting angle stop is single piece gate valve and does NOT shut off and has a minor drip. 
I suggested to customer they should have it replaced. Customer agreed to quote and invoice.
Turned water off to house, disconnected supply line, removed old toilet, cleaned area under old toilet. 
Exsisting toilet flange is below floor level, but otherwise in good working condition.
Removed old angle stop, cut 1/4"" off end of copper pipe. **Installed new 1/4 turn angle stop and new 16"" toilet supply line.**
Turned water back on to house, checked angle stop for leaks, no leaks. Installed new included wax ring, and doubled with extra from my truck.
Installed new 1 piece toilet, connected supply line, checked for leaks, no leaks. Installed new included toilet seat. Toilet flushes and functions as necessary. Sealed to floor with white silicone caulking.","Pick up from Lowes,Lowes","-","-","02:07:57","2.12","02:00:00","2","00:18:37","0.3","","0","24.5","55","30.5","11.1","92.5","81.4","24.5","55","30.5","24.5","32.1","301.5","269.4","0","356.5","356.5","","413607163","","","Lowes - Simple Installs","","","","","","","","","","","","","","","17590858","480-270-9358","corneille.minani@gmail.com","null","","","IMS","","","PLUMB - GENERAL (NO SOFTENERS)","PLUMB - GENERAL (NO SOFTENERS)","Jul 21, 2026, 8:00 AM","","Corneille MINANI","","Corneille","MINANI","-","-","-","-","-","-","-","-","-","-","-","-","-","-","-","-","-","-","-","-","-","-","-","-","-","-","-","-","-","-","-","-","-","-","-","-","-","-","-","-","-","-","-","-","-","-","-","-","Jul 22, 2026, 10:43 AM","Jul 23, 2026, 7:35 AM","20:52:33","-","Jul 23, 2026, 7:35 AM","Jul 23, 2026, 9:06 AM","01:30:32","-","Jul 23, 2026, 9:06 AM","Jul 23, 2026, 9:24 AM","00:18:37","-","Jul 23, 2026, 9:24 AM","Jul 23, 2026, 11:32 AM","02:07:57","-","-","-","-","-","Jul 23, 2026, 11:32 AM","Jul 23, 2026, 4:24 PM","04:51:44","-","Jul 23, 2026, 4:24 PM","-","-","124:54:57","-","-","-","-","-","-","-","-","-","-","-","-","-","-","-","-","-","-","-","-","-","-","-","-","-","-","-","-","-","-","-","-","-","-","-","-","-","-","-","-","-","-","-","-","-","-","-","-","-","-","-","-","-","-","-","-","-","-","-","-","-","-","-","-","-","-","-","-","-","-","-","-","-","-","-","-","-","-","-","-","-","-","-","-","-","-","-","-","-","-","-","-","-","-","-","-","-","-","-","-","-","-","-","-","-","-","-","-","-","-","-","-","-","-","-","-","-","-","-","-","-","-","-","-","-","-","-","-","-","-","-","-"
"27099","Lisa Bernstein","","Lisa Bernstein","lisabseank@gmail.com","(847) 274-8482","Faucet :Lowes Simple Installs","1","Canceled","Jul 22, 2026, 1:30 PM","Jul 22, 2026, 2:15 PM","07/22/2026","13:30:00","07/22/2026","14:15:00","Jul 22, 2026, 10:38 AM","2026","July 2026","Brenton Heward","2810 W Wildwood Dr Phoenix, AZ 85045","","","85045","Main Location","","","","0","0","0","0","","","","","","","x1
Moen Edwyn Spot Resist Stainless Single Handle Deck-mount Pull-down Kitchen Faucet with Sprayer (Includes Deck Plate) (Includes Soap Dispenser)/on site

gate code#1302","","Lowes,onsite","-","-","","0","00:45:00","0.75","00:08:51","0.13","","0","0","0","0","0","0","0","0","0","0","0","0","0","0","0","0","0","","413483958","","","Lowes - Simple Installs","","","","","","","","Lowe's","Free","","Residential","Tier 1 - 8%","","","12142256","(847) 274-8482","lisabseank@gmail.com","(312) 406-0074","","","IMS","","","","","Aug 27, 2025, 11:54 AM","Lowes - Simple Installs","Lisa Bernstein","","Lisa","Bernstein","-","-","-","-","-","-","-","-","-","-","-","-","-","-","-","-","-","-","-","-","-","-","-","-","-","-","-","-","-","-","-","-","-","-","-","-","-","-","-","-","-","-","-","-","-","-","-","-","Jul 22, 2026, 11:35 AM","Jul 22, 2026, 11:35 AM","00:00:12","-","-","-","-","-","Jul 22, 2026, 11:25 AM","Jul 22, 2026, 11:34 AM","00:08:52","-","-","-","-","-","-","-","-","-","-","-","-","-","-","-","-","-","Jul 22, 2026, 11:35 AM","-","-","153:43:34","-","-","-","-","-","-","-","-","-","-","-","-","-","-","-","-","-","-","-","-","-","-","-","-","-","-","-","-","-","-","-","-","-","-","-","-","-","-","-","-","-","-","-","-","-","-","-","-","-","-","-","-","-","-","-","-","-","-","-","-","-","-","-","-","-","-","-","-","-","-","-","-","-","-","-","-","-","-","-","-","-","-","-","-","-","-","-","-","-","-","-","-","-","-","-","-","-","-","-","-","-","-","-","-","-","-","-","-","-","-","-","-","-","-","-","-","-","-","-","-","-","-","-","-","-","-","-","-"
"27097","Kimberley Kuypers","","Kimberley Kuypers","ourguy8@aol.com","602-909-9380","Toilet :Lowes Simple Installs","1","Completed","Jul 23, 2026, 11:00 AM","Jul 23, 2026, 1:00 PM","07/23/2026","11:00:00","07/23/2026","13:00:00","Jul 22, 2026, 10:33 AM","2026","July 2026","Ashley Reed","8621 W Bloomfield Rd, Peoria, AZ 85381","Peoria","AZ","85381","Main Address","Bryan Pickett","Lowes","Paid","174","0","0","174","","77821","","","77821","Lowes:Simple Installs","Simple installs -1- American Standard Esteem VorMax White Elongated Chair height 12-in Rough-In WaterSense 1.28 GPF Soft Close 2-piece Toilet/ onsite/ has dogs, no cats","Disconnected water supply line, removed old toilet and old wax ring. Installed new waxring and new toilet. Reconnected water supply line and tested by filling tank and flushing through bowl several times while checking for leaks and moisture. No visible water, customer tested and customer satisfied.

Toilet Install","Lowes,onsite","-","-","00:49:50","0.82","02:00:00","2","00:29:26","0.48","","0","0","0","0","0","0","0","0","0","0","0","17","174","157","0","174","174","","413705194","","","Lowes - Simple Installs","","","","","","","","","","","","","","","17607727","602-909-9380","ourguy8@aol.com","null","","","IMS","","","PLUMB - GENERAL (NO SOFTENERS)","PLUMB - GENERAL (NO SOFTENERS)","Jul 22, 2026, 8:00 AM","","Kimberley Kuypers","","Kimberley","Kuypers","-","-","-","-","-","-","-","-","-","-","-","-","-","-","-","-","-","-","-","-","-","-","-","-","-","-","-","-","-","-","-","-","-","-","-","-","-","-","-","-","-","-","-","-","-","-","-","-","Jul 22, 2026, 10:33 AM","Jul 23, 2026, 10:01 AM","23:28:52","-","-","-","-","-","Jul 23, 2026, 10:01 AM","Jul 23, 2026, 10:31 AM","00:29:26","-","Jul 23, 2026, 10:31 AM","Jul 23, 2026, 11:21 AM","00:49:50","-","-","-","-","-","Jul 23, 2026, 11:21 AM","Jul 23, 2026, 2:28 PM","03:07:17","-","Jul 23, 2026, 2:28 PM","-","-","126:50:51","-","-","-","-","-","-","-","-","-","-","-","-","-","-","-","-","-","-","-","-","-","-","-","-","-","-","-","-","-","-","-","-","-","-","-","-","-","-","-","-","-","-","-","-","-","-","-","-","-","-","-","-","-","-","-","-","-","-","-","-","-","-","-","-","-","-","-","-","-","-","-","-","-","-","-","-","-","-","-","-","-","-","-","-","-","-","-","-","-","-","-","-","-","-","-","-","-","-","-","-","-","-","-","-","-","-","-","-","-","-","-","-","-","-","-","-","-","-","-","-","-","-","-","-","-","-","-","-","-","-","-","-"
"27096","Argenta Apartments","29th Street Communities","Sean O'Brian","sean.obrien@29scliving.com","480-352-1864","No Cool :HVAC","Gym Swamp Cooler Leaking","Pending Site Visits","Jul 22, 2026, 3:00 PM","Jul 22, 2026, 5:00 PM","07/22/2026","15:00:00","07/22/2026","17:00:00","Jul 22, 2026, 10:31 AM","2026","July 2026","Joey Reyes","4104 East Broadway Road, Mesa, Arizona 85206","Mesa","Arizona","85206","Main Location","Jacob Martinez","MFH - HVAC","","0","0","0","0","","","","","","","Gym Swamp Cooler
Sean called in to advise the unit is leaking in to the wall
POC Sean","Need 32 ft ladder to get on gym rooftop hatch has attic acess but not to the leak need to return possibly tommorrow?","","-","-","00:50:21","0.83","02:00:00","2","01:04:53","1.07","","0","0","0","0","0","0","0","0","0","0","0","0","0","0","0","0","0","","","","","MFH - HVAC","","Sean","","","","","","Lowe's","Free","","Residential","Tier 1 - 8%","","","9808428","(925) 324-7595","diana.march@29scliving.com","","sean.obrien@29scliving.com","Logen Uknavage","Referral","Won","","","","Mar 21, 2025, 8:24 AM","","Argenta Apartments","Argenta Apartments","Diana","March","-","-","-","-","-","-","-","-","-","-","-","-","-","-","-","-","-","-","-","-","-","-","-","-","-","-","-","-","-","-","-","-","-","-","-","-","-","-","-","-","-","-","-","-","-","-","-","-","-","-","-","-","-","-","-","-","-","-","-","-","-","-","-","-","-","-","-","-","-","-","-","-","-","-","-","-","-","-","-","-","Jul 22, 2026, 6:33 PM","Jul 22, 2026, 7:50 PM","01:16:43","-","Jul 22, 2026, 7:50 PM","Jul 22, 2026, 8:47 PM","00:56:51","-","Jul 22, 2026, 8:47 PM","Jul 22, 2026, 9:37 PM","00:50:20","-","Jul 28, 2026, 11:34 AM","-","-","09:45:00","Jul 22, 2026, 9:37 PM","Jul 28, 2026, 11:34 AM","133:57:00","-","-","-","-","-","-","-","-","-","-","-","-","-","-","-","-","-","-","-","-","-","-","-","-","-","-","-","-","-","-","-","-","-","-","-","-","-","-","-","-","-","-","-","-","-","-","-","-","-","-","-","-","-","-","-","-","-","-","-","-","-","-","-","-","-","-","-","-","-","-","-","-","-","-","-","-","-","-","-","-","-","-","-","-","-","-","-","-","-","-","-","-","-","-","-","-","-","-","-","-","-","-","-","-","-","-","-","-","-"
"27095","Golden Sands Apts Dunlap/Magee","Dunlap and Magee","Rhonda Moore","","480-497-9837","No Cool :HVAC","Unit 24 No cool","Completed","Jul 22, 2026, 5:00 PM","Jul 22, 2026, 7:00 PM","07/22/2026","17:00:00","07/22/2026","19:00:00","Jul 22, 2026, 10:29 AM","2026","July 2026","Joey Reyes","700 East 9th Avenue, Apache Junction, Arizona 85119","Apache Junction","Arizona","85119","700 East 9th Avenue","Chuy Torres","MFH - HVAC","Sent","323","0","0","0","","77778","","","77778","MFH:MFH - HVAC","Unit 24
Rhonda called in to have us out for a unit not cooling. Blowing warm air. It is a roof unit
POC Rhonda","---

## **Field Service Report: Capacitor Replacement & Low-Voltage Wiring Repair**

**Date:** July 22, 2026  
**Unit:** 24  
**Status:** Arrived on-site for a cooling issue. Diagnosed a shorted run capacitor and hard start kit, as well as exposed low-voltage wiring. Replaced the capacitor, repaired the bare wires, and restored operation.

### **Diagnostic Findings**
* **Initial Assessment:** Responded to a service call to evaluate the outdoor HVAC equipment.
* **Electrical Evaluation (High Voltage):** Tested the electrical components and found both the **35/5 mfd dual run capacitor** and an aftermarket hard start kit had shorted out and failed. 
* **Wiring Inspection (Low Voltage):** Inspected the control wiring heading to the condenser and found that the **thermostat wires were bare** and exposed, creating a severe risk for a low-voltage short. 

### **Repairs Performed**
* **Component Replacement:** Removed the failed components. Supplied and installed a brand-new **35/5 mfd run capacitor**. I evaluated the compressor's start-up draw and determined that a replacement hard start kit was not required to get the unit running safely.
* **Wiring Repair:** Cut back the compromised section of the low-voltage control wire and spliced in about **one foot of new thermostat wire**. Made secure, properly insulated new connections to eliminate the bare wires. 

### **Final Status**
* **Verification:** Powered the system back on and monitored the start-up. The compressor and fan motor are running smoothly on the new capacitor, and the low-voltage circuit is fully secure.
* **Outcome:** **Restored operation; the system is working properly at this time.**

---

**Status: Repairs Completed & Operation Restored — Ticket Closed**","","-","-","00:45:40","0.75","02:00:00","2","01:26:12","1.43","","0","0","0","0","0","0","0","25","63","38","25","31.2","260","228.8","0","323","323","","","","","MFH - HVAC","","Rhonda","","","","","","Lowe's","Free","","Residential","Tier 1 - 8%","","","6732064","480-982-2245","rhonda@dunlap-sites.com","602-244-1006","","","","","","","","Apr 24, 2024, 6:20 PM","","Golden Sands Apts Dunlap/Magee","Golden Sands Apts Dunlap/Magee","Rhonda","Moore","-","-","-","-","-","-","-","-","-","-","-","-","-","-","-","-","-","-","-","-","-","-","-","-","-","-","-","-","-","-","-","-","-","-","-","-","-","-","-","-","-","-","-","-","-","-","-","-","-","-","-","-","-","-","-","-","-","-","-","-","-","-","-","-","-","-","-","-","-","-","-","-","-","-","-","-","-","-","-","-","Jul 22, 2026, 10:29 AM","Jul 22, 2026, 5:32 PM","07:02:58","-","Jul 22, 2026, 5:32 PM","Jul 22, 2026, 6:58 PM","01:26:12","-","Jul 22, 2026, 6:58 PM","Jul 22, 2026, 7:44 PM","00:45:40","-","-","-","-","-","-","-","-","-","-","-","-","-","Jul 22, 2026, 7:44 PM","Jul 24, 2026, 1:01 PM","41:17:07","-","Jul 24, 2026, 1:01 PM","-","-","104:17:54","-","-","-","-","-","-","-","-","-","-","-","-","-","-","-","-","-","-","-","-","-","-","-","-","-","-","-","-","-","-","-","-","-","-","-","-","-","-","-","-","-","-","-","-","-","-","-","-","-","-","-","-","-","-","-","-","-","-","-","-","-","-","-","-","-","-","-","-","-","-","-","-","-","-","-","-","-","-","-","-","-","-","-","-","-","-","-","-","-","-","-","-","-","-","-","-"
"27094","James Withers","","James Withers","jcw12343@gmail.com","(520) 979-0177","Water Heater Install :Lowes Water Heaters","","Completed","Jul 23, 2026, 10:00 AM","Jul 23, 2026, 1:00 PM","07/23/2026","10:00:00","07/23/2026","13:00:00","Jul 22, 2026, 10:19 AM","2026","July 2026","Gina Neisius","6594 E Celsian Pl, Tucson, AZ 85750","Tucson","AZ","85750","Main Address","Mathew Hodges","Lowes","Invoiced","2805","4000","2805","0","","77703, 77807, 77855","77703, 77807","Lowes, Lowes","77855","Lowes","#962540
10-2
Gate Code #2323
**Removing 2 old water heaters
Unable to send pictures
He is 92 and extremely hard of hearing. Make sure to call on your way

Order #300902203264690803

Lowes Store Address: 7105 EAST SPEEDWAY BOULEVARD, Tucson, AZ, 85710


Notes and Details (Addon bundles, other details):","Came out to customers house to install 50 gallon water heater had to remove two 50 gallon water heaters before I can install the new water heater and I had to re-pipe a little bit of the hot side over to the other water heater. Got that all done got the new water heater and it’s placed put the supply lines in turned water back on to test for no leaks, there is no leaks at this time. I have to come back to install a recirculating pump and to pick up another water heater collecting payment for installing water heater, then collect for installing recirculating line pump tomorrow.","Lowes,Pick up from Lowes","-","-","04:21:25","4.35","03:00:00","3","00:10:35","0.17","","0","806","2754","1948","270","1246","976","806","1904","1098","806","270","901","631","0","2805","2805","","41434750","in room in house","","Lowes - Water Heaters","","","","","","","","Lowe's","Free","","Residential","Tier 1 - 8%","","","17608645","(520) 979-0177","jcw12343@gmail.com","","","Gina Neisius","IME","New Prospect","","ESTIMATE_APPOINTMENT | APPOINTMENT_SET","ESTIMATE_APPOINTMENT | APPOINTMENT_SET","Jul 22, 2026, 9:46 AM","Do Not Service","James Withers","","James","Withers","-","-","-","-","-","-","-","-","-","-","-","-","-","-","-","-","-","-","-","-","-","-","-","-","-","-","-","-","-","-","-","-","-","-","-","-","-","-","-","-","-","-","-","-","-","-","-","-","Jul 22, 2026, 10:19 AM","Jul 23, 2026, 10:55 AM","24:36:01","-","Jul 23, 2026, 10:55 AM","Jul 23, 2026, 12:10 PM","01:15:06","-","Jul 23, 2026, 12:10 PM","Jul 23, 2026, 12:21 PM","00:10:35","-","Jul 23, 2026, 12:21 PM","Jul 23, 2026, 4:42 PM","04:21:25","-","-","-","-","-","Jul 23, 2026, 4:42 PM","Jul 24, 2026, 8:09 AM","15:26:29","-","Jul 24, 2026, 8:09 AM","-","-","109:10:04","-","-","-","-","-","-","-","-","-","-","-","-","-","-","-","-","-","-","-","-","-","-","-","-","-","-","-","-","-","-","-","-","-","-","-","-","-","-","-","-","-","-","-","-","-","-","-","-","-","-","-","-","-","-","-","-","-","-","-","-","-","-","-","-","-","-","-","-","-","-","-","-","-","-","-","-","-","-","-","-","-","-","-","-","-","-","-","-","-","-","-","-","-","-","-","-","-","-","-","-","-","-","-","-","-","-","-","-","-","-","-","-","-","-","-","-","-","-","-","-","-","-","-","-","-","-","-","-","-","-","-","-"
"27093","Aventerra at Dobson Ranch","BH Management Services LLC","Contact","","405-534-9019","HVAC New Unit Estimate","Unit 224 New AC unit","Completed","Jul 23, 2026, 12:00 PM","Jul 23, 2026, 4:00 PM","07/23/2026","12:00:00","07/23/2026","16:00:00","Jul 22, 2026, 10:17 AM","2026","July 2026","Joey Reyes","1960 West Keating Avenue, Mesa, Arizona 85202","Mesa","Arizona","85202","Main Location","Riley Torres, Hector Aguirre","MFH - HVAC","Invoiced","4402.01","0","4402.01","0","","77708","","","77708","MFH:MFH - HVAC","Per Chris do not send Julian
Unit 224
Eric asked to have us out to replace a 2.5 ton unit. No data tag to confirm. Closet unit
POC Eric

On Will Call at Baker Mesa with PO 27093
Reference #	1001518316","### **Service Summary: Full HVAC System Replacement (First Co. 2.5-Ton Closet Mount)**
**Unit:** 224

* **Decommissioning & Prep:** Disconnected main power to the system and safely recovered the existing refrigerant. Removed the old outdoor condenser and safely extracted the old air handler from the indoor closet space.
* **Line Set Decontamination:** Flushed the existing copper lines with an Rx11 treatment and followed up with a high-pressure nitrogen purge to blow out any remaining oil, moisture, or contaminants.
* **Equipment Installation & Brazing:** Positioned the new First Co. 2.5-ton air handler securely inside the closet and set the new outdoor condenser in place. Successfully brazed all copper line connections at both units while flowing nitrogen to prevent internal oxidation.
* **Leak Detection:** Pressurized the system with nitrogen to perform a rigorous leak check, confirming that all newly brazed joints were 100% sealed and secure.
* **Evacuation:** Hooked up the vacuum pump and pulled the system down to a deep vacuum. Verified the system held steady below the 500-micron threshold before isolating the gauges and shutting off the pump.
* **Electrical Integration:** Completed all high and low-voltage electrical wiring connections for both the indoor closet unit and the outdoor condenser.
* **System Startup & Commissioning:** Released the refrigerant charge and fired up the equipment for a full operational test run. Monitored pressures and airflow, verifying the system is running smoothly and blowing a strong 20-degree temperature split.

---

> **Status:** Full 2.5-ton First Co. closet-mount system successfully installed. Equipment is fully commissioned, safely tested, and cooling perfectly.","","-","-","","0","04:00:00","4","","0","","0","0","0","0","0","0","0","2449.35","3655.75","1206.4","2449.35","500","746.26","246.26","0","4402.01","4402.01","","","","","MFH - HVAC","","Eric","","","","","","Lowe's","Free","","Residential","Tier 1 - 8%","","","12763964","(480) 210-7636","richard.atwood@livebh.com","","","Logen Uknavage","Referral","","","","Per Chris do not send Julian","Oct 13, 2025, 9:26 AM","BH Mgmt,MFH,Commercial","Aventerra at Dobson Ranch","Aventerra at Dobson Ranch","Janette","Witcher","-","-","-","-","-","-","-","-","-","-","-","-","-","-","-","-","-","-","-","-","-","-","-","-","-","-","-","-","-","-","-","-","-","-","-","-","-","-","-","-","-","-","-","-","-","-","-","-","-","-","-","-","-","-","-","-","-","-","-","-","-","-","-","-","-","-","-","-","-","-","-","-","-","-","-","-","-","-","-","-","Jul 22, 2026, 10:17 AM","Jul 23, 2026, 6:17 PM","31:59:48","-","-","-","-","-","-","-","-","-","-","-","-","-","-","-","-","-","-","-","-","-","Jul 23, 2026, 6:17 PM","Jul 24, 2026, 5:12 PM","22:54:54","-","Jul 24, 2026, 5:12 PM","-","-","100:07:14","-","-","-","-","-","-","-","-","-","-","-","-","-","-","-","-","-","-","-","-","-","-","-","-","-","-","-","-","-","-","-","-","-","-","-","-","-","-","-","-","-","-","-","-","-","-","-","-","-","-","-","-","-","-","-","-","-","-","-","-","-","-","-","-","-","-","-","-","-","-","-","-","-","-","-","-","-","-","-","-","-","-","-","-","-","-","-","-","-","-","-","-","-","-","-","-"
"27092","Parq on 5th","BH Management Services LLC","Raphiel Demeo","raphael.demeo@livebh.com","(480) 781-7035","Active Water Leak :Plumbing","Unit 824-3 Water leak","Completed","Jul 22, 2026, 5:00 PM","Jul 22, 2026, 7:00 PM","07/22/2026","17:00:00","07/22/2026","19:00:00","Jul 22, 2026, 10:15 AM","2026","July 2026","Joey Reyes","805 West Brown Street, Tempe, Arizona 85281","Tempe","Arizona","85281","Main Location","Hunter Howell","MFH - Plumbing","Sent","485","0","0","0","","77929","","","77929","AZ Service:MFH","Unit 824-3
townhouse upstairs that is leaking to the downstairs so it's flushed and like, the flange is kinda below the sub
POC Raphael","Findings:
Found the toilet flange leaking.
Includes:
Turned the water off to the toilet.
Pulled the toilet.
Removed and replaced the failed toilet flange.
Reset the toilet with a new wax ring.
Restored the water supply.
Leak tested to verify proper operation.
Cleaned up the work area.
Excludes:
Work beyond the listed scope.
Water damage.
Existing piping beyond the flange.","","-","-","01:27:11","1.45","02:00:00","2","00:26:35","0.43","","0","0","0","0","0","0","0","59.73","105","45.27","45","45.6","380","334.4","0","485","485","","4773688","","","MFH - Plumbing","","Raphael","","","","","","Lowe's","Free","","Residential","Tier 1 - 8%","","","12967316","(480) 781-7035","raphael.demeo@livebh.com","","bree.macfarlane@livebh.com","Logen Uknavage","Referral","","","","","Oct 28, 2025, 12:55 PM","BH Mgmt,MFH,Commercial","Parq on 5th","Parq on 5th","Raphiel","Demeo","-","-","-","-","-","-","-","-","-","-","-","-","-","-","-","-","-","-","-","-","-","-","-","-","-","-","-","-","-","-","-","-","-","-","-","-","-","-","-","-","-","-","-","-","-","-","-","-","-","-","-","-","-","-","-","-","-","-","-","-","-","-","-","-","-","-","-","-","-","-","-","-","-","-","-","-","-","-","-","-","Jul 22, 2026, 10:15 AM","Jul 22, 2026, 4:42 PM","06:27:35","-","Jul 22, 2026, 4:42 PM","Jul 22, 2026, 5:09 PM","00:26:36","-","Jul 22, 2026, 6:35 PM","Jul 22, 2026, 6:36 PM","00:01:15","-","-","-","-","-","-","-","-","-","-","-","-","-","Jul 22, 2026, 6:36 PM","Jul 24, 2026, 4:35 PM","45:58:46","-","Jul 24, 2026, 4:35 PM","-","-","100:44:05","-","-","-","-","-","-","-","-","-","-","-","-","-","-","-","-","-","-","-","-","-","-","-","-","-","-","-","-","-","-","-","-","-","-","-","-","-","-","-","-","-","-","-","-","-","-","-","-","-","-","-","-","-","-","-","-","-","-","-","-","-","-","-","-","-","-","-","-","-","-","-","-","-","-","-","-","-","-","-","-","-","-","-","-","-","-","-","-","-","-","-","-","-","-","-","-"
"27091","Ray Gallegos","","Ray Gallegos","raymondj20@gmail.com","480-335-6485","Garbage Disposal :Lowes Simple Installs","1","Completed","Jul 23, 2026, 8:00 AM","Jul 23, 2026, 9:00 AM","07/23/2026","08:00:00","07/23/2026","09:00:00","Jul 22, 2026, 9:59 AM","2026","July 2026","Brenton Heward","22618 W Moonlight Path, Buckeye, AZ 85326","Buckeye","AZ","85326","Main Address","Bryan Pickett","Lowes","Paid","127","0","0","127","","77819","","","77819","Lowes:Simple Installs","x1
InSinkErator Badger 5XL Continuous feed 1/2-HP Septic Safe Non-corded Garbage Disposal

-Customer will be purchasing a power cord from Lowes.","Removed dishwasher supply line, removed existing plumbing, and uninstalled old disposal. Installed new garbage disposal and reconnected existing plumbing. Reconnected dishwasher line and tested by filling sink with water and draining with disposal running while checking for drips and leaks. No visible water, customer tested and customer satisfied

Trip fee 40+","Lowes,onsite","-","-","00:48:51","0.8","01:00:00","1","01:16:13","1.27","02:05:01","2.08","0","0","0","0","0","0","0","0","0","0","13","127","114","0","127","127","","413482452","","","Lowes - Simple Installs","","","","","","","","Lowe's","Free","","Residential","Tier 1 - 8%","","","17579805","480-335-6485","raymondj20@gmail.com","(480) 335-8540","","","IMS","","","PLUMB - GENERAL (NO SOFTENERS)","PLUMB - GENERAL (NO SOFTENERS)","Jul 19, 2026, 8:00 AM","","Ray Gallegos","","Ray","Gallegos","-","-","-","-","-","-","-","-","-","-","-","-","-","-","-","-","-","-","-","-","-","-","-","-","-","-","-","-","-","-","-","-","-","-","-","-","-","-","-","-","-","-","-","-","-","-","-","-","Jul 22, 2026, 9:59 AM","Jul 23, 2026, 6:47 AM","20:48:38","-","-","-","-","-","Jul 23, 2026, 6:47 AM","Jul 23, 2026, 8:03 AM","01:16:13","-","Jul 23, 2026, 8:03 AM","Jul 23, 2026, 8:52 AM","00:48:52","-","-","-","-","-","Jul 23, 2026, 8:52 AM","Jul 23, 2026, 2:25 PM","05:32:40","-","Jul 23, 2026, 2:25 PM","-","-","126:53:50","-","-","-","-","-","-","-","-","-","-","-","-","-","-","-","-","-","-","-","-","-","-","-","-","-","-","-","-","-","-","-","-","-","-","-","-","-","-","-","-","-","-","-","-","-","-","-","-","-","-","-","-","-","-","-","-","-","-","-","-","-","-","-","-","-","-","-","-","-","-","-","-","-","-","-","-","-","-","-","-","-","-","-","-","-","-","-","-","-","-","-","-","-","-","-","-","-","-","-","-","-","-","-","-","-","-","-","-","-","-","-","-","-","-","-","-","-","-","-","-","-","-","-","-","-","-","-","-","-","-","-","-"
"27090","Rasheed Sharif","","Rasheed Sharif","sirissac2060@gmail.com","702-217-7702","Toilet :Lowes Simple Installs","1","Completed","Jul 23, 2026, 1:00 PM","Jul 23, 2026, 3:00 PM","07/23/2026","13:00:00","07/23/2026","15:00:00","Jul 22, 2026, 9:58 AM","2026","July 2026","Ashley Reed","9436 s leila ln, Phoenix, AZ 85041","Phoenix","AZ","85041","Main Address","Bryan Pickett","Lowes","Paid","209","0","0","209","","77822","","","77822","Lowes:Simple Installs","Simple installs -1- Project Source Pro-Flush White Round Chair height 12-in Rough-In WaterSense 1.28 GPF 2-piece Toilet/ pick up from lowe's/ no pets/ also purchased a new supply line and shut off valve

1950 WEST BASELINE ROAD,
Phoenix, AZ 85041
Store: #2421
Phone: (602) 323-8550","Disconnected water supply line, removed old toilet and old wax ring. Installed new waxring and new toilet. Reconnected water supply line and tested by filling tank and flushing through bowl several times while checking for leaks and moisture. No visible water, customer tested and customer satisfied.

Pickup/Delivery charge 
Toilet Install","Pick up from Lowes,Lowes","-","-","00:37:58","0.62","02:00:00","2","00:50:15","0.83","","0","0","0","0","0","0","0","0","0","0","0","21","209","188","0","209","209","","413459651","","","Lowes - Simple Installs","","","","","","","","","","","","","","","17559464","702-217-7702","sirissac2060@gmail.com","null","","","IMS","","","PLUMB - ONLINE ONLY","PLUMB - ONLINE ONLY","Jul 18, 2026, 8:00 AM","","Rasheed Sharif","","Rasheed","Sharif","-","-","-","-","-","-","-","-","-","-","-","-","-","-","-","-","-","-","-","-","-","-","-","-","-","-","-","-","-","-","-","-","-","-","-","-","-","-","-","-","-","-","-","-","-","-","-","-","Jul 22, 2026, 9:58 AM","Jul 23, 2026, 11:21 AM","25:23:27","-","-","-","-","-","Jul 23, 2026, 11:21 AM","Jul 23, 2026, 12:12 PM","00:50:15","-","Jul 23, 2026, 12:12 PM","Jul 23, 2026, 12:50 PM","00:37:59","-","-","-","-","-","Jul 23, 2026, 12:50 PM","Jul 23, 2026, 2:29 PM","01:39:35","-","Jul 23, 2026, 2:29 PM","-","-","126:49:46","-","-","-","-","-","-","-","-","-","-","-","-","-","-","-","-","-","-","-","-","-","-","-","-","-","-","-","-","-","-","-","-","-","-","-","-","-","-","-","-","-","-","-","-","-","-","-","-","-","-","-","-","-","-","-","-","-","-","-","-","-","-","-","-","-","-","-","-","-","-","-","-","-","-","-","-","-","-","-","-","-","-","-","-","-","-","-","-","-","-","-","-","-","-","-","-","-","-","-","-","-","-","-","-","-","-","-","-","-","-","-","-","-","-","-","-","-","-","-","-","-","-","-","-","-","-","-","-","-","-","-","-"
"27089","Bonnie Brown","","Bonnie Brown","bonnieb1955@gmail.com","(602) 510-6921","Water Heater Install :Lowes Water Heaters","","Completed","Jul 24, 2026, 8:00 AM","Jul 24, 2026, 10:00 AM","07/24/2026","08:00:00","07/24/2026","10:00:00","Jul 22, 2026, 9:54 AM","2026","July 2026","Travis Germain","5428 w State ave, Glendale, AZ 85301","Glendale","AZ","85301","Main Address","Tanner LaForge","Lowes","Invoiced","1555.5","1830","1555.5","0","","77384, 77868","77384","Lowes","77868","Lowes","WH962540
8-12noon
**Customer building a stand**
**Reuse Drip Pan**

Notes and Details (Addon bundles, other details):","7/24

Arrived on site to Install a new 50 gallon gas heater. I met with Bonnie who showed me to the unit in the laundry room

There is no tank here so I turned off water and began draining the lines. Replaced both supply lines and ball valve

Set the new stand in place. New pan. New tank. Connected supply lines. Ran new t&p. Put on sediment trap

Filled the heater. Trimmed back the gas vent due to the taller setup we now have. Turned on gas and checked for leaks. 

No issues with this install 60 psi","Lowes,In Warehouse","-","-","02:19:05","2.32","02:00:00","2","00:43:46","0.72","","0","688","936","248","240","894","654","688","936","248","688","240","619.5","379.5","0","1555.5","1555.5","","41397839","Garage","","Lowes - Water Heaters","","","","","","","","Lowe's","Free","","Residential","Tier 1 - 8%","","","17526439","(602) 510-6921","bonnieb1955@gmail.com","","","Travis Germain","IME","1st Attempt","","ESTIMATE_APPOINTMENT | APPOINTMENT_SET","ESTIMATE_APPOINTMENT | APPOINTMENT_SET","Jul 16, 2026, 12:59 PM","","Bonnie Brown","","Bonnie","Brown","-","-","-","-","-","-","-","-","-","-","-","-","-","-","-","-","-","-","-","-","-","-","-","-","-","-","-","-","-","-","-","-","-","-","-","-","-","-","-","-","-","-","-","-","-","-","-","-","Jul 22, 2026, 9:54 AM","Jul 24, 2026, 7:29 AM","45:34:54","-","-","-","-","-","Jul 24, 2026, 7:29 AM","Jul 24, 2026, 8:13 AM","00:43:46","-","Jul 24, 2026, 8:13 AM","Jul 24, 2026, 10:32 AM","02:19:05","-","-","-","-","-","Jul 24, 2026, 10:32 AM","Jul 24, 2026, 10:38 AM","00:05:58","-","Jul 24, 2026, 10:38 AM","-","-","106:40:59","-","-","-","-","-","-","-","-","-","-","-","-","-","-","-","-","-","-","-","-","-","-","-","-","-","-","-","-","-","-","-","-","-","-","-","-","-","-","-","-","-","-","-","-","-","-","-","-","-","-","-","-","-","-","-","-","-","-","-","-","-","-","-","-","-","-","-","-","-","-","-","-","-","-","-","-","-","-","-","-","-","-","-","-","-","-","-","-","-","-","-","-","-","-","-","-","-","-","-","-","-","-","-","-","-","-","-","-","-","-","-","-","-","-","-","-","-","-","-","-","-","-","-","-","-","-","-","-","-","-","-","-"
"27088","Parq on 50th Apartments","BH Management Services LLC","Edwin Yepis","","480-603-7796","No Cool :HVAC","Unit 1102 HVAC Leaking","Completed","Jul 22, 2026, 1:00 PM","Jul 22, 2026, 3:00 PM","07/22/2026","13:00:00","07/22/2026","15:00:00","Jul 22, 2026, 9:54 AM","2026","July 2026","Joey Reyes","5008 East Thomas Road, Phoenix, Arizona 85018","Phoenix","Arizona","85018","Main Location","Jacob Martinez","MFH - HVAC","Invoiced","323","0","323","0","","77776","","","77776","MFH:MFH - HVAC","Unit 1102
HVAC is leaking water. Thinks it is a clogged condensate line
POC Edwin","Initial Inspection: when I arrived at the unit it was no longer dripping so I filled the pan with water and
​Observed a minor active drip originating from the condensate drain pan upon arrival.
​Corrective Actions:
​Cleared Drain Line: Cut the condensate line and cleared the obstruction using a Gallo gun.
​Adjusted Pitch: Re-pitched the drain pan to establish proper slope for optimal drainage.
​Testing & Verification: Filled the drain pan ten times with water to test proper flow and runoff. Verified the system is draining correctly with no remaining leaks.","","-","-","01:24:08","1.4","02:00:00","2","00:56:25","0.93","","0","0","0","0","0","0","0","25","63","38","25","31.2","260","228.8","0","323","323","","","","","MFH - HVAC","","Edwin","","","","","","Lowe's","Free","","Residential","Tier 1 - 8%","","","10287520","602-354-5936","lydia.flores@livebh.com","602-218-2197 cell","","Logen Uknavage","","","","","","Apr 24, 2025, 3:03 PM","BH Mgmt,MFH,Commercial","Parq on 50th Apartments","Parq on 50th Apartments","Lydia","Flores","-","-","-","-","-","-","-","-","-","-","-","-","-","-","-","-","-","-","-","-","-","-","-","-","-","-","-","-","-","-","-","-","-","-","-","-","-","-","-","-","-","-","-","-","-","-","-","-","-","-","-","-","-","-","-","-","-","-","-","-","-","-","-","-","-","-","-","-","-","-","-","-","-","-","-","-","-","-","-","-","Jul 22, 2026, 9:54 AM","Jul 22, 2026, 4:04 PM","06:10:08","-","Jul 22, 2026, 4:04 PM","Jul 22, 2026, 5:00 PM","00:56:24","-","Jul 22, 2026, 5:00 PM","Jul 22, 2026, 6:24 PM","01:24:08","-","-","-","-","-","-","-","-","-","-","-","-","-","Jul 22, 2026, 6:24 PM","Jul 24, 2026, 3:10 PM","44:45:20","-","Jul 24, 2026, 3:10 PM","-","-","102:09:05","-","-","-","-","-","-","-","-","-","-","-","-","-","-","-","-","-","-","-","-","-","-","-","-","-","-","-","-","-","-","-","-","-","-","-","-","-","-","-","-","-","-","-","-","-","-","-","-","-","-","-","-","-","-","-","-","-","-","-","-","-","-","-","-","-","-","-","-","-","-","-","-","-","-","-","-","-","-","-","-","-","-","-","-","-","-","-","-","-","-","-","-","-","-","-","-"
"27087","Colter Park","Harbor Group Management Co., LLC","Josh Stocks","wjstocks@harborgroupmanagement.com","252-561-6834","Fan Coil - No Cool","Unit 68 Fan Coil Blower not working","Completed","Jul 22, 2026, 6:00 PM","Jul 22, 2026, 7:30 PM","07/22/2026","18:00:00","07/22/2026","19:30:00","Jul 22, 2026, 9:53 AM","2026","July 2026","Joey Reyes","909 West Colter Street, Phoenix, Arizona 85013","Phoenix","Arizona","85013","Main Location","Jordan Wise","MFH - Plumbing","Sent","1050","0","0","0","","77934","","","77934","AZ Service:MFH","Unit 68
Josh called in to advise the blower doesn't seem to blow hard enough. Not sure if it's the motor or a clogged coil
POC Josh","Arrived 5:10pm - Finished 7:30pm
Once inside unit took temps at 85 inspected fan coil and found blower motor was running very weak on highest speed. (4hbc LH). Informed Jesus he said due to high temps he would like me to emergency open a supply house and get it replaced tonight. Contacted ACS and they said they have one available. Left for new blower at 5:45pm. Was back on site at 6:45pm, installed new blower assembly and took temps again at 35. All is cooling good now checked out with property before leaving.
1- 4HBC blower assembly","","-","-","02:36:59","2.6","01:30:00","1.5","","0","","0","0","0","0","0","0","0","610","930","320","610","14.4","120","105.6","0","1050","1050","","85889540","","","MFH - Plumbing","","Josh","","","","","","Lowe's","Free","","Residential","Tier 1 - 8%","","","15508690","(480) 640-7388","fswanson@harborgroupmanagement.com","","","Logen Uknavage","","","","","","Mar 30, 2026, 9:43 AM","Harbor","Colter Park","Colter Park","Feljie","Swanson","-","-","-","-","-","-","-","-","-","-","-","-","-","-","-","-","-","-","-","-","-","-","-","-","-","-","-","-","-","-","-","-","-","-","-","-","-","-","-","-","-","-","-","-","-","-","-","-","-","-","-","-","-","-","-","-","-","-","-","-","-","-","-","-","-","-","-","-","-","-","-","-","-","-","-","-","-","-","-","-","Jul 22, 2026, 9:53 AM","Jul 22, 2026, 5:07 PM","07:14:38","-","-","-","-","-","Jul 22, 2026, 5:07 PM","Jul 22, 2026, 7:44 PM","02:36:59","-","-","-","-","-","-","-","-","-","-","-","-","-","Jul 22, 2026, 7:44 PM","Jul 24, 2026, 4:57 PM","45:12:41","-","Jul 24, 2026, 4:57 PM","-","-","100:21:44","-","-","-","-","-","-","-","-","-","-","-","-","-","-","-","-","-","-","-","-","-","-","-","-","-","-","-","-","-","-","-","-","-","-","-","-","-","-","-","-","-","-","-","-","-","-","-","-","-","-","-","-","-","-","-","-","-","-","-","-","-","-","-","-","-","-","-","-","-","-","-","-","-","-","-","-","-","-","-","-","-","-","-","-","-","-","-","-","-","-","-","-","-","-","-","-"
"27085","tom klingensmith","","tom klingensmith","ttomk@yahoo.com","(307) 262-7754","Water Heater Install :Lowes Water Heaters","","Completed","Jul 23, 2026, 8:00 AM","Jul 23, 2026, 10:00 AM","07/23/2026","08:00:00","07/23/2026","10:00:00","Jul 22, 2026, 9:29 AM","2026","July 2026","Travis Germain","1921 e pyramid lake dr, Fort Mohave, AZ 86426","Fort Mohave","AZ","86426","Main Address","AtoZ Remodel LLC Ken (Contractor)","Lowes","Invoiced","1666","1960","1666","0","","77701, 77814","77701","Lowes","77814","Lowes","WH1325040
8-12noon

Order Number:
300902203264677454


Model Number #


Lowes Store Address:1680 HIGHWAY 95, Bullhead City, AZ, 86442


Notes and Details (Addon bundles, other details):","","Lowes,Pick up from Lowes","-","-","","0","02:00:00","2","","0","","0","616","837","221","240","1123","883","616","837","221","616","240","829","589","0","1666","1666","","41421282","Garage","","Lowes - Water Heaters","","","","","","","","Lowe's","Free","","Residential","Tier 1 - 8%","","","17584101","(307) 262-7754","ttomk@yahoo.com","","","Travis Germain","IME","1st Attempt","","ESTIMATE_APPOINTMENT | APPOINTMENT_SET","ESTIMATE_APPOINTMENT | APPOINTMENT_SET","Jul 20, 2026, 9:13 AM","","tom klingensmith","","tom","klingensmith","-","-","-","-","-","-","-","-","-","-","-","-","-","-","-","-","-","-","-","-","-","-","-","-","-","-","-","-","-","-","-","-","-","-","-","-","-","-","-","-","-","-","-","-","-","-","-","-","Jul 22, 2026, 9:29 AM","Jul 23, 2026, 2:09 PM","28:39:44","-","-","-","-","-","-","-","-","-","-","-","-","-","-","-","-","-","Jul 23, 2026, 2:09 PM","Jul 23, 2026, 2:18 PM","00:09:38","-","Jul 23, 2026, 2:18 PM","-","-","127:00:22","-","-","-","-","-","-","-","-","-","-","-","-","-","-","-","-","-","-","-","-","-","-","-","-","-","-","-","-","-","-","-","-","-","-","-","-","-","-","-","-","-","-","-","-","-","-","-","-","-","-","-","-","-","-","-","-","-","-","-","-","-","-","-","-","-","-","-","-","-","-","-","-","-","-","-","-","-","-","-","-","-","-","-","-","-","-","-","-","-","-","-","-","-","-","-","-","-","-","-","-","-","-","-","-","-","-","-","-","-","-","-","-","-","-","-","-","-","-","-","-","-","-","-","-","-","-","-","-","-","-","-","-"
"27084","Renee Manzo","","Renee Manzo","cavaliergirl8@yahoo.com","(480) 231-7088","Water Heater Install :Lowes Water Heaters","","Completed","Jul 22, 2026, 8:00 AM","Jul 22, 2026, 10:00 AM","07/22/2026","08:00:00","07/22/2026","10:00:00","Jul 22, 2026, 8:57 AM","2026","July 2026","Travis Germain","11242. E Escondivo, Mesa, AZ 85208","Mesa","AZ","85208","Main Address","Tanner LaForge","Lowes","Paid","1615","1900","0","1615","","77731, 77696","77696","Lowes","77731","Lowes","WH962540
8-12noon

Order #


Model Number #


Lowes Store Address:


Notes and Details (Addon bundles, other details):","7/22

Arrived on site to install a new 50 gallon gas water heater. Drained and removed the old tank. Replaced both supply lines and the ball valve. 

Placed a pan and the new tank in place. Connected water lines and filled the heater. Ran new t&p. Put on a sediment trap. 

Turned on the burner. Checked for leaks. 

There was a big water hammer going on when the plumbing reached pressure. Resi team came out to investigate further","In Warehouse,Lowes","-","-","02:44:47","2.73","02:00:00","2","00:41:29","0.68","","0","688","936","248","270","964","694","688","936","248","688","270","679","409","0","1615","1615","","41434114","Garage","","Lowes - Water Heaters","","","","","","","","Lowe's","Free","","Residential","Tier 1 - 8%","","","17608043","(480) 231-7088","cavaliergirl8@yahoo.com","","","Travis Germain","IME","1st Attempt","","ESTIMATE_APPOINTMENT | APPOINTMENT_SET","ESTIMATE_APPOINTMENT | APPOINTMENT_SET","Jul 22, 2026, 8:37 AM","","Renee Manzo","","Renee","Manzo","-","-","-","-","-","-","-","-","-","-","-","-","-","-","-","-","-","-","-","-","-","-","-","-","-","-","-","-","-","-","-","-","-","-","-","-","-","-","-","-","-","-","-","-","-","-","-","-","Jul 22, 2026, 8:57 AM","Jul 22, 2026, 9:16 AM","00:19:04","-","-","-","-","-","Jul 22, 2026, 9:16 AM","Jul 22, 2026, 9:58 AM","00:41:29","-","Jul 22, 2026, 9:58 AM","Jul 22, 2026, 12:43 PM","02:44:47","-","-","-","-","-","Jul 22, 2026, 12:43 PM","Jul 22, 2026, 1:00 PM","00:17:39","-","Jul 22, 2026, 1:00 PM","-","-","152:18:31","-","-","-","-","-","-","-","-","-","-","-","-","-","-","-","-","-","-","-","-","-","-","-","-","-","-","-","-","-","-","-","-","-","-","-","-","-","-","-","-","-","-","-","-","-","-","-","-","-","-","-","-","-","-","-","-","-","-","-","-","-","-","-","-","-","-","-","-","-","-","-","-","-","-","-","-","-","-","-","-","-","-","-","-","-","-","-","-","-","-","-","-","-","-","-","-","-","-","-","-","-","-","-","-","-","-","-","-","-","-","-","-","-","-","-","-","-","-","-","-","-","-","-","-","-","-","-","-","-","-","-","-"
"27082","Colter Park","Harbor Group Management Co., LLC","Josh Stocks","wjstocks@harborgroupmanagement.com","252-561-6834","Fan coil - Water leak","Unit 44 fan coil leaking","Completed","Jul 22, 2026, 1:00 PM","Jul 22, 2026, 3:00 PM","07/22/2026","13:00:00","07/22/2026","15:00:00","Jul 22, 2026, 8:20 AM","2026","July 2026","Joey Reyes","909 West Colter Street, Phoenix, Arizona 85013","Phoenix","Arizona","85013","Main Location","Jordan Wise","MFH - Plumbing","Estimate","0","2285","0","0","","77933","77933","AZ Service:MFH","","","Unit 44
Josh called in about this unit leaking in the vent. Not sure what the cause is
POC Josh","Arrived 4:45pm - Finished 5:05pm
Once inside unit inspected fan coil and found it to have an internal leak. Gathered specs and informed Josh, he would like a bid sent over for a replacement. (8hbc LH)","","-","-","00:32:12","0.53","02:00:00","2","","0","","0","786","1185","399","132","1100","968","0","0","0","0","0","0","0","0","0","0","","85889343","","","MFH - Plumbing","","Josh","","","","","","Lowe's","Free","","Residential","Tier 1 - 8%","","","15508690","(480) 640-7388","fswanson@harborgroupmanagement.com","","","Logen Uknavage","","","","","","Mar 30, 2026, 9:43 AM","Harbor","Colter Park","Colter Park","Feljie","Swanson","-","-","-","-","-","-","-","-","-","-","-","-","-","-","-","-","-","-","-","-","-","-","-","-","-","-","-","-","-","-","-","-","-","-","-","-","-","-","-","-","-","-","-","-","-","-","-","-","-","-","-","-","-","-","-","-","-","-","-","-","-","-","-","-","-","-","-","-","-","-","-","-","-","-","-","-","-","-","-","-","Jul 22, 2026, 8:20 AM","Jul 22, 2026, 4:35 PM","08:14:40","-","-","-","-","-","Jul 22, 2026, 4:35 PM","Jul 22, 2026, 5:07 PM","00:32:12","-","-","-","-","-","-","-","-","-","-","-","-","-","Jul 22, 2026, 5:07 PM","Jul 24, 2026, 4:54 PM","47:46:21","-","Jul 24, 2026, 4:54 PM","-","-","100:25:10","-","-","-","-","-","-","-","-","-","-","-","-","-","-","-","-","-","-","-","-","-","-","-","-","-","-","-","-","-","-","-","-","-","-","-","-","-","-","-","-","-","-","-","-","-","-","-","-","-","-","-","-","-","-","-","-","-","-","-","-","-","-","-","-","-","-","-","-","-","-","-","-","-","-","-","-","-","-","-","-","-","-","-","-","-","-","-","-","-","-","-","-","-","-","-","-"
"27080","Phiet Nguyen","","Phiet Nguyen","phietn84@gmail.com","(480) 643-0545","Water Heater Install :Lowes Water Heaters","","Completed","Jul 22, 2026, 8:00 AM","Jul 22, 2026, 10:00 AM","07/22/2026","08:00:00","07/22/2026","10:00:00","Jul 22, 2026, 8:18 AM","2026","July 2026","Gina Neisius","2384 W Weatherby way, Chandler, AZ 85286","Chandler","AZ","85286","Main Address","Matt Schlosser","Lowes","Paid","1933.75","2275","0","1933.75","","77687, 77730","77687","Lowes","77730","Lowes","#962544
8-12pm
Order #


Model Number #


Lowes Store Address:


Notes and Details (Addon bundles, other details):","Scope of Work Performed**

* Removed two existing supply lines
* Removed one existing shut off valve 
* Disconnected the ventilation and gas line
* Cut the T&P line
* Drained water heater and removed unit from the house

**Installation & Reconnection**

* Installed two new water supply lines
* Installed one new shut off valve 
* Installed 24-inch drain pan
* Re-ran T&P discharge line into the wall outlet
* Connected ventilation and gas line
* Filled water heater

**Testing & Closeout**

* Checked system for proper operation
* Registered the new water heater
* All documentation signed and payment collected","In Warehouse,Lowes","-","-","02:17:43","2.28","02:00:00","2","00:26:59","0.43","","0","826","1100","274","270","1175","905","826","1100","274","826","270","833.75","563.75","0","1933.75","1933.75","","41431420","garage","","Lowes - Water Heaters","","","","","","","","Lowe's","Free","","Residential","Tier 1 - 8%","","","17601115","(480) 643-0545","phietn84@gmail.com","","","Gina Neisius","IME","New Prospect","","ESTIMATE_APPOINTMENT | APPOINTMENT_SET","ESTIMATE_APPOINTMENT | APPOINTMENT_SET","Jul 21, 2026, 2:55 PM","","Phiet Nguyen","","Phiet","Nguyen","-","-","-","-","-","-","-","-","-","-","-","-","-","-","-","-","-","-","-","-","-","-","-","-","-","-","-","-","-","-","-","-","-","-","-","-","-","-","-","-","-","-","-","-","-","-","-","-","Jul 22, 2026, 8:18 AM","Jul 22, 2026, 8:29 AM","00:10:57","-","-","-","-","-","Jul 22, 2026, 8:29 AM","Jul 22, 2026, 8:55 AM","00:26:59","-","Jul 22, 2026, 8:55 AM","Jul 22, 2026, 11:13 AM","02:17:42","-","-","-","-","-","Jul 22, 2026, 11:13 AM","Jul 22, 2026, 12:59 PM","01:45:21","-","Jul 22, 2026, 12:59 PM","-","-","152:20:19","-","-","-","-","-","-","-","-","-","-","-","-","-","-","-","-","-","-","-","-","-","-","-","-","-","-","-","-","-","-","-","-","-","-","-","-","-","-","-","-","-","-","-","-","-","-","-","-","-","-","-","-","-","-","-","-","-","-","-","-","-","-","-","-","-","-","-","-","-","-","-","-","-","-","-","-","-","-","-","-","-","-","-","-","-","-","-","-","-","-","-","-","-","-","-","-","-","-","-","-","-","-","-","-","-","-","-","-","-","-","-","-","-","-","-","-","-","-","-","-","-","-","-","-","-","-","-","-","-","-","-","-"
"27079","**44 Monroe","Greystar","Contact","","(480) 925-9864","Fixture Issues :Plumbing","16th Floor Mechanical Room - PRV replacement","Completed","Jul 24, 2026, 8:00 AM","Jul 24, 2026, 1:00 PM","07/24/2026","08:00:00","07/24/2026","13:00:00","Jul 22, 2026, 8:15 AM","2026","July 2026","Joey Reyes","44 West Monroe Street, Phoenix, AZ 85003","Phoenix","AZ","85003","44 West Monroe Street","Hunter Howell","MFH - Plumbing","Sent","12150","12150","0","0","","77559, 78028","77559","AZ Service:MFH","78028","AZ Service:MFH","Call Dominic Meza regarding work 
16th Floor Mechanical Room - PRV replacement
Show up at 830 for shutdown at 9. Dominic will not be there. Contact front off number for access.
Parts at hughes across the street from shop","Findings
Found PRV leaking and not functioning properly.
Includes
Turned water off to section
Drained system
Removed and replaced PRV
Restored water
Leak tested
Tested for proper function
Cleaned up
Excludes
Work beyond listed scope
Water damage","","-","-","02:51:04","2.85","05:00:00","5","","0","","0","4500","5850","1350","561.6","6300","5738.4","4900","5850","950","4900","561.6","6300","5738.4","0","12150","12150","","","","","MFH - Plumbing","","Dominic","","","","","","Lowe's","Free","","Residential","Tier 1 - 8%","","","6724719","480-818-0717","sarah.odaniel@greystar.com","","44monroemaint@greystar.com","Kris Driggs","Cushman & Wakefield","","","","Call Dominic Meza regarding work","Apr 23, 2024, 4:10 PM","Commercial,VIP","**44 Monroe","**44 Monroe","Sarah","ODaniel","-","-","-","-","-","-","-","-","-","-","-","-","-","-","-","-","-","-","-","-","-","-","-","-","-","-","-","-","-","-","-","-","-","-","-","-","-","-","-","-","-","-","-","-","-","-","-","-","-","-","-","-","-","-","-","-","-","-","-","-","-","-","-","-","-","-","-","-","-","-","-","-","-","-","-","-","-","-","-","-","Jul 22, 2026, 8:15 AM","Jul 24, 2026, 10:00 AM","49:44:57","-","-","-","-","-","Jul 24, 2026, 10:00 AM","Jul 24, 2026, 12:51 PM","02:51:03","-","-","-","-","-","-","-","-","-","-","-","-","-","Jul 24, 2026, 8:57 PM","Jul 27, 2026, 10:50 AM","61:52:54","-","Jul 27, 2026, 10:50 AM","-","-","34:28:30","-","-","-","-","-","-","-","-","-","-","-","-","-","-","-","-","-","-","-","-","-","-","-","-","-","-","-","-","-","-","-","-","-","-","-","-","-","-","-","-","-","-","-","-","-","-","-","-","-","-","-","-","-","-","-","-","-","-","-","-","-","-","-","-","-","-","-","-","-","-","-","-","-","-","-","-","-","-","-","-","-","-","-","-","-","-","-","-","-","-","-","-","-","-","-","-"
"27078","Colter Park","Harbor Group Management Co., LLC","Josh Stocks","wjstocks@harborgroupmanagement.com","252-561-6834","Active Water Leak :Plumbing","Unit 283/281 water leak","Completed","Jul 22, 2026, 10:00 AM","Jul 22, 2026, 12:00 PM","07/22/2026","10:00:00","07/22/2026","12:00:00","Jul 22, 2026, 8:09 AM","2026","July 2026","Joey Reyes","909 West Colter Street, Phoenix, Arizona 85013","Phoenix","Arizona","85013","Main Location","Jordan Wise","MFH - Plumbing","Sent","393","0","0","0","","77931","","","77931","AZ Service:MFH","Unit 283/281
Josh said there is a water leak between the two units and that they think is not related to prior work. It's in the bathrooms.
POC Josh","Arrived 10:30am - Finished 12:15pm
Once on site checked in with office and waited for keys to be pulled, they could not locate keys for unit 183 and want me to just inspect through 281 was able to gain entry at 11:15 AM. Once inside unit found wall above toilet to be soggy opened up wall as needed and found half inch hot pex line looks like it had been chewed through by a mouse in two spots shut down water as needed cut out problematic section and repaired turned on water. No leaks are presentcovered drywall with plastic and cleaned up work area before leaving.

1- 1/2” sharkbite ball valve","","-","-","02:00:26","2","02:00:00","2","00:37:43","0.62","","0","0","0","0","0","0","0","25","63","38","25","39.6","330","290.4","0","393","393","","85889226","","","MFH - Plumbing","","Josh","","","","","","Lowe's","Free","","Residential","Tier 1 - 8%","","","15508690","(480) 640-7388","fswanson@harborgroupmanagement.com","","","Logen Uknavage","","","","","","Mar 30, 2026, 9:43 AM","Harbor","Colter Park","Colter Park","Feljie","Swanson","-","-","-","-","-","-","-","-","-","-","-","-","-","-","-","-","-","-","-","-","-","-","-","-","-","-","-","-","-","-","-","-","-","-","-","-","-","-","-","-","-","-","-","-","-","-","-","-","-","-","-","-","-","-","-","-","-","-","-","-","-","-","-","-","-","-","-","-","-","-","-","-","-","-","-","-","-","-","-","-","Jul 22, 2026, 8:09 AM","Jul 22, 2026, 9:51 AM","01:42:17","-","Jul 22, 2026, 9:51 AM","Jul 22, 2026, 10:29 AM","00:37:44","-","Jul 22, 2026, 10:29 AM","Jul 22, 2026, 12:29 PM","02:00:26","-","-","-","-","-","-","-","-","-","-","-","-","-","Jul 22, 2026, 12:29 PM","Jul 24, 2026, 4:46 PM","52:16:22","-","Jul 24, 2026, 4:46 PM","-","-","100:33:04","-","-","-","-","-","-","-","-","-","-","-","-","-","-","-","-","-","-","-","-","-","-","-","-","-","-","-","-","-","-","-","-","-","-","-","-","-","-","-","-","-","-","-","-","-","-","-","-","-","-","-","-","-","-","-","-","-","-","-","-","-","-","-","-","-","-","-","-","-","-","-","-","-","-","-","-","-","-","-","-","-","-","-","-","-","-","-","-","-","-","-","-","-","-","-","-"
"27077","Capri on Camelback","Harbor Group Management Co., LLC","Travis George","tgeorge@harborgroupmanagement.com","(602) 882-8579","B319 Kitchen sink back up","","Completed","Jul 21, 2026, 7:00 PM","Jul 21, 2026, 8:00 PM","07/21/2026","19:00:00","07/21/2026","20:00:00","Jul 21, 2026, 5:26 PM","2026","July 2026","Logen Uknavage","5115 North 40th Street, Phoenix, Arizona 85018","Phoenix","Arizona","85018","Main Location","Brodyn Janshen","MFH - Plumbing","Sent","238","0","0","0","","77756","","","77756","AZ Service:MFH","Travis is poc please call enroute and when complete","Arrived on site located unit and it was home went inside and saw the sink was full of water would not drain. I drained it into a bucket under the P-trap once the P drop was removed. I came with the line at about 25 to 30 feet there was a blockage which I was able to push through and break up. I put the P-trap back on and ran the water while I cleaned my mess. The water is draining properly at this time.","","-","-","00:24:35","0.4","01:00:00","1","","0","","0","0","0","0","0","0","0","0","-1","-1","0","28.68","239","210.32","0","238","238","","85827437","","","MFH - Plumbing","","","","","","","","Lowe's","Free","","Residential","Tier 1 - 8%","","","17009572","(602) 882-8579","tgeorge@harborgroupmanagement.com","","","Logen Uknavage","Referral","","","","","Jun 2, 2026, 4:45 PM","MFH,Commercial","Capri on Camelback","Capri on Camelback","Travis","George","-","-","-","-","-","-","-","-","-","-","-","-","-","-","-","-","-","-","-","-","-","-","-","-","-","-","-","-","-","-","-","-","-","-","-","-","-","-","-","-","-","-","-","-","-","-","-","-","-","-","-","-","-","-","-","-","-","-","-","-","-","-","-","-","-","-","-","-","-","-","-","-","-","-","-","-","-","-","-","-","Jul 21, 2026, 5:26 PM","Jul 21, 2026, 6:50 PM","01:24:09","-","-","-","-","-","Jul 21, 2026, 6:50 PM","Jul 21, 2026, 7:14 PM","00:24:36","-","-","-","-","-","-","-","-","-","-","-","-","-","Jul 21, 2026, 7:14 PM","Jul 22, 2026, 3:27 PM","20:13:00","-","Jul 22, 2026, 3:27 PM","-","-","149:51:26","-","-","-","-","-","-","-","-","-","-","-","-","-","-","-","-","-","-","-","-","-","-","-","-","-","-","-","-","-","-","-","-","-","-","-","-","-","-","-","-","-","-","-","-","-","-","-","-","-","-","-","-","-","-","-","-","-","-","-","-","-","-","-","-","-","-","-","-","-","-","-","-","-","-","-","-","-","-","-","-","-","-","-","-","-","-","-","-","-","-","-","-","-","-","-","-"
"27076","Capri on Camelback","Harbor Group Management Co., LLC","Travis George","tgeorge@harborgroupmanagement.com","(602) 882-8579","Kitchen sink back up","Unit A321 KITCHEN SINK BACK UP","Completed","Jul 21, 2026, 6:00 PM","Jul 21, 2026, 7:00 PM","07/21/2026","18:00:00","07/21/2026","19:00:00","Jul 21, 2026, 5:24 PM","2026","July 2026","Logen Uknavage","5115 North 40th Street, Phoenix, Arizona 85018","Phoenix","Arizona","85018","Main Location","Brodyn Janshen","MFH - Plumbing","Sent","238","0","0","0","","77755","","","77755","AZ Service:MFH","Travis is poc please call when en route and upon completion","Arrived on site located unit saw the sink had a little bit of water and it was all white like milk or paint ran my cable at about 25 to able to clear whatever it was, I did not pull anything back once clear. I ran the water while I cleaned up and it continued to drain. All fixtures working properly at this time.","","-","-","00:32:39","0.53","01:00:00","1","00:14:35","0.23","","0","0","0","0","0","0","0","0","-1","-1","0","28.68","239","210.32","0","238","238","","85827413","","","MFH - Plumbing","","","","","","","","Lowe's","Free","","Residential","Tier 1 - 8%","","","17009572","(602) 882-8579","tgeorge@harborgroupmanagement.com","","","Logen Uknavage","Referral","","","","","Jun 2, 2026, 4:45 PM","MFH,Commercial","Capri on Camelback","Capri on Camelback","Travis","George","-","-","-","-","-","-","-","-","-","-","-","-","-","-","-","-","-","-","-","-","-","-","-","-","-","-","-","-","-","-","-","-","-","-","-","-","-","-","-","-","-","-","-","-","-","-","-","-","-","-","-","-","-","-","-","-","-","-","-","-","-","-","-","-","-","-","-","-","-","-","-","-","-","-","-","-","-","-","-","-","Jul 21, 2026, 5:24 PM","Jul 21, 2026, 6:02 PM","00:38:01","-","Jul 21, 2026, 6:02 PM","Jul 21, 2026, 6:17 PM","00:14:35","-","Jul 21, 2026, 6:17 PM","Jul 21, 2026, 6:50 PM","00:32:38","-","-","-","-","-","-","-","-","-","-","-","-","-","Jul 21, 2026, 6:50 PM","Jul 22, 2026, 3:26 PM","20:36:00","-","Jul 22, 2026, 3:26 PM","-","-","149:53:10","-","-","-","-","-","-","-","-","-","-","-","-","-","-","-","-","-","-","-","-","-","-","-","-","-","-","-","-","-","-","-","-","-","-","-","-","-","-","-","-","-","-","-","-","-","-","-","-","-","-","-","-","-","-","-","-","-","-","-","-","-","-","-","-","-","-","-","-","-","-","-","-","-","-","-","-","-","-","-","-","-","-","-","-","-","-","-","-","-","-","-","-","-","-","-","-"
"27075","505 West","Harbor Group Management Co., LLC","Jesus Maintenance supervisor","jpelayo@harborgroupmanagement.com","480-577-2649","No Cool :HVAC","Unit 2022 no cool","Completed","Jul 22, 2026, 11:00 AM","Jul 22, 2026, 1:00 PM","07/22/2026","11:00:00","07/22/2026","13:00:00","Jul 21, 2026, 4:19 PM","2026","July 2026","Dominic Cruz","505 West Baseline Road, Tempe, Arizona 85283","Tempe","Arizona","85283","Main Location","Jacob Martinez","MFH - HVAC","Sent","323","0","0","0","","77761","","","77761","MFH:MFH - HVAC","Can't be on property after 6p. If we have to be, call Jesus to verify
Goodman condensers only for this property - R32 ONLY

Unit 2022
No Cool","Arrival Condition: Drain pan was completely full and failing to drain, causing standing water on the floor.
​Action Taken: * Cleared clogged drain line using a Gallo gun (CO2 cartridge) to restore initial flow.
​Performed water test and identified back-pitch on the drain pan, causing water to overflow from the far end.
​Re-pitched and secured the pan using plumbing strap to establish proper slope.
​Status: Tested system after adjustment; unit is now draining properly with no further overfl","","-","-","01:23:34","1.38","02:00:00","2","","0","","0","0","0","0","0","0","0","25","63","38","25","31.2","260","228.8","0","323","323","","","","","PHX - Plumbing","","Anthony","","","","","","Lowe's","Free","","Residential","Tier 1 - 8%","","","15570187","480-577-2649","jpelayo@harborgroupmanagement.com","","","Logen Uknavage","","","","","Can't be on property after 6p. If we have to be, call Jesus to verify
Goodman condensers only for this property - R32 ONLY","Apr 2, 2026, 10:44 AM","Harbor","505 West","505 West","Jesus","Maintenance supervisor","-","-","-","-","-","-","-","-","-","-","-","-","-","-","-","-","-","-","-","-","-","-","-","-","-","-","-","-","-","-","-","-","-","-","-","-","-","-","-","-","-","-","-","-","-","-","-","-","-","-","-","-","-","-","-","-","-","-","-","-","-","-","-","-","-","-","-","-","-","-","-","-","-","-","-","-","-","-","-","-","Jul 21, 2026, 4:19 PM","Jul 22, 2026, 2:29 PM","22:10:39","-","-","-","-","-","Jul 22, 2026, 2:29 PM","Jul 22, 2026, 3:53 PM","01:23:34","-","-","-","-","-","-","-","-","-","-","-","-","-","Jul 22, 2026, 3:53 PM","Jul 24, 2026, 3:08 PM","47:15:02","-","Jul 24, 2026, 3:08 PM","-","-","102:11:03","-","-","-","-","-","-","-","-","-","-","-","-","-","-","-","-","-","-","-","-","-","-","-","-","-","-","-","-","-","-","-","-","-","-","-","-","-","-","-","-","-","-","-","-","-","-","-","-","-","-","-","-","-","-","-","-","-","-","-","-","-","-","-","-","-","-","-","-","-","-","-","-","-","-","-","-","-","-","-","-","-","-","-","-","-","-","-","-","-","-","-","-","-","-","-","-"
"27074","505 West","Harbor Group Management Co., LLC","Jesus Maintenance supervisor","jpelayo@harborgroupmanagement.com","480-577-2649","No Cool :HVAC","unit 2129 no cool","Completed","Jul 22, 2026, 9:00 AM","Jul 22, 2026, 11:00 AM","07/22/2026","09:00:00","07/22/2026","11:00:00","Jul 21, 2026, 4:18 PM","2026","July 2026","Dominic Cruz","505 West Baseline Road, Tempe, Arizona 85283","Tempe","Arizona","85283","Main Location","Jacob Martinez","MFH - HVAC","Sent","764","0","0","0","","77758","","","77758","MFH:MFH - HVAC","Can't be on property after 6p. If we have to be, call Jesus to verify
Goodman condensers only for this property - R32 ONLY

Unit 2129
No Cool","""Extended diagnostic time was required due to a metering device discrepancy: unit specifications called for an indoor TXV, but an indoor fixed piston was installed, skewing superheat and subcooling readings. Initial system pressures indicated a severe restriction that could not be resolved by charging. Recovered refrigerant, evacuated system to 500 microns, and weighed in the factory charge of 4 lbs, 6 oz of R-410A. The unit is currently operating within normal parameters and cooling effectively.""","","-","-","06:00:51","6","02:00:00","2","00:21:24","0.35","","0","0","0","0","0","0","0","48.8","244","195.2","48.8","62.4","520","457.6","0","764","764","","","","","PHX - Plumbing","","Anthony","","","","","","Lowe's","Free","","Residential","Tier 1 - 8%","","","15570187","480-577-2649","jpelayo@harborgroupmanagement.com","","","Logen Uknavage","","","","","Can't be on property after 6p. If we have to be, call Jesus to verify
Goodman condensers only for this property - R32 ONLY","Apr 2, 2026, 10:44 AM","Harbor","505 West","505 West","Jesus","Maintenance supervisor","-","-","-","-","-","-","-","-","-","-","-","-","-","-","-","-","-","-","-","-","-","-","-","-","-","-","-","-","-","-","-","-","-","-","-","-","-","-","-","-","-","-","-","-","-","-","-","-","-","-","-","-","-","-","-","-","-","-","-","-","-","-","-","-","-","-","-","-","-","-","-","-","-","-","-","-","-","-","-","-","Jul 21, 2026, 4:18 PM","Jul 22, 2026, 8:44 AM","16:26:20","-","Jul 22, 2026, 8:44 AM","Jul 22, 2026, 9:06 AM","00:21:25","-","Jul 22, 2026, 9:06 AM","Jul 22, 2026, 3:06 PM","06:00:50","-","-","-","-","-","-","-","-","-","-","-","-","-","Jul 22, 2026, 3:06 PM","Jul 24, 2026, 2:59 PM","47:52:12","-","Jul 24, 2026, 2:59 PM","-","-","102:20:18","-","-","-","-","-","-","-","-","-","-","-","-","-","-","-","-","-","-","-","-","-","-","-","-","-","-","-","-","-","-","-","-","-","-","-","-","-","-","-","-","-","-","-","-","-","-","-","-","-","-","-","-","-","-","-","-","-","-","-","-","-","-","-","-","-","-","-","-","-","-","-","-","-","-","-","-","-","-","-","-","-","-","-","-","-","-","-","-","-","-","-","-","-","-","-","-"
"27073","505 West","Harbor Group Management Co., LLC","Jesus Maintenance supervisor","jpelayo@harborgroupmanagement.com","480-577-2649","No Cool :HVAC","Unit 1154 no cool","Completed","Jul 22, 2026, 11:00 AM","Jul 22, 2026, 1:00 PM","07/22/2026","11:00:00","07/22/2026","13:00:00","Jul 21, 2026, 4:17 PM","2026","July 2026","Dominic Cruz","505 West Baseline Road, Tempe, Arizona 85283","Tempe","Arizona","85283","Main Location","Chuy Torres","MFH - HVAC","Sent","323","0","0","0","","77766","","","77766","MFH:MFH - HVAC","Can't be on property after 6p. If we have to be, call Jesus to verify
Goodman condensers only for this property - R32 ONLY

Unit 1154
No Cool","## **Field Service Report: Condensate Backup & Drain Clearing**

**Date:** July 22, 2026  
**Unit:** 1154  
**Status:** Arrived on-site, diagnosed an active condensate leak caused by a clogged drain line, cleared the restriction with high-pressure CO2, and restored proper drainage.

### **Diagnostic Findings**
* **Initial Assessment:** Responded to a service call to investigate an active **condensate drain leak** at the indoor equipment.
* **System Evaluation:** Inspected the HVAC unit and found that a restriction in the primary drain line was causing condensate water to back up and spill over.

### **Repairs Performed**
* **Drain Clearing:** Hooked up the **CO2** cartridge and blasted the drain line with high pressure to successfully blow out the clog and completely clear the obstruction.

### **Final Status**
* **Verification:** Poured water directly into the drain pan to thoroughly water-test the newly cleared line. Confirmed that the water is flowing freely and the system is **draining properly** with absolutely no backups.
* **Outcome:** **Restored operation; the leak is resolved and the system is draining properly at this time.**

---

**Status: Drain Cleared & Tested — Ticket","","-","-","01:24:03","1.4","02:00:00","2","","0","","0","0","0","0","0","0","0","25","63","38","25","31.2","260","228.8","0","323","323","","","","","PHX - Plumbing","","Anthony","","","","","","Lowe's","Free","","Residential","Tier 1 - 8%","","","15570187","480-577-2649","jpelayo@harborgroupmanagement.com","","","Logen Uknavage","","","","","Can't be on property after 6p. If we have to be, call Jesus to verify
Goodman condensers only for this property - R32 ONLY","Apr 2, 2026, 10:44 AM","Harbor","505 West","505 West","Jesus","Maintenance supervisor","-","-","-","-","-","-","-","-","-","-","-","-","-","-","-","-","-","-","-","-","-","-","-","-","-","-","-","-","-","-","-","-","-","-","-","-","-","-","-","-","-","-","-","-","-","-","-","-","-","-","-","-","-","-","-","-","-","-","-","-","-","-","-","-","-","-","-","-","-","-","-","-","-","-","-","-","-","-","-","-","Jul 21, 2026, 4:17 PM","Jul 22, 2026, 2:51 PM","22:34:07","-","-","-","-","-","Jul 22, 2026, 2:51 PM","Jul 22, 2026, 4:15 PM","01:24:02","-","-","-","-","-","-","-","-","-","-","-","-","-","Jul 22, 2026, 4:15 PM","Jul 24, 2026, 12:38 PM","44:22:49","-","Jul 24, 2026, 12:38 PM","-","-","104:41:00","-","-","-","-","-","-","-","-","-","-","-","-","-","-","-","-","-","-","-","-","-","-","-","-","-","-","-","-","-","-","-","-","-","-","-","-","-","-","-","-","-","-","-","-","-","-","-","-","-","-","-","-","-","-","-","-","-","-","-","-","-","-","-","-","-","-","-","-","-","-","-","-","-","-","-","-","-","-","-","-","-","-","-","-","-","-","-","-","-","-","-","-","-","-","-","-"
"27072","505 West","Harbor Group Management Co., LLC","Jesus Maintenance supervisor","jpelayo@harborgroupmanagement.com","480-577-2649","No Cool :HVAC","Unit 1028 - No Cool","Completed","Jul 22, 2026, 8:00 AM","Jul 22, 2026, 10:00 AM","07/22/2026","08:00:00","07/22/2026","10:00:00","Jul 21, 2026, 4:16 PM","2026","July 2026","Dominic Cruz","505 West Baseline Road, Tempe, Arizona 85283","Tempe","Arizona","85283","Main Location","Chuy Torres","MFH - HVAC","Sent","323","0","0","0","","77763","","","77763","MFH:MFH - HVAC","Can't be on property after 6p. If we have to be, call Jesus to verify
Goodman condensers only for this property - R32 ONLY

Unit 1028
No Cool",".

---

## **Field Service Report: Condensate Backup & Drain Clearing**

**Date:** July 22, 2026  
**Unit:** 10284  
**Status:** Arrived on-site, diagnosed an active condensate leak caused by a clogged drain line, cleared the blockage with high-pressure CO2, and restored proper drainage.

### **Diagnostic Findings**
* **Initial Assessment:** Responded to a service call to investigate an active **condensate leak** at the indoor equipment.
* **System Evaluation:** Inspected the HVAC unit and found that a restriction in the primary condensate drain line was causing water to back up and spill over.

### **Repairs Performed**
* **Drain Clearing:** Hooked up the **CO2** cartridge and blasted the drain line with high pressure to successfully blow out the clog and completely clear the restriction.

### **Final Status**
* **Verification:** Poured water directly into the drain pan to thoroughly water-test the newly cleared line. Confirmed that the water is flowing freely and **draining properly** with absolutely no backups.
* **Outcome:** **Restored operation; the leak is resolved and the system is draining properly at this time.**

---

**Status: Drain Cleared & Tested — Ticket Closed**","","-","-","05:16:24","5.27","02:00:00","2","01:09:03","1.15","","0","0","0","0","0","0","0","25","63","38","25","31.2","260","228.8","0","323","323","","","","","PHX - Plumbing","","Anthony","","","","","","Lowe's","Free","","Residential","Tier 1 - 8%","","","15570187","480-577-2649","jpelayo@harborgroupmanagement.com","","","Logen Uknavage","","","","","Can't be on property after 6p. If we have to be, call Jesus to verify
Goodman condensers only for this property - R32 ONLY","Apr 2, 2026, 10:44 AM","Harbor","505 West","505 West","Jesus","Maintenance supervisor","-","-","-","-","-","-","-","-","-","-","-","-","-","-","-","-","-","-","-","-","-","-","-","-","-","-","-","-","-","-","-","-","-","-","-","-","-","-","-","-","-","-","-","-","-","-","-","-","-","-","-","-","-","-","-","-","-","-","-","-","-","-","-","-","-","-","-","-","-","-","-","-","-","-","-","-","-","-","-","-","Jul 21, 2026, 4:16 PM","Jul 22, 2026, 9:44 AM","17:28:37","-","Jul 22, 2026, 9:44 AM","Jul 22, 2026, 10:53 AM","01:09:03","-","Jul 22, 2026, 10:53 AM","Jul 22, 2026, 4:10 PM","05:16:24","-","-","-","-","-","-","-","-","-","Jul 22, 2026, 4:10 PM","Jul 22, 2026, 4:10 PM","00:00:05","-","Jul 22, 2026, 4:10 PM","Jul 24, 2026, 12:27 PM","44:17:12","-","Jul 24, 2026, 12:27 PM","-","-","104:51:44","-","-","-","-","-","-","-","-","-","-","-","-","-","-","-","-","-","-","-","-","-","-","-","-","-","-","-","-","-","-","-","-","-","-","-","-","-","-","-","-","-","-","-","-","-","-","-","-","-","-","-","-","-","-","-","-","-","-","-","-","-","-","-","-","-","-","-","-","-","-","-","-","-","-","-","-","-","-","-","-","-","-","-","-","-","-","-","-","-","-","-","-","-","-","-","-"
"27071","Edwardd Peru","","Edwardd Peru","bigedperu@yahoo.com","(928) 322-4777","Septic Tank Pumping :Plumbing","septic pump","Completed","Jul 22, 2026, 8:00 AM","Jul 22, 2026, 10:00 AM","07/22/2026","08:00:00","07/22/2026","10:00:00","Jul 21, 2026, 3:53 PM","2026","July 2026","Beatriz Garcia","5057 East Court Street, Solomon, Arizona 85551","Solomon","Arizona","85551","5057 East Court Street","Jaxon Bryant","Gila Valley","Paid","592.25","592.25","0","592.25","","77726, 77727","77726","AZ Service:Gila Valley","77727","AZ Service:Gila Valley","Reason for call? Septic pumping , locate lid, uncover

Who will be present to meet the technician? Marcos Peru (son)

Are any drains currently backing up? yes, toilet and washer

How many years since its been pumped? (If unknown, quote customer a ""5-15 year hard pump"" up-charge. $125) 2020

Do you know where the lid is located?  (If unknown, quote customer $150/per hour up-charge.) No

Is it uncovered? If not, are the lids able to be accessed with a tractor? (If needing to be dug up, quote customer $150 up-charge.) no, we need to uncover

Is there anything else you would like technician to look at while they are there? No

How did you hear about NexLvl Services? Existing

Quoted $425 , hard pump $675, Uncover lid $150, locate lid $125 per hour

CC on file","","Resi,Gila Valley,Tractor Needed","-","-","03:59:43","3.98","02:00:00","2","00:29:42","0.48","","0","0","0","0","195","592.25","397.25","0","0","0","0","195","592.25","397.25","0","592.25","592.25","","","","","Gila Valley - Septic","","Edwardd Peru","","","","","","","","","","","","","9392337","(928) 322-4777","bigedperu@yahoo.com","","","","","","","","","Feb 17, 2025, 12:57 PM","","Edwardd Peru","","Edwardd","Peru","-","-","-","-","-","-","-","-","-","-","-","-","-","-","-","-","-","-","-","-","-","-","-","-","-","-","-","-","-","-","-","-","-","-","-","-","-","-","-","-","-","-","-","-","-","-","-","-","-","-","-","-","-","-","-","-","-","-","-","-","-","-","-","-","-","-","-","-","-","-","-","-","-","-","-","-","-","-","-","-","Jul 21, 2026, 3:53 PM","Jul 22, 2026, 8:12 AM","16:18:50","-","Jul 22, 2026, 8:12 AM","Jul 22, 2026, 8:42 AM","00:29:42","-","Jul 22, 2026, 8:42 AM","Jul 22, 2026, 12:41 PM","03:59:42","-","-","-","-","-","-","-","-","-","-","-","-","-","Jul 22, 2026, 12:41 PM","Jul 22, 2026, 4:15 PM","03:34:04","-","Jul 22, 2026, 4:15 PM","-","-","149:03:29","-","-","-","-","-","-","-","-","-","-","-","-","-","-","-","-","-","-","-","-","-","-","-","-","-","-","-","-","-","-","-","-","-","-","-","-","-","-","-","-","-","-","-","-","-","-","-","-","-","-","-","-","-","-","-","-","-","-","-","-","-","-","-","-","-","-","-","-","-","-","-","-","-","-","-","-","-","-","-","-","-","-","-","-","-","-","-","-","-","-","-","-","-","-","-","-"
"27070","Bob Swelgin","","Bob Swelgin","bobswelgin@gmail.com","310-871-2085","Toilet :Lowes Simple Installs","1","Completed","Jul 24, 2026, 10:00 AM","Jul 24, 2026, 11:00 AM","07/24/2026","10:00:00","07/24/2026","11:00:00","Jul 21, 2026, 3:53 PM","2026","July 2026","Ashley Reed","3247 Pamela St, Prescott, AZ 86305","Prescott","AZ","86305","Main Address","Oak Wrench AZ Jarrod Scully (Contractor)","Lowes","Paid","209","0","0","209","","77906, 77836","","","77906, 77836","Lowes:Simple Installs, Lowes:Simple Installs","Simple installs -1- KOHLER Battan The Complete Solution White Elongated Chair height 12-in Rough-In WaterSense 1.28 GPF Soft Close 2-piece Toilet
201157197261710493
2300 E STATE ROUTE 69 (AZ-69),
Prescott, AZ 86301
Store: #1157     
Phone: (928) 541-8640

Delivery Fee: PR32456434","","Lowes,Pick up from Lowes","-","-","","0","01:00:00","1","","0","","0","0","0","0","0","0","0","0","0","0","0","21","209","188","0","209","209","","413428095","","","Lowes - Simple Installs","","","","","","","","","","","","","","","17559473","310-871-2085","bobswelgin@gmail.com","null","","","IMS","","","PLUMB - GENERAL (NO SOFTENERS)","PLUMB - GENERAL (NO SOFTENERS)","Jul 18, 2026, 8:01 AM","","Bob Swelgin","","Bob","Swelgin","-","-","-","-","-","-","-","-","-","-","-","-","-","-","-","-","-","-","-","-","-","-","-","-","-","-","-","-","-","-","-","-","-","-","-","-","-","-","-","-","-","-","-","-","-","-","-","-","-","-","-","-","-","-","-","-","-","-","-","-","-","-","-","-","-","-","-","-","-","-","-","-","-","-","-","-","-","-","-","-","Jul 21, 2026, 3:53 PM","Jul 24, 2026, 1:55 PM","70:01:59","-","-","-","-","-","-","-","-","-","-","-","-","-","-","-","-","-","-","-","-","-","-","-","-","-","Jul 24, 2026, 1:55 PM","-","-","103:24:05","-","-","-","-","-","-","-","-","-","-","-","-","-","-","-","-","-","-","-","-","-","-","-","-","-","-","-","-","-","-","-","-","-","-","-","-","-","-","-","-","-","-","-","-","-","-","-","-","-","-","-","-","-","-","-","-","-","-","-","-","-","-","-","-","-","-","-","-","-","-","-","-","-","-","-","-","-","-","-","-","-","-","-","-","-","-","-","-","-","-","-","-","-","-","-","-"
"27068","Dwell Apartment Homes","29th Street Communities","Contact","megan.pearce@29scliving.com","480-547-7130","No Cool :HVAC","Unit- 1701-2- HVAC air handler leak","Completed","Jul 22, 2026, 3:00 PM","Jul 22, 2026, 5:00 PM","07/22/2026","15:00:00","07/22/2026","17:00:00","Jul 21, 2026, 2:55 PM","2026","July 2026","Jess Gonzalez","1923 North 70th Street, Scottsdale, Arizona 85257","Scottsdale","Arizona","85257","Main Location","Chuy Torres","MFH - HVAC","Sent","89","0","0","0","","77911","","","77911","MFH:MFH - HVAC","Unit 1701-2
HVAC side - air handler leaking water 
POC Shannon","Canceled upon arrival","","-","-","00:12:38","0.2","02:00:00","2","01:01:52","1.02","","0","0","0","0","0","0","0","0","0","0","0","10.68","89","78.32","0","89","89","","","","","MFH - HVAC","","Shannon","","","","","","Lowe's","Free","","Residential","Tier 1 - 8%","","","16450907","480-547-7130","megan.pearce@29scliving.com","","","Logen Uknavage","Referral","","","","Fan Coils","May 12, 2026, 2:48 PM","Phoenix,MFH","Dwell Apartment Homes","Dwell Apartment Homes","Shannon","","-","-","-","-","-","-","-","-","-","-","-","-","-","-","-","-","-","-","-","-","-","-","-","-","-","-","-","-","-","-","-","-","-","-","-","-","-","-","-","-","-","-","-","-","-","-","-","-","-","-","-","-","-","-","-","-","-","-","-","-","-","-","-","-","-","-","-","-","-","-","-","-","-","-","-","-","-","-","-","-","Jul 21, 2026, 2:55 PM","Jul 22, 2026, 4:17 PM","25:21:50","-","Jul 22, 2026, 4:17 PM","Jul 22, 2026, 5:19 PM","01:01:52","-","Jul 22, 2026, 5:19 PM","Jul 22, 2026, 5:32 PM","00:12:37","-","-","-","-","-","-","-","-","-","-","-","-","-","Jul 22, 2026, 5:32 PM","Jul 24, 2026, 1:01 PM","43:29:27","-","Jul 24, 2026, 1:01 PM","-","-","104:17:47","-","-","-","-","-","-","-","-","-","-","-","-","-","-","-","-","-","-","-","-","-","-","-","-","-","-","-","-","-","-","-","-","-","-","-","-","-","-","-","-","-","-","-","-","-","-","-","-","-","-","-","-","-","-","-","-","-","-","-","-","-","-","-","-","-","-","-","-","-","-","-","-","-","-","-","-","-","-","-","-","-","-","-","-","-","-","-","-","-","-","-","-","-","-","-","-"
"27067","505 West","Harbor Group Management Co., LLC","Contact","","602-880-8228","No Cool :HVAC","Unit 2062 - leak under drip pan","Completed","Jul 21, 2026, 3:00 PM","Jul 21, 2026, 5:00 PM","07/21/2026","15:00:00","07/21/2026","17:00:00","Jul 21, 2026, 2:35 PM","2026","July 2026","Jess Gonzalez","505 West Baseline Road, Tempe, Arizona 85283","Tempe","Arizona","85283","Main Location","Chuy Torres","MFH - HVAC","Sent","785","785","0","0","","77693, 77764","77693","MFH:MFH - HVAC","77764","MFH:MFH - HVAC","Unit 2062
Leak under drip pan
POC Anthony *call enroute","---

## **Field Service Report: Condensate Leak & Drain Pan Estimate**

**Date:** July 21, 2026  
**Unit:** 2062  
**Status:** Arrived on-site, diagnosed an active condensate leak caused by a completely rusted-out drain pan, and scheduled a return visit to perform the replacement.

### **Diagnostic Findings**
* **Initial Assessment:** Responded to a service call to investigate an active **condensate leak** at the indoor equipment.
* **Component Failure:** Inspected the indoor HVAC unit and discovered that the primary **drain pan is rusted out**. The structural integrity has failed, allowing water to bypass the drain line and leak directly out of the system.

### **Recommendations & Next Steps**
* **Replacement Required:** The compromised drain pan cannot be patched or safely repaired and must be fully replaced to prevent ongoing water damage to the property.
* **Action Item:** The required parts have been approved/sourced, and the **replacement is officially scheduled for tomorrow**. 

---

**Status: Unit Condemned (Rusted Drain Pan) — Scheduled for Replacement Tomorrow**","","-","-","08:08:26","8.13","02:00:00","2","","0","","0","300","525","225","31.2","260","228.8","300","525","225","300","31.2","260","228.8","0","785","785","","","","","MFH - HVAC","","Anthony","","","","","","Lowe's","Free","","Residential","Tier 1 - 8%","","","15570187","480-577-2649","jpelayo@harborgroupmanagement.com","","","Logen Uknavage","","","","","Can't be on property after 6p. If we have to be, call Jesus to verify
Goodman condensers only for this property - R32 ONLY","Apr 2, 2026, 10:44 AM","Harbor","505 West","505 West","Jesus","Maintenance supervisor","-","-","-","-","-","-","-","-","-","-","-","-","-","-","-","-","-","-","-","-","-","-","-","-","-","-","-","-","-","-","-","-","-","-","-","-","-","-","-","-","-","-","-","-","-","-","-","-","-","-","-","-","-","-","-","-","-","-","-","-","-","-","-","-","-","-","-","-","-","-","-","-","-","-","-","-","-","-","-","-","Jul 21, 2026, 2:35 PM","Jul 21, 2026, 3:10 PM","00:35:37","-","-","-","-","-","Jul 21, 2026, 3:10 PM","Jul 21, 2026, 11:19 PM","08:08:25","-","Jul 22, 2026, 8:46 AM","Jul 23, 2026, 9:58 AM","25:11:52","-","-","-","-","-","-","-","-","-","Jul 21, 2026, 11:19 PM","Jul 22, 2026, 8:46 AM","09:27:24","-","Jul 23, 2026, 9:58 AM","-","-","131:20:56","-","-","-","-","-","-","-","-","-","-","-","-","-","-","-","-","-","-","-","-","-","-","-","-","-","-","-","-","-","-","-","-","-","-","-","-","-","-","-","-","-","-","-","-","-","-","-","-","-","-","-","-","-","-","-","-","-","-","-","-","-","-","-","-","-","-","-","-","-","-","-","-","-","-","-","-","-","-","-","-","-","-","-","-","-","-","-","-","-","-","-","-","-","-","-","-"
"27066","Venue on Camelback","BH Management Services LLC","Andres Marquez","andres.marquez@livebh.com","(480) 340-2646","Fan Coil","Unit 416- Fan coil replacement","Completed","Jul 23, 2026, 9:00 AM","Jul 23, 2026, 1:00 PM","07/23/2026","09:00:00","07/23/2026","13:00:00","Jul 21, 2026, 2:19 PM","2026","July 2026","Jess Gonzalez","1930 East Camelback Road, Phoenix, Arizona 85016","Phoenix","Arizona","85016","Main Location","Brodyn Janshen, Jordan Wise","MFH - Plumbing","Invoiced","1798","0","1798","0","","77941","","","77941","AZ Service:MFH","Unit 416
Supply and install 4 HBC LH
POC Andres","Arrived 10:15am - Finished 5pm 
Once on site checked in with office and gained access to unit. Inside shut down water and removed old coil, and installed new. Tested for leaks and function all is good. Cleaned up work area and checked out with property before leaving.
1- 4hbc LH
2- 1/2” sharkbite ball valves 
2- 1/2” hose bibs 
2- 1/2” sweat tees
2- 1/2”x3/4” sweat reducers 
2- 3/4” sweat mip
2- 3/4” pvc st 90s
1- 3/4” pvc coupling 
1- 24”x24” foam board 
1- roll foam tape 
1- roll foil tape 
1 foot 3/4” pvc pipe 
1 foot 3/4” copper pipe 
3 feet 1/2” copper pipe","","-","-","06:56:27","6.93","04:00:00","4","00:25:55","0.42","","0","0","0","0","0","0","0","697","1038","341","697","91.2","760","668.8","0","1798","1798","","","","","MFH - Plumbing","","Andres","","","","","","Lowe's","Free","","Residential","Tier 1 - 8%","","","12805541","(480) 340-2646","andres.marquez@livebh.com","","","Logen Uknavage","","","","","","Oct 16, 2025, 3:10 PM","Commercial,MFH,BH Mgmt","Venue on Camelback","Venue on Camelback","Andres","Marquez","-","-","-","-","-","-","-","-","-","-","-","-","-","-","-","-","-","-","-","-","-","-","-","-","-","-","-","-","-","-","-","-","-","-","-","-","-","-","-","-","-","-","-","-","-","-","-","-","-","-","-","-","-","-","-","-","-","-","-","-","-","-","-","-","-","-","-","-","-","-","-","-","-","-","-","-","-","-","-","-","Jul 21, 2026, 2:19 PM","Jul 23, 2026, 9:44 AM","43:24:41","-","Jul 23, 2026, 9:44 AM","Jul 23, 2026, 10:10 AM","00:25:55","-","Jul 23, 2026, 10:10 AM","Jul 23, 2026, 5:06 PM","06:56:26","-","-","-","-","-","-","-","-","-","-","-","-","-","Jul 23, 2026, 5:06 PM","Jul 24, 2026, 5:21 PM","24:15:01","-","Jul 24, 2026, 5:21 PM","-","-","99:57:36","-","-","-","-","-","-","-","-","-","-","-","-","-","-","-","-","-","-","-","-","-","-","-","-","-","-","-","-","-","-","-","-","-","-","-","-","-","-","-","-","-","-","-","-","-","-","-","-","-","-","-","-","-","-","-","-","-","-","-","-","-","-","-","-","-","-","-","-","-","-","-","-","-","-","-","-","-","-","-","-","-","-","-","-","-","-","-","-","-","-","-","-","-","-","-","-"
"27065","Venue on Camelback","BH Management Services LLC","Andres Marquez","andres.marquez@livebh.com","(480) 340-2646","Fan Coil","Unit 412- Fan coil leak","Completed","Jul 22, 2026, 2:00 PM","Jul 22, 2026, 4:00 PM","07/22/2026","14:00:00","07/22/2026","16:00:00","Jul 21, 2026, 2:18 PM","2026","July 2026","Jess Gonzalez","1930 East Camelback Road, Phoenix, Arizona 85016","Phoenix","Arizona","85016","Main Location","Julian Guidry, Brodyn Janshen","MFH - Plumbing","","0","0","0","0","","","","","","","Unit 412
Fan coil leaking ( Installed 7/20)
POC Andres","Pro press fitting on drain line wasn’t pressed, was able to just press fitting as normal and it stopped leaking.","Recall","-","-","00:09:14","0.15","02:00:00","2","","0","","0","0","0","0","0","0","0","0","0","0","0","0","0","0","0","0","0","","","","","MFH - Plumbing","","Andres","","","","","","Lowe's","Free","","Residential","Tier 1 - 8%","","","12805541","(480) 340-2646","andres.marquez@livebh.com","","","Logen Uknavage","","","","","","Oct 16, 2025, 3:10 PM","Commercial,MFH,BH Mgmt","Venue on Camelback","Venue on Camelback","Andres","Marquez","-","-","-","-","-","-","-","-","-","-","-","-","-","-","-","-","-","-","-","-","-","-","-","-","-","-","-","-","-","-","-","-","-","-","-","-","-","-","-","-","-","-","-","-","-","-","-","-","-","-","-","-","-","-","-","-","-","-","-","-","-","-","-","-","-","-","-","-","-","-","-","-","-","-","-","-","-","-","-","-","Jul 21, 2026, 2:18 PM","Jul 22, 2026, 6:37 PM","28:18:41","-","-","-","-","-","Jul 22, 2026, 6:37 PM","Jul 22, 2026, 6:46 PM","00:09:14","-","-","-","-","-","-","-","-","-","-","-","-","-","Jul 22, 2026, 6:46 PM","Jul 24, 2026, 3:21 PM","44:35:35","-","Jul 24, 2026, 3:21 PM","-","-","101:57:24","-","-","-","-","-","-","-","-","-","-","-","-","-","-","-","-","-","-","-","-","-","-","-","-","-","-","-","-","-","-","-","-","-","-","-","-","-","-","-","-","-","-","-","-","-","-","-","-","-","-","-","-","-","-","-","-","-","-","-","-","-","-","-","-","-","-","-","-","-","-","-","-","-","-","-","-","-","-","-","-","-","-","-","-","-","-","-","-","-","-","-","-","-","-","-","-"
"27064","Venue on Camelback","BH Management Services LLC","Andres Marquez","andres.marquez@livebh.com","(480) 340-2646","Fan Coil","Unit 049- Fan coil replacement","Completed","Jul 22, 2026, 9:00 AM","Jul 22, 2026, 2:00 PM","07/22/2026","09:00:00","07/22/2026","14:00:00","Jul 21, 2026, 2:16 PM","2026","July 2026","Jess Gonzalez","1930 East Camelback Road, Phoenix, Arizona 85016","Phoenix","Arizona","85016","Main Location","Julian Guidry, Brodyn Janshen","MFH - Plumbing","Invoiced","1798","0","1798","0","","77915","","","77915","AZ Service:MFH","Unit 049
Supply and install fan coil - 3HBC LH
POC Andres","Supplied and installed three HBC left-handed fan coil. Had to completely retrofitted in order to fit. Used a lot of pink foam board to build up a Plenum box for it. Securely attached water and drain lines reconnected power test everything for function.  Unit is now cooling.","","-","-","04:42:06","4.7","05:00:00","5","03:26:19","3.43","","0","0","0","0","0","0","0","697","1038","341","697","91.2","760","668.8","0","1798","1798","","","","","MFH - Plumbing","","Andres","","","","","","Lowe's","Free","","Residential","Tier 1 - 8%","","","12805541","(480) 340-2646","andres.marquez@livebh.com","","","Logen Uknavage","","","","","","Oct 16, 2025, 3:10 PM","Commercial,MFH,BH Mgmt","Venue on Camelback","Venue on Camelback","Andres","Marquez","-","-","-","-","-","-","-","-","-","-","-","-","-","-","-","-","-","-","-","-","-","-","-","-","-","-","-","-","-","-","-","-","-","-","-","-","-","-","-","-","-","-","-","-","-","-","-","-","-","-","-","-","-","-","-","-","-","-","-","-","-","-","-","-","-","-","-","-","-","-","-","-","-","-","-","-","-","-","-","-","Jul 21, 2026, 2:16 PM","Jul 22, 2026, 7:36 AM","17:20:52","-","Jul 22, 2026, 7:36 AM","Jul 22, 2026, 11:03 AM","03:26:19","-","Jul 22, 2026, 11:03 AM","Jul 22, 2026, 3:45 PM","04:42:05","-","-","-","-","-","-","-","-","-","-","-","-","-","Jul 22, 2026, 3:45 PM","Jul 24, 2026, 3:21 PM","47:36:05","-","Jul 24, 2026, 3:21 PM","-","-","101:57:59","-","-","-","-","-","-","-","-","-","-","-","-","-","-","-","-","-","-","-","-","-","-","-","-","-","-","-","-","-","-","-","-","-","-","-","-","-","-","-","-","-","-","-","-","-","-","-","-","-","-","-","-","-","-","-","-","-","-","-","-","-","-","-","-","-","-","-","-","-","-","-","-","-","-","-","-","-","-","-","-","-","-","-","-","-","-","-","-","-","-","-","-","-","-","-","-"
"27061","Matthew Willoughby","","Matthew Willoughby","will0953@gmail.com","(480) 227-2088","Toilet :Lowes Simple Installs","2","Completed","Jul 24, 2026, 12:00 PM","Jul 24, 2026, 3:00 PM","07/24/2026","12:00:00","07/24/2026","15:00:00","Jul 21, 2026, 1:48 PM","2026","July 2026","Ashley Reed","21071 East Longwood Drive, Queen Creek, Arizona 85142","Queen Creek","Arizona","85142","Main Location","Bryan Pickett","Lowes","Paid","418","0","0","418","","77920","","","77920","Lowes:Simple Installs","Simple installs -2- American Standard Clean White Elongated Chair height 12-in Rough-In WaterSense 1.28 GPF Soft Close 2-piece Toilet/ pick up from lowe's/ no pets 

4730 S. HIGLEY ROAD,
Gilbert, AZ 85297
Store: #2808
Phone: (480) 840-6280","(x2) Disconnected water supply line, removed old toilet and old wax ring. Installed new waxring and new toilet. Reconnected water supply line and tested by filling tank and flushing through bowl several times while checking for leaks and moisture. No visible water, customer tested and customer satisfied.

Pickup/Delivery charge 
Toilet Install","Lowes,Pick up from Lowes","-","-","00:01:05","0.02","03:00:00","3","02:49:46","2.82","03:27:43","3.45","0","0","0","0","0","0","0","0","0","0","42","418","376","0","418","418","","413536964","","","Lowes - Simple Installs","","","","","","","","Lowe's","Free","","Residential","Tier 1 - 8%","","","14213250","(480) 227-2088","will0953@gmail.com","","","","IMS","","","","","Jan 14, 2026, 12:59 PM","Lowes - Simple Installs","Matthew Willoughby","","Matthew","Willoughby","-","-","-","-","-","-","-","-","-","-","-","-","-","-","-","-","-","-","-","-","-","-","-","-","-","-","-","-","-","-","-","-","-","-","-","-","-","-","-","-","-","-","-","-","-","-","-","-","Jul 21, 2026, 1:48 PM","Jul 24, 2026, 11:28 AM","69:39:35","-","-","-","-","-","Jul 24, 2026, 11:28 AM","Jul 24, 2026, 2:18 PM","02:49:45","-","Jul 24, 2026, 2:18 PM","Jul 24, 2026, 2:19 PM","00:01:05","-","-","-","-","-","Jul 24, 2026, 2:19 PM","Jul 24, 2026, 3:46 PM","01:26:55","-","Jul 24, 2026, 3:46 PM","-","-","101:33:17","-","-","-","-","-","-","-","-","-","-","-","-","-","-","-","-","-","-","-","-","-","-","-","-","-","-","-","-","-","-","-","-","-","-","-","-","-","-","-","-","-","-","-","-","-","-","-","-","-","-","-","-","-","-","-","-","-","-","-","-","-","-","-","-","-","-","-","-","-","-","-","-","-","-","-","-","-","-","-","-","-","-","-","-","-","-","-","-","-","-","-","-","-","-","-","-","-","-","-","-","-","-","-","-","-","-","-","-","-","-","-","-","-","-","-","-","-","-","-","-","-","-","-","-","-","-","-","-","-","-","-","-"
"27060","Aventerra at Dobson Ranch","BH Management Services LLC","Contact","","405-534-9019","HVAC New Unit Estimate","Unit 643- Gather specs on equipment","Completed","Jul 23, 2026, 9:00 AM","Jul 23, 2026, 12:00 PM","07/23/2026","09:00:00","07/23/2026","12:00:00","Jul 21, 2026, 1:40 PM","2026","July 2026","Jess Gonzalez","1960 West Keating Avenue, Mesa, Arizona 85202","Mesa","Arizona","85202","Main Location","Riley Torres, Hector Aguirre","MFH - HVAC","Invoiced","3924.34","0","3924.34","0","","77707","","","77707","MFH:MFH - HVAC","Equipment @ Baker Mesa
Unit 643
2 ton closet mount full system replacement- ground unit (no crane)
POC Eric
	
Reference #	1001517683
PO #	27060","### **Service Summary: Full HVAC System Replacement (First Co. 2-Ton Closet Mount)**
**Unit:** 643

* **Decommissioning & Prep:** Disconnected main power to the system and safely recovered the existing refrigerant. Removed the old outdoor condenser and safely extracted the old air handler from the indoor closet space.
* **Line Set Decontamination:** Flushed the existing copper lines with an Rx11 treatment and followed up with a high-pressure nitrogen purge to blow out any remaining oil, moisture, or contaminants.
* **Equipment Installation & Brazing:** Positioned the new First Co. 2-ton air handler securely inside the closet and set the new outdoor condenser in place. Successfully brazed all copper line connections at both units while flowing nitrogen to prevent internal oxidation.
* **Leak Detection:** Pressurized the system with nitrogen to perform a rigorous leak check, confirming that all newly brazed joints were 100% sealed and secure.
* **Evacuation:** Hooked up the vacuum pump and pulled the system down to a deep vacuum. Verified the system held steady below the 500-micron threshold before isolating the gauges and shutting off the pump.
* **Electrical Integration:** Completed all high and low-voltage electrical wiring connections for both the indoor closet unit and the outdoor condenser.
* **System Startup & Commissioning:** Released the refrigerant charge and fired up the equipment for a full operational test run. Monitored pressures and airflow, verifying the system is running smoothly and blowing a strong 20-degree temperature split.

---

> **Status:** Full 2-ton First Co. closet-mount system successfully installed. Equipment is fully commissioned, safely tested, and cooling perfectly.","","-","-","07:11:04","7.18","03:00:00","3","","0","","0","0","0","0","0","0","0","2268.1","3178.08","909.98","2129.31","500","746.26","246.26","0","3924.34","3924.34","","4772615","","","MFH - HVAC","","Eric","","","","","","Lowe's","Free","","Residential","Tier 1 - 8%","","","12763964","(480) 210-7636","richard.atwood@livebh.com","","","Logen Uknavage","Referral","","","","Per Chris do not send Julian","Oct 13, 2025, 9:26 AM","BH Mgmt,MFH,Commercial","Aventerra at Dobson Ranch","Aventerra at Dobson Ranch","Janette","Witcher","-","-","-","-","-","-","-","-","-","-","-","-","-","-","-","-","-","-","-","-","-","-","-","-","-","-","-","-","-","-","-","-","-","-","-","-","-","-","-","-","-","-","-","-","-","-","-","-","-","-","-","-","-","-","-","-","-","-","-","-","-","-","-","-","-","-","-","-","-","-","-","-","-","-","-","-","-","-","-","-","Jul 21, 2026, 1:40 PM","Jul 23, 2026, 11:06 AM","45:25:18","-","-","-","-","-","Jul 23, 2026, 11:06 AM","Jul 23, 2026, 6:17 PM","07:11:04","-","-","-","-","-","-","-","-","-","-","-","-","-","Jul 23, 2026, 6:17 PM","Jul 24, 2026, 5:08 PM","22:51:18","-","Jul 24, 2026, 5:08 PM","-","-","100:10:56","-","-","-","-","-","-","-","-","-","-","-","-","-","-","-","-","-","-","-","-","-","-","-","-","-","-","-","-","-","-","-","-","-","-","-","-","-","-","-","-","-","-","-","-","-","-","-","-","-","-","-","-","-","-","-","-","-","-","-","-","-","-","-","-","-","-","-","-","-","-","-","-","-","-","-","-","-","-","-","-","-","-","-","-","-","-","-","-","-","-","-","-","-","-","-","-"
"27059","Argenta Apartments","29th Street Communities","Sean O'Brian","sean.obrien@29scliving.com","480-352-1864","Active Water Leak :Plumbing","Unit 1068- Slab leak","Completed","Jul 21, 2026, 4:00 PM","Jul 21, 2026, 6:00 PM","07/21/2026","16:00:00","07/21/2026","18:00:00","Jul 21, 2026, 1:33 PM","2026","July 2026","Jess Gonzalez","4104 East Broadway Road, Mesa, Arizona 85206","Mesa","Arizona","85206","Main Location","Brodyn Janshen","MFH - Plumbing","Sent","800","2950","0","0","","77754, 78025","77754","AZ Service:MFH","78025","AZ Service:MFH","Unit 1068
Slab leak- surfacing in 2nd bedroom
POC Sean
**POC requesting we confirm leak and provide estimate if it is a slab leak","Arrived on site waited for office to give me keys after 15 minutes I got the keys and found the unit, the water is coming up from the floor in the bedroom to the right when you walk in. At the entrance of the bedroom, under the door. The wall behind the shower valve is dry, and the cabinet is also dry. There’s about a 1.5 foot by 1.5 foot section of the carpet that is wet, beyond that is all dry.  Found 1 inch ball valves on the east side of the building. 

The scope of work would include 
Clear work space 
Remove section of carpet 
Break flooring to dirt 
Dig down to access pipe
Fix and repair any compromised pipe
Leak test 
Backfill
Rough patch of concrete 
Clean up work area","","-","-","01:41:49","1.68","02:00:00","2","00:41:41","0.68","","0","1000","1495","495","364","1455","1091","0","0","0","0","124.8","800","675.2","0","800","800","","287682","","","MFH - Plumbing","","Sean","","","","","","Lowe's","Free","","Residential","Tier 1 - 8%","","","9808428","(925) 324-7595","diana.march@29scliving.com","","sean.obrien@29scliving.com","Logen Uknavage","Referral","Won","","","","Mar 21, 2025, 8:24 AM","","Argenta Apartments","Argenta Apartments","Diana","March","-","-","-","-","-","-","-","-","-","-","-","-","-","-","-","-","-","-","-","-","-","-","-","-","-","-","-","-","-","-","-","-","-","-","-","-","-","-","-","-","-","-","-","-","-","-","-","-","-","-","-","-","-","-","-","-","-","-","-","-","-","-","-","-","-","-","-","-","-","-","-","-","-","-","-","-","-","-","-","-","Jul 21, 2026, 1:33 PM","Jul 21, 2026, 3:07 PM","01:34:49","-","Jul 24, 2026, 9:14 AM","Jul 24, 2026, 9:23 AM","00:08:24","-","Jul 24, 2026, 6:01 PM","Jul 24, 2026, 6:02 PM","00:01:19","-","Jul 24, 2026, 10:16 AM","Jul 24, 2026, 6:01 PM","07:44:37","-","Jul 24, 2026, 6:02 PM","Jul 26, 2026, 6:37 PM","48:34:53","-","-","-","-","-","Jul 26, 2026, 6:37 PM","Jul 27, 2026, 10:31 AM","15:53:21","-","Jul 27, 2026, 10:31 AM","-","-","34:48:14","-","-","-","-","-","-","-","-","-","-","-","-","-","-","-","-","-","-","-","-","-","-","-","-","-","-","-","-","-","-","-","-","-","-","-","-","-","-","-","-","-","-","-","-","-","-","-","-","-","-","-","-","-","-","-","-","-","-","-","-","-","-","-","-","-","-","-","-","-","-","-","-","-","-","-","-","-","-","-","-","-","-","-","-","-","-","-","-","-","-","-","-","-","-","-","-"
"27058","Michelle Roddy","","Michelle Roddy","mroddy111@gmail.com","602-318-7543","Faucet :Lowes Simple Installs","1","Completed","Jul 22, 2026, 1:15 PM","Jul 22, 2026, 2:30 PM","07/22/2026","13:15:00","07/22/2026","14:30:00","Jul 21, 2026, 1:06 PM","2026","July 2026","Ashley Reed","2565 E SOUTHERN AVE UNIT 111, MESA, AZ 85204","MESA","AZ","85204","Main Address","Erik Tange","Lowes","Paid","135","0","0","135","","77769","","","77769","Lowes:Simple Installs","Simple installs -1- Delta Kylo Stainless Steel Single Handle Deck-mount Pull-down Kitchen Faucet with Sprayer (Includes Deck Plate)/ onsite/ She stated that you may want to take the gate off of Lindsay, it's closer to her home/ gate code is #8484","Service was bad in house. Actual start time, 3:45pm Actual end time 4:20pm total time: 35 min

Exsisting angle stops are 1/4 turn and do NOT shut off fully. I suggested to customer they should have them replaced. Customer declined.
Customer turned water off to house.
Disconnected kitchen faucet supply lines, removed RO spout that is no longer in use, removed old single handle kitchen faucet. Cleaned countertop area under old faucet. Installed cap in RO spout spot. Installed new single handle kitchen faucet. Connected supply lines. Customer turned water back on to house, checked for leaks, no leaks. Faucet functions as necessary.","Lowes,onsite","-","-","","0","01:15:00","1.25","01:50:29","1.83","","0","0","0","0","0","0","0","0","0","0","0","14","135","121","0","135","135","","413527713","","","Lowes - Simple Installs","","","","","","","","","","","","","","","17590877","602-318-7543","mroddy111@gmail.com","null","","","IMS","","","PLUMB - GENERAL (NO SOFTENERS)","PLUMB - GENERAL (NO SOFTENERS)","Jul 21, 2026, 8:01 AM","","Michelle Roddy","","Michelle","Roddy","-","-","-","-","-","-","-","-","-","-","-","-","-","-","-","-","-","-","-","-","-","-","-","-","-","-","-","-","-","-","-","-","-","-","-","-","-","-","-","-","-","-","-","-","-","-","-","-","Jul 21, 2026, 1:06 PM","Jul 22, 2026, 2:33 PM","25:26:28","-","-","-","-","-","Jul 22, 2026, 2:33 PM","Jul 22, 2026, 4:23 PM","01:50:29","-","-","-","-","-","-","-","-","-","Jul 22, 2026, 4:23 PM","Jul 22, 2026, 4:32 PM","00:08:57","-","Jul 22, 2026, 4:32 PM","-","-","148:46:29","-","-","-","-","-","-","-","-","-","-","-","-","-","-","-","-","-","-","-","-","-","-","-","-","-","-","-","-","-","-","-","-","-","-","-","-","-","-","-","-","-","-","-","-","-","-","-","-","-","-","-","-","-","-","-","-","-","-","-","-","-","-","-","-","-","-","-","-","-","-","-","-","-","-","-","-","-","-","-","-","-","-","-","-","-","-","-","-","-","-","-","-","-","-","-","-","-","-","-","-","-","-","-","-","-","-","-","-","-","-","-","-","-","-","-","-","-","-","-","-","-","-","-","-","-","-","-","-","-","-","-","-"
"27057","Gretel Hakanson","","Gretel Hakanson","","(520) 903-4886","Toilet :Lowes Simple Installs","1","Canceled","Jul 24, 2026, 11:00 AM","Jul 24, 2026, 1:00 PM","07/24/2026","11:00:00","07/24/2026","13:00:00","Jul 21, 2026, 1:00 PM","2026","July 2026","Brenton Heward","2515 East 1st Street, Tucson, Arizona 85716","Tucson","Arizona","85716","Main Location","","","","0","0","0","0","","","","","","","x1
American Standard Mainstream White Round Chair height 12-in Rough-In WaterSense 1.28 GPF Soft Close 2-piece Toilet

Store: 4151 NORTH ORACLE ROAD,
Tucson, AZ 85705","","Lowes,Pick up from Lowes","-","-","","0","02:00:00","2","","0","","0","0","0","0","0","0","0","0","0","0","0","0","0","0","0","0","0","","413673978","","","Lowes - Simple Installs","","","","","","","","Lowe's","Free","","Residential","Tier 1 - 8%","","","17598700","(520) 903-4886","","","","","IMS","","","","","Jul 21, 2026, 12:58 PM","Lowes - Simple Installs","Gretel Hakanson","","Gretel","Hakanson","-","-","-","-","-","-","-","-","-","-","-","-","-","-","-","-","-","-","-","-","-","-","-","-","-","-","-","-","-","-","-","-","-","-","-","-","-","-","-","-","-","-","-","-","-","-","-","-","Jul 21, 2026, 1:00 PM","Jul 21, 2026, 2:55 PM","01:54:51","-","-","-","-","-","-","-","-","-","-","-","-","-","-","-","-","-","-","-","-","-","-","-","-","-","Jul 21, 2026, 2:55 PM","-","-","174:24:20","-","-","-","-","-","-","-","-","-","-","-","-","-","-","-","-","-","-","-","-","-","-","-","-","-","-","-","-","-","-","-","-","-","-","-","-","-","-","-","-","-","-","-","-","-","-","-","-","-","-","-","-","-","-","-","-","-","-","-","-","-","-","-","-","-","-","-","-","-","-","-","-","-","-","-","-","-","-","-","-","-","-","-","-","-","-","-","-","-","-","-","-","-","-","-","-","-","-","-","-","-","-","-","-","-","-","-","-","-","-","-","-","-","-","-","-","-","-","-","-","-","-","-","-","-","-","-","-"
"27055","CHP 1010 McDowell LLC","CBRE - Main","Joe Vincent","vinc3361@gmail.com","480-647-5423","Fixture Issues :Plumbing","cages failed","Completed","Jul 23, 2026, 9:30 AM","Jul 23, 2026, 11:30 AM","07/23/2026","09:30:00","07/23/2026","11:30:00","Jul 21, 2026, 12:32 PM","2026","July 2026","Beatriz Garcia","1300 North 12th Street, Phoenix, Arizona 85006","Phoenix","Arizona","85006","Edwards Medical Plaza","Ian Gauvin","PHX - Plumbing","","0","0","0","0","","","","","","","Per Destinee: quote to replace cages failed inspection as ""not secure""","Install anchor sleeves to two security cages for 1010 McDowell location.

Total hrs: 2","Commercial","-","-","01:52:23","1.87","02:00:00","2","00:35:53","0.58","","0","0","0","0","0","0","0","0","0","0","0","0","0","0","0","0","0","","","","","PHX - Plumbing","","Destinee","","","","","","Lowe's","Free","","Residential","Tier 1 - 8%","","","7310466","480-647-5423","vinc3361@gmail.com","","","Kris Driggs","","","","","","Aug 19, 2024, 3:03 PM","VIP,Phoenix","CHP 1010 McDowell LLC","CHP 1010 McDowell LLC","Joe","Vincent","-","-","-","-","-","-","-","-","-","-","-","-","-","-","-","-","-","-","-","-","-","-","-","-","-","-","-","-","-","-","-","-","-","-","-","-","-","-","-","-","-","-","-","-","-","-","-","-","-","-","-","-","-","-","-","-","-","-","-","-","-","-","-","-","-","-","-","-","-","-","-","-","-","-","-","-","-","-","-","-","Jul 21, 2026, 12:32 PM","Jul 23, 2026, 8:01 AM","43:28:49","-","Jul 23, 2026, 8:01 AM","Jul 23, 2026, 8:37 AM","00:35:53","-","Jul 23, 2026, 8:37 AM","Jul 23, 2026, 10:29 AM","01:52:23","-","-","-","-","-","-","-","-","-","Jul 24, 2026, 3:15 PM","Jul 27, 2026, 1:44 PM","70:28:27","-","Jul 23, 2026, 10:29 AM","Jul 24, 2026, 3:15 PM","28:46:21","-","Jul 27, 2026, 1:44 PM","-","-","31:35:07","-","-","-","-","-","-","-","-","-","-","-","-","-","-","-","-","-","-","-","-","-","-","-","-","-","-","-","-","-","-","-","-","-","-","-","-","-","-","-","-","-","-","-","-","-","-","-","-","-","-","-","-","-","-","-","-","-","-","-","-","-","-","-","-","-","-","-","-","-","-","-","-","-","-","-","-","-","-","-","-","-","-","-","-","-","-","-","-","-","-","-","-","-","-","-","-"
"27054","David Harbutte","","David Harbutte","dbharbutte@comcast.net","303-669-7824","Toilet :Lowes Simple Installs","1","Completed","Jul 22, 2026, 11:15 AM","Jul 22, 2026, 1:15 PM","07/22/2026","11:15:00","07/22/2026","13:15:00","Jul 21, 2026, 12:05 PM","2026","July 2026","Ashley Reed","8613 S 51st St, Phoenix, AZ 85044","Phoenix","AZ","85044","Main Address","Erik Tange","Lowes","Paid","223","0","0","223","","77716, 77739, 77744","","","77716, 77739, 77744","Lowes:Simple Installs, Lowes:Simple Installs, Lowes:Simple Installs","Simple installs -1- KOHLER Elliston White Elongated Chair height 12-in Rough-In WaterSense 1.28 GPF Soft Close 2-piece Toilet/ pick up from lowe's/ 

7100 WEST RAY ROAD,
Chandler, AZ 85226
Store: #674
Phone: (480) 753-0103

Delivery fee: PR32454407","Exsisting angle stop is 1/4 turn and works as it should. Disconnected supply line, removed old toilet, cleaned area under old toilet, exsisting toilet flange is below floor level, but otherwise in good working condition. I suggested to customer they should purchase an extra thick wax ring to account for difference in floor level. Customer agreed to quote and invoice. 
Installed new toilet bolts, **installed new extra thick wax ring,** installed new toilet bowl, installed new toilet tank. Reconnected supply line, checked for leaks, no leaks. Installed new included toiket seat. Toilet flushes and functions as necessary. Sealed to floor with white silicone caulking.","Lowes,Pick up from Lowes","-","-","00:55:42","0.92","02:00:00","2","00:15:13","0.25","","0","0","0","0","0","0","0","4","14","10","4","21","209","188","0","223","223","","413620064","","","Lowes - Simple Installs","","","","","","","","","","","","","","","17590851","303-669-7824","dbharbutte@comcast.net","null","","","IMS","","","PLUMB - GENERAL (NO SOFTENERS)","PLUMB - GENERAL (NO SOFTENERS)","Jul 21, 2026, 8:00 AM","","David Harbutte","","David","Harbutte","-","-","-","-","-","-","-","-","-","-","-","-","-","-","-","-","-","-","-","-","-","-","-","-","-","-","-","-","-","-","-","-","-","-","-","-","-","-","-","-","-","-","-","-","-","-","-","-","Jul 21, 2026, 12:05 PM","Jul 22, 2026, 12:17 PM","24:12:12","-","Jul 22, 2026, 12:17 PM","Jul 22, 2026, 1:06 PM","00:49:20","-","Jul 22, 2026, 1:06 PM","Jul 22, 2026, 1:21 PM","00:15:13","-","Jul 22, 2026, 1:21 PM","Jul 22, 2026, 2:17 PM","00:55:42","-","-","-","-","-","Jul 22, 2026, 2:17 PM","Jul 22, 2026, 2:37 PM","00:19:28","-","Jul 22, 2026, 2:37 PM","-","-","150:42:18","-","-","-","-","-","-","-","-","-","-","-","-","-","-","-","-","-","-","-","-","-","-","-","-","-","-","-","-","-","-","-","-","-","-","-","-","-","-","-","-","-","-","-","-","-","-","-","-","-","-","-","-","-","-","-","-","-","-","-","-","-","-","-","-","-","-","-","-","-","-","-","-","-","-","-","-","-","-","-","-","-","-","-","-","-","-","-","-","-","-","-","-","-","-","-","-","-","-","-","-","-","-","-","-","-","-","-","-","-","-","-","-","-","-","-","-","-","-","-","-","-","-","-","-","-","-","-","-","-","-","-","-"
"27053","Heritage district","AIR Communities","Contact","susan.kucherer@aircommunities.com","(480) 217-6717","No Cool :HVAC","Unit 2055- No cool","Completed","Jul 21, 2026, 3:00 PM","Jul 21, 2026, 5:00 PM","07/21/2026","15:00:00","07/21/2026","17:00:00","Jul 21, 2026, 11:53 AM","2026","July 2026","Jess Gonzalez","275 West Juniper Avenue, Gilbert, Arizona 85233","Gilbert","Arizona","85233","Main Location","Jacob Martinez","MFH - HVAC","Sent","390","0","0","0","","77692","","","77692","MFH:MFH - HVAC","Unit 2055
No cool- Blower coming on - outside starts up when contactor pushed in - might be bad t-stat wire
POC Mike","2055
​Initial Diagnosis: Unit called for cooling with indoor blower operating, but the outdoor condensing unit failed to start. Tested for 24V signal at the thermostat—confirmed present leaving the unit, but 0V measured at the outdoor contactor.
​Low-Voltage Repair: Inspected low-voltage wiring and found bare wire grounded against the cabinet/metal. The condensate drain line was discharging directly onto the wire, eroding the insulation under the rock layer. Excavated approximately 1.5 feet of earth to reach undamaged wire, spliced in new thermostat wire, and restored the run to the unit.
​High-Voltage & Component Testing: Upon restoring 24V, the contactor pulled in, but the compressor and condenser fan did not energize. Tested high voltage and confirmed no power across the load side due to a blown fuse.
​Temporary Component Replacement: Replaced the blown fuse to restore operation.
​⚠️ IMPORTANT NOTE FOR FOLLOW-UP: > The unit rating specifies a 25A Maximum Fuse Size (MOPS). The property maintenance team only had 30A fuses on hand, which were installed temporarily at the maintenance supervisor's request to restore cooling immediately.","","-","-","00:09:12","0.15","02:00:00","2","02:12:33","2.2","","0","0","0","0","0","0","0","0","0","0","0","46.8","390","343.2","0","390","390","","1406087","","","MFH - HVAC","","Mike","","","","","","Lowe's","Free","","Residential","Tier 1 - 8%","","","16169568","(480) 217-6717","susan.kucherer@aircommunities.com","","","Logen Uknavage","Referral","","","","","Apr 30, 2026, 4:10 PM","Coupa","Heritage district","Heritage district","","","-","-","-","-","-","-","-","-","-","-","-","-","-","-","-","-","-","-","-","-","-","-","-","-","-","-","-","-","-","-","-","-","-","-","-","-","-","-","-","-","-","-","-","-","-","-","-","-","-","-","-","-","-","-","-","-","-","-","-","-","-","-","-","-","-","-","-","-","-","-","-","-","-","-","-","-","-","-","-","-","Jul 21, 2026, 11:53 AM","Jul 21, 2026, 3:16 PM","03:23:21","-","Jul 21, 2026, 3:16 PM","Jul 21, 2026, 5:29 PM","02:12:33","-","Jul 21, 2026, 5:29 PM","Jul 21, 2026, 5:38 PM","00:09:12","-","-","-","-","-","-","-","-","-","-","-","-","-","Jul 21, 2026, 5:38 PM","Jul 22, 2026, 2:49 PM","21:10:37","-","Jul 22, 2026, 2:49 PM","-","-","150:30:10","-","-","-","-","-","-","-","-","-","-","-","-","-","-","-","-","-","-","-","-","-","-","-","-","-","-","-","-","-","-","-","-","-","-","-","-","-","-","-","-","-","-","-","-","-","-","-","-","-","-","-","-","-","-","-","-","-","-","-","-","-","-","-","-","-","-","-","-","-","-","-","-","-","-","-","-","-","-","-","-","-","-","-","-","-","-","-","-","-","-","-","-","-","-","-","-"
"27051","Christine Hawkins","","Christine Hawkins","azhawks4@gmail.com","(480) 220-9679","Active Water Leak :Plumbing","leak  in wall","Canceled","Jul 22, 2026, 12:00 PM","Jul 22, 2026, 2:00 PM","07/22/2026","12:00:00","07/22/2026","14:00:00","Jul 21, 2026, 11:37 AM","2026","July 2026","Beatriz Garcia","9527 E Irwin Ave Mesa, Arizona 85209","","Arizona","85209","Christine Hawkins","Adam George","PHX - Plumbing","","0","0","0","0","","","","","","","Reason for call? "" we have a leak that appears to be coming from the wall where our kitchen sink lines coming through the wall""

Who will be present to meet the technician? Christine

- Where is the water leak? Kitchen

- How bad is it? Spraying? Dripping? Flowing? Unknown

- Is water valve shut off? No

Is there anything else you would like technician to look at while they are there? N/A

How did you hear about NexLvl Services? Existing","","Resi","-","-","","0","02:00:00","2","","0","","0","0","0","0","0","0","0","0","0","0","0","0","0","0","0","0","0","","","","","Resi Plumbing","Customer Resolved","Christine Hawkins","","","","","","","","","","","","","6708163","(480) 220-9679","azhawks4@gmail.com","","","Josh Harris","","1st Attempt","","","","Apr 23, 2024, 6:31 AM","Lowes","Christine Hawkins","","Christine","Hawkins","-","-","-","-","-","-","-","-","-","-","-","-","-","-","-","-","-","-","-","-","-","-","-","-","-","-","-","-","-","-","-","-","-","-","-","-","-","-","-","-","-","-","-","-","-","-","-","-","-","-","-","-","-","-","-","-","-","-","-","-","-","-","-","-","-","-","-","-","-","-","-","-","-","-","-","-","-","-","-","-","Jul 21, 2026, 11:37 AM","Jul 22, 2026, 8:54 AM","21:17:23","-","-","-","-","-","-","-","-","-","-","-","-","-","-","-","-","-","-","-","-","-","-","-","-","-","-","-","-","-","Jul 22, 2026, 8:54 AM","-","-","156:24:47","-","-","-","-","-","-","-","-","-","-","-","-","-","-","-","-","-","-","-","-","-","-","-","-","-","-","-","-","-","-","-","-","-","-","-","-","-","-","-","-","-","-","-","-","-","-","-","-","-","-","-","-","-","-","-","-","-","-","-","-","-","-","-","-","-","-","-","-","-","-","-","-","-","-","-","-","-","-","-","-","-","-","-","-","-","-","-","-","-","-","-","-"
"27046","Alison Masog","","Alison Masog","saffron347@yahoo.com","602-697-2404","Toilet :Lowes Simple Installs","1","Completed","Jul 24, 2026, 10:00 AM","Jul 24, 2026, 12:00 PM","07/24/2026","10:00:00","07/24/2026","12:00:00","Jul 21, 2026, 10:54 AM","2026","July 2026","Ashley Reed","5720 E Bramble Berry Ln, Cave Creek, AZ 85331","Cave Creek","AZ","85331","Main Address","Sean Marble","Lowes","Paid","209","0","0","209","","77892, 77834","","","77892, 77834","Lowes:Simple Installs, Lowes:Simple Installs","Simple installs -1- KOHLER Elliston White Elongated Chair height 12-in Rough-In WaterSense 1.28 GPF Soft Close 2-piece Toilet/ pick up from lowes/ Gate code 0928 (no #)

34700 N CAVE CREEK RD,
Carefree, AZ 85377
Store: #2683
Phone: (480) 437-3540

Delivery Fee: PR32459950","Removed existing toilet flange was in good condition. New wax ring toilet built installed ran tested caulking applied no leaks job complete.","Lowes,Pick up from Lowes","-","-","00:35:44","0.58","02:00:00","2","00:14:53","0.23","","0","0","0","0","0","0","0","0","0","0","0","21","209","188","0","209","209","","413542211","","","Lowes - Simple Installs","","","","","","","","","","","","","","","17582826","602-697-2404","saffron347@yahoo.com","null","","","IMS","","","PLUMB - GENERAL (NO SOFTENERS)","PLUMB - GENERAL (NO SOFTENERS)","Jul 20, 2026, 8:00 AM","","Alison Masog","","Alison","Masog","-","-","-","-","-","-","-","-","-","-","-","-","-","-","-","-","-","-","-","-","-","-","-","-","-","-","-","-","-","-","-","-","-","-","-","-","-","-","-","-","-","-","-","-","-","-","-","-","Jul 21, 2026, 10:54 AM","Jul 24, 2026, 9:07 AM","70:13:48","-","Jul 24, 2026, 9:07 AM","Jul 24, 2026, 9:39 AM","00:31:48","-","Jul 24, 2026, 9:39 AM","Jul 24, 2026, 9:54 AM","00:14:53","-","Jul 24, 2026, 9:54 AM","Jul 24, 2026, 10:30 AM","00:35:44","-","-","-","-","-","Jul 24, 2026, 10:30 AM","Jul 24, 2026, 12:18 PM","01:48:07","-","Jul 24, 2026, 12:18 PM","-","-","105:00:51","-","-","-","-","-","-","-","-","-","-","-","-","-","-","-","-","-","-","-","-","-","-","-","-","-","-","-","-","-","-","-","-","-","-","-","-","-","-","-","-","-","-","-","-","-","-","-","-","-","-","-","-","-","-","-","-","-","-","-","-","-","-","-","-","-","-","-","-","-","-","-","-","-","-","-","-","-","-","-","-","-","-","-","-","-","-","-","-","-","-","-","-","-","-","-","-","-","-","-","-","-","-","-","-","-","-","-","-","-","-","-","-","-","-","-","-","-","-","-","-","-","-","-","-","-","-","-","-","-","-","-","-"
"27045","Heritage district","AIR Communities","Mike Weis","michael.weis@aircommunities.com","480-217-6717","Camera Inspection :Plumbing","Pool pump room- Camera drain lines","Completed","Jul 21, 2026, 11:00 AM","Jul 21, 2026, 1:00 PM","07/21/2026","11:00:00","07/21/2026","13:00:00","Jul 21, 2026, 10:49 AM","2026","July 2026","Jess Gonzalez","275 West Juniper Avenue, Gilbert, Arizona 85233","Gilbert","Arizona","85233","Main Location","Julian Guidry","MFH - Plumbing","Sent","485","0","0","0","","77767","","","77767","AZ Service:MFH","Pool pump room
Camera drain line
POC Mike

Per Chris $485 for camera * POC requested separate workorder for cable (7/20)","Attempted to run camera through pool floor drains, got through 3/4 the 4th one was too compacted with sand for me to get down with camera, lines are full of sand, needs to be scrubbed thoroughly with a jetter and get put on a preventative maintenance jetting schedule.

Needs bid to get 4 floor drains in both pool pump rooms.","","-","-","00:38:47","0.63","02:00:00","2","00:39:07","0.65","","0","0","0","0","0","0","0","0","0","0","0","58.2","485","426.8","0","485","485","","1406745","","","MFH - Plumbing","","Mike","","","","","","Lowe's","Free","","Residential","Tier 1 - 8%","","","16169568","(480) 217-6717","susan.kucherer@aircommunities.com","","","Logen Uknavage","Referral","","","","","Apr 30, 2026, 4:10 PM","Coupa","Heritage district","Heritage district","","","-","-","-","-","-","-","-","-","-","-","-","-","-","-","-","-","-","-","-","-","-","-","-","-","-","-","-","-","-","-","-","-","-","-","-","-","-","-","-","-","-","-","-","-","-","-","-","-","-","-","-","-","-","-","-","-","-","-","-","-","-","-","-","-","-","-","-","-","-","-","-","-","-","-","-","-","-","-","-","-","Jul 21, 2026, 10:49 AM","Jul 21, 2026, 12:31 PM","01:41:39","-","Jul 21, 2026, 12:31 PM","Jul 21, 2026, 1:10 PM","00:39:08","-","Jul 21, 2026, 1:10 PM","Jul 21, 2026, 1:49 PM","00:38:47","-","Jul 22, 2026, 4:37 PM","Jul 23, 2026, 11:09 AM","18:32:02","-","-","-","-","-","-","-","-","-","Jul 21, 2026, 1:49 PM","Jul 22, 2026, 4:37 PM","26:48:01","-","Jul 23, 2026, 11:09 AM","-","-","130:09:53","-","-","-","-","-","-","-","-","-","-","-","-","-","-","-","-","-","-","-","-","-","-","-","-","-","-","-","-","-","-","-","-","-","-","-","-","-","-","-","-","-","-","-","-","-","-","-","-","-","-","-","-","-","-","-","-","-","-","-","-","-","-","-","-","-","-","-","-","-","-","-","-","-","-","-","-","-","-","-","-","-","-","-","-","-","-","-","-","-","-","-","-","-","-","-","-"
"27044","Colter Park","Harbor Group Management Co., LLC","Feljie Swanson","fswanson@harborgroupmanagement.com","(480) 640-7388","Fan Coil","Unit 209- Fan coil no cool","Completed","Jul 21, 2026, 4:00 PM","Jul 21, 2026, 6:00 PM","07/21/2026","16:00:00","07/21/2026","18:00:00","Jul 21, 2026, 10:46 AM","2026","July 2026","Jess Gonzalez","909 West Colter Street, Phoenix, Arizona 85013","Phoenix","Arizona","85013","Main Location","Jordan Wise","MFH - Plumbing","Sent","340","0","0","0","","77888","","","77888","AZ Service:MFH","Unit 209
Fan coil no cool
POC Josh","Arrived 3:35pm - Finished 5:30pm
It’s at unit took temperature at 81 flushed coil of dirty water until clear got temps down to 45. While I was up there, I also noticed drain pan primary and secondary were both backed up and leaking as well cleared drains all is good now.

Chris informed me of three units that needed checked out while I was finishing up at Colter one of the units was 183 which I was in earlier and is all good now. 

Unit 182- took temps upon entry at 73 flushed coil and temps dropped to 52 I informed Josh return grille and ceiling around coil should be replaced due to damage from previous leak.

Unit 163- unit was previously inspected and property was informed a blower motor replacement is needed. (6HBC) went back to check because tenant had called in and blower has still not been replaced spoke with Josh and he would like the bid to be sent over again.","","-","-","01:52:18","1.87","02:00:00","2","","0","","0","0","0","0","0","0","0","0","-10","-10","0","42","350","308","0","340","340","","85888545","","","MFH - Plumbing","","Josh","","","","","","Lowe's","Free","","Residential","Tier 1 - 8%","","","15508690","(480) 640-7388","fswanson@harborgroupmanagement.com","","","Logen Uknavage","","","","","","Mar 30, 2026, 9:43 AM","Harbor","Colter Park","Colter Park","Feljie","Swanson","-","-","-","-","-","-","-","-","-","-","-","-","-","-","-","-","-","-","-","-","-","-","-","-","-","-","-","-","-","-","-","-","-","-","-","-","-","-","-","-","-","-","-","-","-","-","-","-","-","-","-","-","-","-","-","-","-","-","-","-","-","-","-","-","-","-","-","-","-","-","-","-","-","-","-","-","-","-","-","-","Jul 21, 2026, 10:46 AM","Jul 21, 2026, 3:34 PM","04:48:03","-","-","-","-","-","Jul 21, 2026, 3:34 PM","Jul 21, 2026, 5:26 PM","01:52:18","-","-","-","-","-","-","-","-","-","-","-","-","-","Jul 21, 2026, 5:26 PM","Jul 24, 2026, 12:12 PM","66:45:38","-","Jul 24, 2026, 12:12 PM","-","-","105:06:59","-","-","-","-","-","-","-","-","-","-","-","-","-","-","-","-","-","-","-","-","-","-","-","-","-","-","-","-","-","-","-","-","-","-","-","-","-","-","-","-","-","-","-","-","-","-","-","-","-","-","-","-","-","-","-","-","-","-","-","-","-","-","-","-","-","-","-","-","-","-","-","-","-","-","-","-","-","-","-","-","-","-","-","-","-","-","-","-","-","-","-","-","-","-","-","-"
"27042","Tim Swan","Stratford Development, LLC","Contact","dpstein@cox.net","(480) 326-1337","Fixture Issues :Plumbing","faucet and gas line","Completed","Jul 21, 2026, 12:00 PM","Jul 21, 2026, 2:00 PM","07/21/2026","12:00:00","07/21/2026","14:00:00","Jul 21, 2026, 10:43 AM","2026","July 2026","Destinee Kastner","1717 East Minton Street, Mesa, Arizona 85213","Mesa","Arizona","85213","Lot 6 Overlook","Ian Gauvin","PHX - Plumbing","","0","0","0","0","","","","","","","Reason for call? Sink Faucet Issue - The sink faucet hand sprayer is damaged.
Please investigate and Repair or Replace
• Gas Connector Issue - The gas furnaces gas connectors are missing the drip legs.
• Please investigate and Repair or Remedy","Observation:
Upon arrival, met with Tommie onsite to address the installation of drip legs on the gas supply lines serving two HVAC units located in the attic.

Resolution:
Temporarily shut off the gas supply and installed a drip leg/sediment trap at each of the two HVAC units. Restored the gas supply and inspected all affected connections for leaks. No leaks were detected upon completion.

Exclusions:
HVAC equipment repairs, electrical work, ductwork modifications, gas regulator replacement, and repairs to concealed or inaccessible gas piping are excluded.

Total hours: 4","Resi","-","-","06:11:07","6.18","02:00:00","2","00:22:32","0.37","","0","0","0","0","0","0","0","0","0","0","0","0","0","0","0","0","0","","","","","PHX - Plumbing","","Tommie","","","","","","","","","","","","","6712035","(480) 649-0543","tswan@provhomes.com","","","","","","","","","Apr 23, 2024, 6:33 AM","","Tim Swan","Providence Homes","Tim","Swan","-","-","-","-","-","-","-","-","-","-","-","-","-","-","-","-","-","-","-","-","-","-","-","-","-","-","-","-","-","-","-","-","-","-","-","-","-","-","-","-","-","-","-","-","-","-","-","-","-","-","-","-","-","-","-","-","-","-","-","-","-","-","-","-","-","-","-","-","-","-","-","-","-","-","-","-","-","-","-","-","Jul 21, 2026, 10:43 AM","Jul 21, 2026, 11:43 AM","01:00:14","-","Jul 21, 2026, 11:43 AM","Jul 21, 2026, 12:05 PM","00:22:32","-","Jul 21, 2026, 12:05 PM","Jul 21, 2026, 6:17 PM","06:11:07","-","-","-","-","-","-","-","-","-","Jul 22, 2026, 11:12 AM","Jul 27, 2026, 1:44 PM","122:32:34","-","Jul 21, 2026, 6:17 PM","Jul 22, 2026, 11:12 AM","16:55:00","-","Jul 27, 2026, 1:44 PM","-","-","31:34:36","-","-","-","-","-","-","-","-","-","-","-","-","-","-","-","-","-","-","-","-","-","-","-","-","-","-","-","-","-","-","-","-","-","-","-","-","-","-","-","-","-","-","-","-","-","-","-","-","-","-","-","-","-","-","-","-","-","-","-","-","-","-","-","-","-","-","-","-","-","-","-","-","-","-","-","-","-","-","-","-","-","-","-","-","-","-","-","-","-","-","-","-","-","-","-","-"
"27041","Steve Engebretson","","Steve Engebretson","sengebrets@comcast.net","520-419-3776","Toilet :Lowes Simple Installs","1","Canceled","Jul 24, 2026, 10:00 AM","Jul 24, 2026, 11:00 AM","07/24/2026","10:00:00","07/24/2026","11:00:00","Jul 21, 2026, 10:35 AM","2026","July 2026","Ashley Reed","1582 N Via Dorado, Tucson, AZ 85715","Tucson","AZ","85715","Main Address","","","","0","0","0","0","","","","","","","Simple installs -1- Project Source Pro-flush White Elongated Chair height 12-in Rough-In WaterSense 1.28 GPF 2-piece Toilet with XL Trapway/ pick up from lowes","","Lowes,Pick up from Lowes","-","-","","0","01:00:00","1","","0","","0","0","0","0","0","0","0","0","0","0","0","0","0","0","0","0","0","","413441028","","","Lowes - Simple Installs","Customer Resolved","","","","","","","","","","","","","","17559469","520-419-3776","sengebrets@comcast.net","null","","","IMS","","","PLUMB - GENERAL (NO SOFTENERS)","PLUMB - GENERAL (NO SOFTENERS)","Jul 18, 2026, 8:00 AM","","Steve Engebretson","","Steve","Engebretson","-","-","-","-","-","-","-","-","-","-","-","-","-","-","-","-","-","-","-","-","-","-","-","-","-","-","-","-","-","-","-","-","-","-","-","-","-","-","-","-","-","-","-","-","-","-","-","-","-","-","-","-","-","-","-","-","-","-","-","-","-","-","-","-","-","-","-","-","-","-","-","-","-","-","-","-","-","-","-","-","Jul 21, 2026, 10:35 AM","Jul 24, 2026, 8:37 AM","70:02:45","-","-","-","-","-","-","-","-","-","-","-","-","-","-","-","-","-","-","-","-","-","-","-","-","-","-","-","-","-","Jul 24, 2026, 8:37 AM","-","-","108:41:25","-","-","-","-","-","-","-","-","-","-","-","-","-","-","-","-","-","-","-","-","-","-","-","-","-","-","-","-","-","-","-","-","-","-","-","-","-","-","-","-","-","-","-","-","-","-","-","-","-","-","-","-","-","-","-","-","-","-","-","-","-","-","-","-","-","-","-","-","-","-","-","-","-","-","-","-","-","-","-","-","-","-","-","-","-","-","-","-","-","-","-","-"
"27040","Fairways at San Marcos","BH Management Services LLC","Byron Anderson","","913-908-8992","Active Water Leak :Plumbing","Unit 2254/1254- Up to down leak","Completed","Jul 21, 2026, 1:00 PM","Jul 21, 2026, 3:00 PM","07/21/2026","13:00:00","07/21/2026","15:00:00","Jul 21, 2026, 10:31 AM","2026","July 2026","Jess Gonzalez","777 West Chandler Boulevard, Chandler, Arizona 85225","Chandler","Arizona","85225","Main Location","Julian Guidry","MFH - Plumbing","Invoiced","285","0","285","0","","77927","","","77927","AZ Service:MFH","Unit 2254/1254
Up to down leak - possibly coming from upstairs tub waste and overflow
POC Byron","Ran water through the tub shoe in the tub in 2254, ran the showerhead and splashed water on the overflow and nothing showed leaks. I then looked further and noticed the tub spout is completely separated from the cop allowing water to seep through and only when I splashed water on that did I start getting water downstairs. Re-cocked the tub, spout, and inform tenant not to use for at least six hours so it can cure.

Added a video of water flowing through tub drain for proof of no leak off the actual tub and overflow itself.","","-","-","00:13:38","0.22","02:00:00","2","01:07:57","1.12","","0","0","0","0","0","0","0","0","0","0","0","34.2","285","250.8","0","285","285","","","","","MFH - Plumbing","","Byron","","","","","","Lowe's","Free","","Residential","Tier 1 - 8%","","","12589664","","vicki.johnston@livebh.com","","","Logen Uknavage","Referral","","","","","Oct 2, 2025, 10:01 AM","BH Mgmt,Commercial,MFH","Fairways at San Marcos","Fairways at San Marcos","Jeff","Holmburg","-","-","-","-","-","-","-","-","-","-","-","-","-","-","-","-","-","-","-","-","-","-","-","-","-","-","-","-","-","-","-","-","-","-","-","-","-","-","-","-","-","-","-","-","-","-","-","-","-","-","-","-","-","-","-","-","-","-","-","-","-","-","-","-","-","-","-","-","-","-","-","-","-","-","-","-","-","-","-","-","Jul 21, 2026, 10:31 AM","Jul 21, 2026, 1:49 PM","03:18:17","-","Jul 21, 2026, 1:49 PM","Jul 21, 2026, 2:57 PM","01:07:58","-","Jul 21, 2026, 2:57 PM","Jul 21, 2026, 3:11 PM","00:13:37","-","-","-","-","-","-","-","-","-","-","-","-","-","Jul 21, 2026, 3:11 PM","Jul 24, 2026, 4:25 PM","73:14:16","-","Jul 24, 2026, 4:25 PM","-","-","100:53:45","-","-","-","-","-","-","-","-","-","-","-","-","-","-","-","-","-","-","-","-","-","-","-","-","-","-","-","-","-","-","-","-","-","-","-","-","-","-","-","-","-","-","-","-","-","-","-","-","-","-","-","-","-","-","-","-","-","-","-","-","-","-","-","-","-","-","-","-","-","-","-","-","-","-","-","-","-","-","-","-","-","-","-","-","-","-","-","-","-","-","-","-","-","-","-","-"
"27039","Sherry Hansberry-Brown","","Sherry Hansberry-Brown","slhbrown@hotmail.com","520-338-7731","Toilet :Lowes Simple Installs","1","Completed","Jul 23, 2026, 10:00 AM","Jul 23, 2026, 11:00 AM","07/23/2026","10:00:00","07/23/2026","11:00:00","Jul 21, 2026, 10:31 AM","2026","July 2026","Ashley Reed","10300 W TANGERINE RD # 1106, MARANA, AZ 85653","MARANA","AZ","85653","Main Address","Presidio Plumbing Eric (Contractor)","Lowes","Paid","209","0","0","209","","77842, 77843","","","77842, 77843","Lowes:Simple Installs, Lowes:Simple Installs","Simple installs -1- Project Source White Elongated Tall height 12-in Rough-In WaterSense 1.28 GPF Soft Close 2-piece Toilet/ pick up from lowes

Delivery Fee: PR32472361","","Lowes,Pick up from Lowes","-","-","","0","01:00:00","1","","0","","0","0","0","0","0","0","0","0","0","0","0","21","209","188","0","209","209","","413452701","","","Lowes - Simple Installs","","","","","","","","","","","","","","","17559465","520-338-7731","slhbrown@hotmail.com","null","","","IMS","","","PLUMB - GENERAL (NO SOFTENERS)","PLUMB - GENERAL (NO SOFTENERS)","Jul 18, 2026, 8:00 AM","","Sherry Hansberry-Brown","","Sherry","Hansberry-Brown","-","-","-","-","-","-","-","-","-","-","-","-","-","-","-","-","-","-","-","-","-","-","-","-","-","-","-","-","-","-","-","-","-","-","-","-","-","-","-","-","-","-","-","-","-","-","-","-","-","-","-","-","-","-","-","-","-","-","-","-","-","-","-","-","-","-","-","-","-","-","-","-","-","-","-","-","-","-","-","-","Jul 21, 2026, 10:31 AM","Jul 23, 2026, 2:14 PM","51:43:02","-","-","-","-","-","-","-","-","-","-","-","-","-","-","-","-","-","-","-","-","-","Jul 23, 2026, 2:14 PM","Jul 23, 2026, 4:38 PM","02:24:11","-","Jul 23, 2026, 4:38 PM","-","-","124:40:51","-","-","-","-","-","-","-","-","-","-","-","-","-","-","-","-","-","-","-","-","-","-","-","-","-","-","-","-","-","-","-","-","-","-","-","-","-","-","-","-","-","-","-","-","-","-","-","-","-","-","-","-","-","-","-","-","-","-","-","-","-","-","-","-","-","-","-","-","-","-","-","-","-","-","-","-","-","-","-","-","-","-","-","-","-","-","-","-","-","-","-","-","-","-","-","-"
"27038","John Owen","","John Owen","jowen8500@hotmail.com","(520) 490-9404","Water Heater Install :Lowes Water Heaters","","Completed","Jul 24, 2026, 3:00 PM","Jul 24, 2026, 5:00 PM","07/24/2026","15:00:00","07/24/2026","17:00:00","Jul 21, 2026, 10:27 AM","2026","July 2026","Gina Neisius","7602 e 38th st, Tucson, AZ 85730","Tucson","AZ","85730","Main Address","Mathew Hodges","Lowes","Invoiced","1680.45","1977","1680.45","0","","77648, 77946","77648","Lowes","77946","Lowes","#1325036
10-2pm

Order #300902203264669009

Lowes Store Address: 7105 EAST SPEEDWAY BOULEVARD, Tucson, AZ, 85710

Notes and Details (Addon bundles, other details): Measurements - 1/2"" of space. Current heater is 18"".","Came out to customers house to install 40 gallon water heater that was incorrect. It had to be a 30 gallon water heater but that’s what Lowe’s gave me was a 40 gallon. I took out the old water heater loop the lines then I can turn the customers water back on. I talked to Mike to let him know what the other water heater was wrong and he had Travis to order the right water heater that was 30 gallon water heater taking together water heater back to Lowe’s to get the right one and I will be installing the water heater tomorrow sometime. Turn the water back onto test the shut off valve and supply lines to make sure there was not leaks. There’s no leaks at this time.

Came back out to customers house to install 30 gallon water heater turned off water to hook it up turned water back on to fill up the water heater and test for no leaks. There’s no leaks at this time replace gas line and supply line and install installed settlement trap turned gas on to make sure there was no leaks. There is no leaks at this time. Water heater is now working and now functioning and heating up.","Pick up from Lowes,Lowes","-","-","03:29:32","3.48","02:00:00","2","00:18:50","0.3","","0","770","984","214","240","993","753","770","984","214","770","240","696.45","456.45","0","1680.45","1680.45","","41427599","closet","","Lowes - Water Heaters","","","","","","","","Lowe's","Free","","Residential","Tier 1 - 8%","","","17591980","(520) 490-9404","jowen8500@hotmail.com","","","Gina Neisius","IME","New Prospect","","ESTIMATE_APPOINTMENT | APPOINTMENT_SET","ESTIMATE_APPOINTMENT | APPOINTMENT_SET","Jul 21, 2026, 8:45 AM","","John Owen","","John","Owen","-","-","-","-","-","-","-","-","-","-","-","-","-","-","-","-","-","-","-","-","-","-","-","-","-","-","-","-","-","-","-","-","-","-","-","-","-","-","-","-","-","-","-","-","-","-","-","-","Jul 24, 2026, 8:12 AM","Jul 24, 2026, 3:58 PM","07:45:52","-","Jul 24, 2026, 3:58 PM","Jul 24, 2026, 4:29 PM","00:31:00","-","Jul 24, 2026, 4:29 PM","Jul 24, 2026, 4:47 PM","00:18:50","-","Jul 24, 2026, 4:47 PM","Jul 24, 2026, 6:10 PM","01:22:50","-","Jul 23, 2026, 7:41 PM","Jul 24, 2026, 8:12 AM","12:30:42","-","Jul 24, 2026, 6:10 PM","Jul 27, 2026, 7:47 AM","61:37:05","-","Jul 27, 2026, 7:47 AM","-","-","37:31:32","-","-","-","-","-","-","-","-","-","-","-","-","-","-","-","-","-","-","-","-","-","-","-","-","-","-","-","-","-","-","-","-","-","-","-","-","-","-","-","-","-","-","-","-","-","-","-","-","-","-","-","-","-","-","-","-","-","-","-","-","-","-","-","-","-","-","-","-","-","-","-","-","-","-","-","-","-","-","-","-","-","-","-","-","-","-","-","-","-","-","-","-","-","-","-","-","-","-","-","-","-","-","-","-","-","-","-","-","-","-","-","-","-","-","-","-","-","-","-","-","-","-","-","-","-","-","-","-","-","-","-","-"
"27037","Parq on 50th Apartments","BH Management Services LLC","Edwin Yepis","","480-603-7796","No Cool :HVAC","Unit 1104- No cool","Needs to be Rescheduled","Jul 21, 2026, 2:00 PM","Jul 21, 2026, 4:00 PM","07/21/2026","14:00:00","07/21/2026","16:00:00","Jul 21, 2026, 10:26 AM","2026","July 2026","Jess Gonzalez","5008 East Thomas Road, Phoenix, Arizona 85018","Phoenix","Arizona","85018","Main Location","Riley Torres","MFH - HVAC","","0","0","0","0","","","","","","","Unit 1104
No cool- compressor replaced 7/15
POC Edwin","Have to return seems there's a restriction in air handler area got her cooling for the night","Recall","-","-","","0","02:00:00","2","","0","","0","0","0","0","0","0","0","0","0","0","0","0","0","0","0","0","0","","","","","MFH - HVAC","","Edwin","","","","","","Lowe's","Free","","Residential","Tier 1 - 8%","","","10287520","602-354-5936","lydia.flores@livebh.com","602-218-2197 cell","","Logen Uknavage","","","","","","Apr 24, 2025, 3:03 PM","BH Mgmt,MFH,Commercial","Parq on 50th Apartments","Parq on 50th Apartments","Lydia","Flores","-","-","-","-","-","-","-","-","-","-","-","-","-","-","-","-","-","-","-","-","-","-","-","-","-","-","-","-","-","-","-","-","-","-","-","-","-","-","-","-","-","-","-","-","-","-","-","-","-","-","-","-","-","-","-","-","-","-","-","-","-","-","-","-","-","-","-","-","-","-","-","-","-","-","-","-","-","-","-","-","Jul 21, 2026, 10:26 AM","Jul 22, 2026, 10:42 AM","24:16:19","-","-","-","-","-","-","-","-","-","-","-","-","-","Jul 22, 2026, 10:42 AM","-","-","154:36:22","-","-","-","-","-","-","-","-","-","-","-","-","-","-","-","-","-","-","-","-","-","-","-","-","-","-","-","-","-","-","-","-","-","-","-","-","-","-","-","-","-","-","-","-","-","-","-","-","-","-","-","-","-","-","-","-","-","-","-","-","-","-","-","-","-","-","-","-","-","-","-","-","-","-","-","-","-","-","-","-","-","-","-","-","-","-","-","-","-","-","-","-","-","-","-","-","-","-","-","-","-","-","-","-","-","-","-","-"
"27036","Rise thunderbird","Rise Management","Contact","acampos@rise48equity.com","(979) 215-9646","No Cool :HVAC","Unit 2094","Completed","Jul 21, 2026, 11:00 AM","Jul 21, 2026, 1:00 PM","07/21/2026","11:00:00","07/21/2026","13:00:00","Jul 21, 2026, 10:06 AM","2026","July 2026","Beatriz Garcia","14020 n black cyn hwy, Pheonix, Arizona 85053","Pheonix","Arizona","85053","Main Location","Chuy Torres","MFH - HVAC","Sent","260","0","0","0","","77685","","","77685","MFH:MFH - HVAC","Reason for call? Unit 2094 we installed this unit and it is not turning on at all. This same issue happened back in Feb 2026

Who will be present to meet the technician? Daniel

How many HVAC units are present and that we need to look at?  1

How old is your current unit or units? N/A

Is the outside unit or units on the ground level? N/A

Is there anything else you would like technician to look at while they are there? N/A

How did you hear about NexLvl Services? existing","---

## **Field Service Report: Electrical Supply Failure (Not a Recall)**

**Date:** July 21, 2026  
**Unit:** 2094A  
**Status:** Arrived on-site for a reported recall. Diagnosed a high-voltage power loss originating at the breaker panel, clearing the HVAC equipment of any faults. Recommended an electrician.

### **Diagnostic Findings**
* **Initial Assessment:** Responded to a reported ""recall"" for a system not running and evaluated the indoor HVAC equipment.
* **System Evaluation:** Tested the indoor air handler and found a complete loss of high-voltage power.
* **Root Cause:** Traced the electrical circuit back to the main panel. Verified that there is **no power coming from the breaker to the air handler**. The issue is isolated to the electrical supply line/breaker, not the HVAC equipment itself.

### **Recommendations & Next Steps**
* **Electrician Required:** Because the HVAC equipment is fully intact and the failure is on the building's electrical supply side, I explained that this is **not an HVAC recall**. 
* **Action Item:** The property management/customer needs to **call an electrician** to diagnose and repair the breaker or line-voltage wiring so power can be restored to the unit.

---

**Status: System Down (Building Electrical Issue) — Pending Electrician (Not a Recall)**

---","","-","-","01:40:53","1.67","02:00:00","2","00:56:03","0.93","","0","0","0","0","0","0","0","0","0","0","0","31.2","260","228.8","0","260","260","","","","","PHX - Plumbing","","Daniel","","","","","","Home Depot","Free","","Residential","Tier 1 - 8%","","","13574402","(979) 215-9646","acampos@rise48equity.com","","","","","","","","","Dec 8, 2025, 2:46 PM","","Rise thunderbird","Rise thunderbird","joey","","-","-","-","-","-","-","-","-","-","-","-","-","-","-","-","-","-","-","-","-","-","-","-","-","-","-","-","-","-","-","-","-","-","-","-","-","-","-","-","-","-","-","-","-","-","-","-","-","-","-","-","-","-","-","-","-","-","-","-","-","-","-","-","-","-","-","-","-","-","-","-","-","-","-","-","-","-","-","-","-","Jul 21, 2026, 10:06 AM","Jul 21, 2026, 12:20 PM","02:14:08","-","Jul 21, 2026, 12:20 PM","Jul 21, 2026, 1:16 PM","00:56:03","-","Jul 21, 2026, 1:16 PM","Jul 21, 2026, 2:57 PM","01:40:53","-","-","-","-","-","-","-","-","-","-","-","-","-","Jul 21, 2026, 2:57 PM","Jul 22, 2026, 2:41 PM","23:43:38","-","Jul 22, 2026, 2:41 PM","-","-","150:38:00","-","-","-","-","-","-","-","-","-","-","-","-","-","-","-","-","-","-","-","-","-","-","-","-","-","-","-","-","-","-","-","-","-","-","-","-","-","-","-","-","-","-","-","-","-","-","-","-","-","-","-","-","-","-","-","-","-","-","-","-","-","-","-","-","-","-","-","-","-","-","-","-","-","-","-","-","-","-","-","-","-","-","-","-","-","-","-","-","-","-","-","-","-","-","-","-"
"27035","Marcos De Niza c/o Dunlap & MaGee","","Contact","brad@dunlap-sites.com","602-859-2293","Clogged Drain :Plumbing","Unit 516- Tub back up","Completed","Jul 21, 2026, 2:00 PM","Jul 21, 2026, 4:00 PM","07/21/2026","14:00:00","07/21/2026","16:00:00","Jul 21, 2026, 9:54 AM","2026","July 2026","Jess Gonzalez","305 West Pima Street, Phoenix, AZ 85003","Phoenix","AZ","85003","Main Location","Brodyn Janshen","MFH - Plumbing","Sent","238","0","0","0","","77751","","","77751","AZ Service:MFH","Unit 516
Tub back up
POC Brad","Arrived on site located unit went inside and saw the tub full of water. I checked the cleanout outside to see if they were flowing and they were. I went back inside and I tried to run a journal auger in the overflow, but it was unsuccessful. I came and got my shop vac and I shot vac all the water out so I could see into the drain and once there was no more water I put the shop vac directly over the drain hole and covered the overflow plate to get as much pressure as possible and I pulled back a big clump of hair. The tub is now draining at this time.","","-","-","00:46:51","0.77","02:00:00","2","00:21:25","0.35","","0","0","0","0","0","0","0","0","-1","-1","0","28.68","239","210.32","0","238","238","","","","","MFH - Plumbing","","Brad","","","","","","Lowe's","Free","","Residential","Tier 1 - 8%","","","6747384","602-859-2293","brad@dunlap-sites.com","(602) 254-6663","asstmanager@marcosdeniza.org","Logen Uknavage","Cushman & Wakefield","","","","","Apr 25, 2024, 5:54 PM","MFH,Commercial","Marcos De Niza c/o Dunlap & MaGee","Marcos De Niza c/o Dunlap & MaGee","Brad","","-","-","-","-","-","-","-","-","-","-","-","-","-","-","-","-","-","-","-","-","-","-","-","-","-","-","-","-","-","-","-","-","-","-","-","-","-","-","-","-","-","-","-","-","-","-","-","-","-","-","-","-","-","-","-","-","-","-","-","-","-","-","-","-","-","-","-","-","-","-","-","-","-","-","-","-","-","-","-","-","Jul 21, 2026, 9:54 AM","Jul 21, 2026, 1:59 PM","04:04:52","-","Jul 21, 2026, 1:59 PM","Jul 21, 2026, 2:20 PM","00:21:25","-","Jul 21, 2026, 2:20 PM","Jul 21, 2026, 3:07 PM","00:46:51","-","-","-","-","-","-","-","-","-","-","-","-","-","Jul 21, 2026, 3:07 PM","Jul 22, 2026, 3:01 PM","23:53:29","-","Jul 22, 2026, 3:01 PM","-","-","150:18:07","-","-","-","-","-","-","-","-","-","-","-","-","-","-","-","-","-","-","-","-","-","-","-","-","-","-","-","-","-","-","-","-","-","-","-","-","-","-","-","-","-","-","-","-","-","-","-","-","-","-","-","-","-","-","-","-","-","-","-","-","-","-","-","-","-","-","-","-","-","-","-","-","-","-","-","-","-","-","-","-","-","-","-","-","-","-","-","-","-","-","-","-","-","-","-","-"
"27034","MAA SkySong","","Michael Figuero","","602-785-8005","Pool Cleaning","Quote for reocurring services","Completed","Jul 23, 2026, 2:00 PM","Jul 23, 2026, 4:00 PM","07/23/2026","14:00:00","07/23/2026","16:00:00","Jul 21, 2026, 9:39 AM","2026","July 2026","Beatriz Garcia","1301 North Scottsdale Road, Scottsdale, Arizona 85257","Scottsdale","Arizona","85257","Main Location","Jasper Castaneda","Pools","Estimate","0","1188","0","0","","77851","77851","AZ Service:Pools","","","Customer requesting quote for reocurring cleaning services, daily if possible if not ok too. Pool is 140,000 gallons.","","Commercial","-","-","03:23:33","3.38","02:00:00","2","","0","","0","0","0","0","0","1188","1188","0","0","0","0","0","0","0","0","0","0","","","","","Pool Repair","","Michael Figuero","","","","","","Lowe's","Free","","Residential","Tier 1 - 8%","","","17594687","602-785-8005","","","","","Google Search","","","","","Jul 21, 2026, 9:34 AM","Commercial","MAA SkySong","MAA SkySong","Michael","Figuero","-","-","-","-","-","-","-","-","-","-","-","-","-","-","-","-","-","-","-","-","-","-","-","-","-","-","-","-","-","-","-","-","-","-","-","-","-","-","-","-","-","-","-","-","-","-","-","-","-","-","-","-","-","-","-","-","-","-","-","-","-","-","-","-","-","-","-","-","-","-","-","-","-","-","-","-","-","-","-","-","Jul 21, 2026, 9:39 AM","Jul 23, 2026, 3:30 PM","53:51:02","-","-","-","-","-","Jul 23, 2026, 3:30 PM","Jul 23, 2026, 6:53 PM","03:23:33","-","-","-","-","-","-","-","-","-","-","-","-","-","-","-","-","-","Jul 23, 2026, 6:53 PM","-","-","122:25:33","-","-","-","-","-","-","-","-","-","-","-","-","-","-","-","-","-","-","-","-","-","-","-","-","-","-","-","-","-","-","-","-","-","-","-","-","-","-","-","-","-","-","-","-","-","-","-","-","-","-","-","-","-","-","-","-","-","-","-","-","-","-","-","-","-","-","-","-","-","-","-","-","-","-","-","-","-","-","-","-","-","-","-","-","-","-","-","-","-","-","-","-","-","-","-","-"
"27033","Marsha Radi","","Marsha Radi","maradi56@gmail.com","(801) 712-1916","Water Heater Install :Lowes Water Heaters","","Completed","Jul 24, 2026, 8:00 AM","Jul 24, 2026, 10:00 AM","07/24/2026","08:00:00","07/24/2026","10:00:00","Jul 21, 2026, 9:25 AM","2026","July 2026","Gina Neisius","9355 N 91st St, #105, Scottsdale, AZ 85258","Scottsdale","AZ","85258","Main Address","Edward Lopez","Lowes","Invoiced","1785","2100","1785","0","","77873, 77643","77643","Lowes","77873","Lowes","WH816158
8-12
Her unit # is 105- Go to Village 1 and take the 1st right. Her condo is 3 or 4 units down. 

Order #300902204264776000

Lowes Store Address: 7950 EAST MCDOWELL ROAD, Scottsdale, AZ, 85257

Notes and Details (Addon bundles, other details):","I picked up water heater from local Lowe’s store. On my arrival was right to the dining room where there was a utility closet containing the water heater to be replaced. Shut off power to the water heater and begin draining down water. I removed old supply lines and threaded on a threaded ball valve. Once water heater was drained down and removed and discarded it and mounted a bracket for the thermal expansion tank. I’m out at the thermal expansion tank and connected to two cold water supply. Set water heater into place on top of new drip pan, connected power, connected auto supply lines, connected temperature and pressure, relief the temperature and pressure valve, filled water heater with water to check the leaks and found no leaks at this time. I restored power to water heater and found the operational before I left.","Lowes,Pick up from Lowes","-","-","02:55:54","2.92","02:00:00","2","00:18:33","0.3","","0","553","759","206","300","1341","1041","553","759","206","553","300","1026","726","0","1785","1785","","41419399","laundry closet","","Lowes - Water Heaters","","","","","","","","Lowe's","Free","","Residential","Tier 1 - 8%","","","17580822","(801) 712-1916","maradi56@gmail.com","","","Gina Neisius","IME","New Prospect","","ESTIMATE_APPOINTMENT | APPOINTMENT_SET","ESTIMATE_APPOINTMENT | APPOINTMENT_SET","Jul 19, 2026, 8:18 PM","","Marsha Radi","","Marsha","Radi","-","-","-","-","-","-","-","-","-","-","-","-","-","-","-","-","-","-","-","-","-","-","-","-","-","-","-","-","-","-","-","-","-","-","-","-","-","-","-","-","-","-","-","-","-","-","-","-","Jul 21, 2026, 9:25 AM","Jul 24, 2026, 7:15 AM","69:50:48","-","Jul 24, 2026, 7:15 AM","Jul 24, 2026, 7:52 AM","00:36:23","-","Jul 24, 2026, 7:52 AM","Jul 24, 2026, 8:10 AM","00:18:33","-","Jul 24, 2026, 8:10 AM","Jul 24, 2026, 11:06 AM","02:55:55","-","-","-","-","-","Jul 24, 2026, 11:06 AM","Jul 24, 2026, 11:11 AM","00:05:03","-","Jul 24, 2026, 11:11 AM","-","-","106:07:31","-","-","-","-","-","-","-","-","-","-","-","-","-","-","-","-","-","-","-","-","-","-","-","-","-","-","-","-","-","-","-","-","-","-","-","-","-","-","-","-","-","-","-","-","-","-","-","-","-","-","-","-","-","-","-","-","-","-","-","-","-","-","-","-","-","-","-","-","-","-","-","-","-","-","-","-","-","-","-","-","-","-","-","-","-","-","-","-","-","-","-","-","-","-","-","-","-","-","-","-","-","-","-","-","-","-","-","-","-","-","-","-","-","-","-","-","-","-","-","-","-","-","-","-","-","-","-","-","-","-","-","-"
"27032","TRACY HAGAMAN","","TRACY HAGAMAN","trac6868@cox.net","623-256-1022","Toilet :Lowes Simple Installs","1","Completed","Jul 24, 2026, 8:00 AM","Jul 24, 2026, 9:59 AM","07/24/2026","08:00:00","07/24/2026","09:59:59","Jul 21, 2026, 9:07 AM","2026","July 2026","Ashley Reed","3741 W AMBER NICKOLE CT, PHOENIX, AZ 85086","PHOENIX","AZ","85086","Main Address","Sean Marble","Lowes","Paid","209","0","0","209","","77879","","","77879","Lowes:Simple Installs","Simple installs -1- American Standard Mainstream White Round Chair height 12-in Rough-In WaterSense 1.28 GPF Soft Close 2-piece Toilet/ pick up from lowe's 

2501 W. HAPPY VALLEY RD, BDG 40,
Phoenix, AZ 85085
Store: #2557
Phone: (623) 445-9840","Removed existing toilet and replaced with new one tested ran no leaks","Lowes,Pick up from Lowes","-","-","00:29:57","0.48","01:59:59","1.98","00:13:25","0.22","","0","0","0","0","0","0","0","0","0","0","0","21","209","188","0","209","209","","413470777","","","Lowes - Simple Installs","","","","","","","","","","","","","","","17579807","623-256-1022","trac6868@cox.net","null","","","IMS","","","PLUMB - ONLINE ONLY","PLUMB - ONLINE ONLY","Jul 19, 2026, 8:00 AM","","TRACY HAGAMAN","","TRACY","HAGAMAN","-","-","-","-","-","-","-","-","-","-","-","-","-","-","-","-","-","-","-","-","-","-","-","-","-","-","-","-","-","-","-","-","-","-","-","-","-","-","-","-","-","-","-","-","-","-","-","-","Jul 21, 2026, 9:07 AM","Jul 24, 2026, 7:22 AM","70:14:39","-","Jul 24, 2026, 7:22 AM","Jul 24, 2026, 8:20 AM","00:57:55","-","Jul 24, 2026, 8:20 AM","Jul 24, 2026, 8:33 AM","00:13:25","-","Jul 24, 2026, 8:33 AM","Jul 24, 2026, 9:03 AM","00:29:58","-","-","-","-","-","Jul 24, 2026, 9:03 AM","Jul 24, 2026, 11:39 AM","02:35:32","-","Jul 24, 2026, 11:39 AM","-","-","105:40:01","-","-","-","-","-","-","-","-","-","-","-","-","-","-","-","-","-","-","-","-","-","-","-","-","-","-","-","-","-","-","-","-","-","-","-","-","-","-","-","-","-","-","-","-","-","-","-","-","-","-","-","-","-","-","-","-","-","-","-","-","-","-","-","-","-","-","-","-","-","-","-","-","-","-","-","-","-","-","-","-","-","-","-","-","-","-","-","-","-","-","-","-","-","-","-","-","-","-","-","-","-","-","-","-","-","-","-","-","-","-","-","-","-","-","-","-","-","-","-","-","-","-","-","-","-","-","-","-","-","-","-","-"
"27031","Brenda Palmer","","Brenda Palmer","brenpalmeraz@gmail.com","480-252-2071","No Cool :HVAC","Not cooling","Completed","Jul 21, 2026, 12:00 PM","Jul 21, 2026, 3:00 PM","07/21/2026","12:00:00","07/21/2026","15:00:00","Jul 21, 2026, 8:56 AM","2026","July 2026","Beatriz Garcia","143 South Norwalk Circle, Mesa, Arizona 85206","Mesa","Arizona","85206","Residence","","","Sent","625","625","0","0","","77689, 77688","77688","AZ Service","77689","AZ Service","Reason for call? Brenda called after hours for HVAC services

Who will be present to meet the technician? no one, home is vacant

How many HVAC units are present and that we need to look at? n?A

How old is your current unit or units? N/A

Is the outside unit or units on the ground level? outside on the roof on the casita

Is there anything else you would like technician to look at while they are there? N/A 

How did you hear about NexLvl Services? existing

Quoted $79 svc fee
CC on file","","Resi","-","-","","0","03:00:00","3","","0","","0","450","625","175","0","0","0","450","625","175","450","0","0","0","0","625","625","","","","","PHX - HVAC","","Brenda Palmer","","","","","","Lowe's","","","","","","","6707886","480-252-2071","brenpalmeraz@gmail.com","","bren@nudream.com","","Cushman & Wakefield","","","Bren. Lives out of town and the property on high school are 2 separate rentals","","Apr 23, 2024, 6:31 AM","","Brenda Palmer","","Brenda","Palmer","-","-","-","-","-","-","-","-","-","-","-","-","-","-","-","-","-","-","-","-","-","-","-","-","-","-","-","-","-","-","-","-","-","-","-","-","-","-","-","-","-","-","-","-","-","-","-","-","-","-","-","-","-","-","-","-","-","-","-","-","-","-","-","-","-","-","-","-","-","-","-","-","-","-","-","-","-","-","-","-","Jul 21, 2026, 8:56 AM","Jul 22, 2026, 11:19 AM","26:23:11","-","-","-","-","-","-","-","-","-","-","-","-","-","-","-","-","-","-","-","-","-","-","-","-","-","Jul 22, 2026, 11:19 AM","-","-","153:59:27","-","-","-","-","-","-","-","-","-","-","-","-","-","-","-","-","-","-","-","-","-","-","-","-","-","-","-","-","-","-","-","-","-","-","-","-","-","-","-","-","-","-","-","-","-","-","-","-","-","-","-","-","-","-","-","-","-","-","-","-","-","-","-","-","-","-","-","-","-","-","-","-","-","-","-","-","-","-","-","-","-","-","-","-","-","-","-","-","-","-","-","-","-","-","-","-"
"27030","Dennis Harris","","Dennis Harris","dennisgroup11@gmail.com","(707) 975-9148","Recall :Lowes Water Heaters","","Completed","Jul 23, 2026, 3:00 PM","Jul 23, 2026, 4:00 PM","07/23/2026","15:00:00","07/23/2026","16:00:00","Jul 21, 2026, 8:49 AM","2026","July 2026","Brenton Heward","6070 South Oyama Drive, Tucson, Arizona 85746","Tucson","Arizona","85746","Main Location","Mathew Hodges","Lowes","Invoiced","93","185","93","0","","77856, 77857","77856","Lowes","77857","Lowes","-Recall reason: customer isn't getting hot water in his primary bathroom but is getting hot water everywhere else basically. If it isn't the fault of the install or the water heater, we will charge $185. We saved a card on file.


-Original installer? Matt H.","Came out to customers house to check if they have hot water they have hot water in the master bedroom and in the kitchen the kitchen you just had to have the handle up and move it out to open up the hot water and it did take a little bit for the hot water to get there, but customer is having hot water and they’re satisfied with everything. I went to every fixture to make sure they have hot water in the house.","Lowes,Warranty","-","-","00:08:41","0.13","01:00:00","1","00:32:26","0.53","","0","0","0","0","12","185","173","0","0","0","0","12","93","81","0","93","93","","","","","Lowes - Water Heaters","","","","","","","","Lowe's","Free","","Residential","Tier 1 - 8%","","","17419927","(707) 975-9148","dennisgroup11@gmail.com","","","Travis Germain","IME","1st Attempt","","ESTIMATE_APPOINTMENT | APPOINTMENT_SET","ESTIMATE_APPOINTMENT | APPOINTMENT_SET","Jul 3, 2026, 11:59 AM","Lowes","Dennis Harris","","Dennis","Harris","-","-","-","-","-","-","-","-","-","-","-","-","-","-","-","-","-","-","-","-","-","-","-","-","-","-","-","-","-","-","-","-","-","-","-","-","-","-","-","-","-","-","-","-","-","-","-","-","Jul 21, 2026, 8:49 AM","Jul 23, 2026, 7:43 PM","58:54:00","-","-","-","-","-","Jul 23, 2026, 7:43 PM","Jul 23, 2026, 8:15 PM","00:32:25","-","Jul 23, 2026, 8:15 PM","Jul 23, 2026, 8:24 PM","00:08:41","-","-","-","-","-","Jul 23, 2026, 8:24 PM","Jul 24, 2026, 8:43 AM","12:18:50","-","Jul 24, 2026, 8:43 AM","-","-","108:36:10","-","-","-","-","-","-","-","-","-","-","-","-","-","-","-","-","-","-","-","-","-","-","-","-","-","-","-","-","-","-","-","-","-","-","-","-","-","-","-","-","-","-","-","-","-","-","-","-","-","-","-","-","-","-","-","-","-","-","-","-","-","-","-","-","-","-","-","-","-","-","-","-","-","-","-","-","-","-","-","-","-","-","-","-","-","-","-","-","-","-","-","-","-","-","-","-","-","-","-","-","-","-","-","-","-","-","-","-","-","-","-","-","-","-","-","-","-","-","-","-","-","-","-","-","-","-","-","-","-","-","-","-"
"27029","Capri on Camelback","Harbor Group Management Co., LLC","Travis George","tgeorge@harborgroupmanagement.com","(602) 882-8579","Active Water Leak :Plumbing","E101- Leak in wall","Completed","Jul 21, 2026, 9:00 AM","Jul 21, 2026, 11:00 AM","07/21/2026","09:00:00","07/21/2026","11:00:00","Jul 21, 2026, 8:07 AM","2026","July 2026","Jess Gonzalez","5115 North 40th Street, Phoenix, Arizona 85018","Phoenix","Arizona","85018","Main Location","Julian Guidry","MFH - Plumbing","Sent","463","0","0","0","","77926","","","77926","AZ Service:MFH","Unit E101
Leak in wall
POC Travis","There was a 2 inch cast-iron Santee that was blown out. Somebody had put toilet wax and metal tape around fitting to conceal leak, i removed old bands and old fitting and replaced them with new, ran sink to test and no more leaks. Covered drywall with garbage bag","","-","-","01:48:40","1.8","02:00:00","2","01:44:52","1.73","","0","0","0","0","0","0","0","107.6","63","-44.6","25","48","400","352","0","463","463","","","","","MFH - Plumbing","","Travis","","","","","","Lowe's","Free","","Residential","Tier 1 - 8%","","","17009572","(602) 882-8579","tgeorge@harborgroupmanagement.com","","","Logen Uknavage","Referral","","","","","Jun 2, 2026, 4:45 PM","MFH,Commercial","Capri on Camelback","Capri on Camelback","Travis","George","-","-","-","-","-","-","-","-","-","-","-","-","-","-","-","-","-","-","-","-","-","-","-","-","-","-","-","-","-","-","-","-","-","-","-","-","-","-","-","-","-","-","-","-","-","-","-","-","-","-","-","-","-","-","-","-","-","-","-","-","-","-","-","-","-","-","-","-","-","-","-","-","-","-","-","-","-","-","-","-","Jul 21, 2026, 8:07 AM","Jul 21, 2026, 8:39 AM","00:32:00","-","Jul 21, 2026, 8:39 AM","Jul 21, 2026, 10:24 AM","01:44:52","-","Jul 21, 2026, 10:24 AM","Jul 21, 2026, 12:13 PM","01:48:40","-","-","-","-","-","-","-","-","-","-","-","-","-","Jul 21, 2026, 12:13 PM","Jul 24, 2026, 4:23 PM","76:09:49","-","Jul 24, 2026, 4:23 PM","-","-","100:56:17","-","-","-","-","-","-","-","-","-","-","-","-","-","-","-","-","-","-","-","-","-","-","-","-","-","-","-","-","-","-","-","-","-","-","-","-","-","-","-","-","-","-","-","-","-","-","-","-","-","-","-","-","-","-","-","-","-","-","-","-","-","-","-","-","-","-","-","-","-","-","-","-","-","-","-","-","-","-","-","-","-","-","-","-","-","-","-","-","-","-","-","-","-","-","-","-"
"27028","Atlas Real Estate","","Hannah Erickson","hannah.erickson@realatlas.com","480-757-9200","Pool Equipment Repair","Vacuum needs repair","Completed","Jul 24, 2026, 9:00 AM","Jul 24, 2026, 11:00 AM","07/24/2026","09:00:00","07/24/2026","11:00:00","Jul 21, 2026, 7:55 AM","2026","July 2026","Beatriz Garcia","31062 North Desert Honeysuckle Drive, Queen Creek, Arizona 85143","Queen Creek","Arizona","85143","31062 North Desert Honeysuckle Drive","Ian Campbell","Pools","Estimate","0","570","0","0","","77878","77878","AZ Service:Pools","","","Pool cleaner notes: Vacuum needs repair","Estimate sent for vacuum tune up kit","Commercial","-","-","","0","02:00:00","2","","0","","0","200","400","200","20.4","170","149.6","0","0","0","0","0","0","0","0","0","0","","","","","Pool Repair","","Atlas Real Estate","","","","","","Lowe's","Free","","Residential","Tier 1 - 8%","","","6710785","480-757-9200","hannah.erickson@realatlas.com","","yasamin.sahak@realatlas.com","","","","","","","Apr 23, 2024, 6:33 AM","Commercial,Pools,Pool Cleaning","Atlas Real Estate","Atlas Real Estate","Hannah","Erickson","-","-","-","-","-","-","-","-","-","-","-","-","-","-","-","-","-","-","-","-","-","-","-","-","-","-","-","-","-","-","-","-","-","-","-","-","-","-","-","-","-","-","-","-","-","-","-","-","-","-","-","-","-","-","-","-","-","-","-","-","-","-","-","-","-","-","-","-","-","-","-","-","-","-","-","-","-","-","-","-","Jul 21, 2026, 7:55 AM","Jul 24, 2026, 11:38 AM","75:42:46","-","-","-","-","-","-","-","-","-","-","-","-","-","-","-","-","-","-","-","-","-","Jul 24, 2026, 11:38 AM","Jul 24, 2026, 3:07 PM","03:29:09","-","Jul 24, 2026, 3:07 PM","-","-","102:11:57","-","-","-","-","-","-","-","-","-","-","-","-","-","-","-","-","-","-","-","-","-","-","-","-","-","-","-","-","-","-","-","-","-","-","-","-","-","-","-","-","-","-","-","-","-","-","-","-","-","-","-","-","-","-","-","-","-","-","-","-","-","-","-","-","-","-","-","-","-","-","-","-","-","-","-","-","-","-","-","-","-","-","-","-","-","-","-","-","-","-","-","-","-","-","-","-"
"27027","Candlewood Suites","","Contact","alejandro.aguilar@hotelequities.com","","Pool Leak","Spa pump discharge leak","Completed","Jul 23, 2026, 11:00 AM","Jul 23, 2026, 1:00 PM","07/23/2026","11:00:00","07/23/2026","13:00:00","Jul 21, 2026, 7:40 AM","2026","July 2026","Beatriz Garcia","1748 South Crismon Road, Mesa, Arizona 85209","Mesa","Arizona","85209","Main Location","Ian Campbell","Pools","Estimate","0","647","0","0","","77811","77811","AZ Service:Pools","","","Pool cleaner notes: Looks like the spa pump has a discharge leak at the pump seal send repair tech","Pentair FullFlo backwash assembly needs new inserts.
Backwash is constantly leaking out, causing spa to lose water and dilute chems.

Generating and sending estimate for FullFloXF rebuild kit.","Commercial","-","-","00:29:47","0.48","02:00:00","2","00:28:13","0.47","","0","175","307","132","40.8","340","299.2","0","0","0","0","0","0","0","0","0","0","","","","","Pool Repair","","Candlewood Suites","","","","","","Lowe's","Free","","Residential","Tier 1 - 8%","","","12181441","","alejandro.aguilar@hotelequities.com","","","","","","","","","Sep 3, 2025, 1:30 PM","","Candlewood Suites","Candlewood Suites","","","-","-","-","-","-","-","-","-","-","-","-","-","-","-","-","-","-","-","-","-","-","-","-","-","-","-","-","-","-","-","-","-","-","-","-","-","-","-","-","-","-","-","-","-","-","-","-","-","-","-","-","-","-","-","-","-","-","-","-","-","-","-","-","-","-","-","-","-","-","-","-","-","-","-","-","-","-","-","-","-","Jul 21, 2026, 7:40 AM","Jul 23, 2026, 12:54 PM","53:13:58","-","Jul 23, 2026, 12:54 PM","Jul 23, 2026, 1:22 PM","00:28:13","-","Jul 23, 2026, 1:22 PM","Jul 23, 2026, 1:52 PM","00:29:46","-","-","-","-","-","-","-","-","-","-","-","-","-","Jul 23, 2026, 1:52 PM","Jul 24, 2026, 3:17 PM","25:24:42","-","Jul 24, 2026, 3:17 PM","-","-","102:02:02","-","-","-","-","-","-","-","-","-","-","-","-","-","-","-","-","-","-","-","-","-","-","-","-","-","-","-","-","-","-","-","-","-","-","-","-","-","-","-","-","-","-","-","-","-","-","-","-","-","-","-","-","-","-","-","-","-","-","-","-","-","-","-","-","-","-","-","-","-","-","-","-","-","-","-","-","-","-","-","-","-","-","-","-","-","-","-","-","-","-","-","-","-","-","-","-"
"27025","Scottsdale Parkway","CBRE - Main","Scottsdale Parkway","mmjpropertymanagement@outlook.com","(602) 316-2262","Pool Equipment Repair","Pool light","Completed","Jul 23, 2026, 4:00 PM","Jul 23, 2026, 6:00 PM","07/23/2026","16:00:00","07/23/2026","18:00:00","Jul 21, 2026, 7:24 AM","2026","July 2026","Beatriz Garcia","7725 E 1st Ave Scottsdale, Arizona 85251","","Arizona","85251","Scottsdale Parkway","Jasper Castaneda","Pools","","0","0","0","0","","","","","","","Pool cleaner notes: Manager wanted to know about the pool light she’s noticing it doesn’t go off during the day? Not sure if there’s a timer issue send repair tech.","Upon arrival the pool light was on. When I went into equipment room I did not see any way to turn light off except by tripping the gfci outlet. May need to contact an electrician to install a timer so light can run only at night.","Commercial","-","-","00:21:03","0.35","02:00:00","2","","0","","0","0","0","0","0","0","0","0","0","0","0","0","0","0","0","0","0","","","","","Pool Repair","","Scottsdale Parkway","","","","","","Lowe's","","","","","","","6711677","(602) 316-2262","mmjpropertymanagement@outlook.com","","","Kris Driggs","","","","","","Apr 23, 2024, 6:33 AM","Commercial,VIP","Scottsdale Parkway","Scottsdale Parkway","Scottsdale","Parkway","-","-","-","-","-","-","-","-","-","-","-","-","-","-","-","-","-","-","-","-","-","-","-","-","-","-","-","-","-","-","-","-","-","-","-","-","-","-","-","-","-","-","-","-","-","-","-","-","-","-","-","-","-","-","-","-","-","-","-","-","-","-","-","-","-","-","-","-","-","-","-","-","-","-","-","-","-","-","-","-","Jul 21, 2026, 7:24 AM","Jul 23, 2026, 2:42 PM","55:17:13","-","-","-","-","-","Jul 23, 2026, 2:42 PM","Jul 23, 2026, 3:03 PM","00:21:03","-","-","-","-","-","-","-","-","-","-","-","-","-","Jul 23, 2026, 3:03 PM","Jul 24, 2026, 3:18 PM","24:15:11","-","Jul 24, 2026, 3:18 PM","-","-","102:01:00","-","-","-","-","-","-","-","-","-","-","-","-","-","-","-","-","-","-","-","-","-","-","-","-","-","-","-","-","-","-","-","-","-","-","-","-","-","-","-","-","-","-","-","-","-","-","-","-","-","-","-","-","-","-","-","-","-","-","-","-","-","-","-","-","-","-","-","-","-","-","-","-","-","-","-","-","-","-","-","-","-","-","-","-","-","-","-","-","-","-","-","-","-","-","-","-"
"27023","Kirsten Smith","","Kirsten Smith","fulhausmama@gmail.com","(602) 615-1215","Water Heater Install :Lowes Water Heaters","","Completed","Jul 25, 2026, 8:00 AM","Jul 25, 2026, 10:00 AM","07/25/2026","08:00:00","07/25/2026","10:00:00","Jul 20, 2026, 6:02 PM","2026","July 2026","Gina Neisius","256 W Swan Dr, Chandler, AZ 85286","Chandler","AZ","85286","Main Address","Tanner LaForge","Lowes","Invoiced","1785","2100","1785","0","","77600, 77953","77600","Lowes","77953","Lowes","#962544
8am-12pm

Notes and Details (Addon bundles, other details):","7/25

Uninstall, haul away, and dump old water heater.
Install New 50 Gallon Gas Water Heater w/12 yr warranty into Garage.
Remove old supply lines and ball valve.
Install 2 new supply lines, new ball valve and drip pan
New sediment trap. New t&p line
Test to ensure everything is working properly.

68 psi","In Warehouse,Lowes","-","-","01:59:13","1.98","02:00:00","2","00:25:37","0.42","","0","826","1100","274","270","1000","730","826","1100","274","826","270","685","415","0","1785","1785","","41419279","garage","","Lowes - Water Heaters","","","","","","","","Lowe's","Free","","Residential","Tier 1 - 8%","","","17580682","(602) 615-1215","fulhausmama@gmail.com","","","Gina Neisius","IME","New Prospect","","ESTIMATE_APPOINTMENT | APPOINTMENT_SET","ESTIMATE_APPOINTMENT | APPOINTMENT_SET","Jul 19, 2026, 6:33 PM","","Kirsten Smith","","Kirsten","Smith","-","-","-","-","-","-","-","-","-","-","-","-","-","-","-","-","-","-","-","-","-","-","-","-","-","-","-","-","-","-","-","-","-","-","-","-","-","-","-","-","-","-","-","-","-","-","-","-","Jul 20, 2026, 6:02 PM","Jul 25, 2026, 7:39 AM","109:37:07","-","-","-","-","-","Jul 25, 2026, 7:39 AM","Jul 25, 2026, 8:05 AM","00:25:36","-","Jul 25, 2026, 8:05 AM","Jul 25, 2026, 10:04 AM","01:59:13","-","-","-","-","-","Jul 25, 2026, 10:04 AM","Jul 27, 2026, 7:48 AM","45:43:37","-","Jul 27, 2026, 7:48 AM","-","-","37:30:59","-","-","-","-","-","-","-","-","-","-","-","-","-","-","-","-","-","-","-","-","-","-","-","-","-","-","-","-","-","-","-","-","-","-","-","-","-","-","-","-","-","-","-","-","-","-","-","-","-","-","-","-","-","-","-","-","-","-","-","-","-","-","-","-","-","-","-","-","-","-","-","-","-","-","-","-","-","-","-","-","-","-","-","-","-","-","-","-","-","-","-","-","-","-","-","-","-","-","-","-","-","-","-","-","-","-","-","-","-","-","-","-","-","-","-","-","-","-","-","-","-","-","-","-","-","-","-","-","-","-","-","-"
"27022","Colter Park","Harbor Group Management Co., LLC","Feljie Swanson","fswanson@harborgroupmanagement.com","(480) 640-7388","Fan Coil Leak","Unit 232","Completed","Jul 20, 2026, 9:00 PM","Jul 20, 2026, 10:00 PM","07/20/2026","21:00:00","07/20/2026","22:00:00","Jul 20, 2026, 5:31 PM","2026","July 2026","Chris Marrs","909 West Colter Street, Phoenix, Arizona 85013","Phoenix","Arizona","85013","Main Location","Hunter Howell","MFH - Plumbing","Sent","270","270","0","0","","77605, 77606","77605","AZ Service:MFH","77606","AZ Service:MFH","Fan coil leaking
POC Anthony: 602-880-8228","Findings
Found the condensate drain line backed up with debris, restricting proper drainage.
Includes
Opened the condensate drain line
Vacuumed debris from the drain line
Drain tested to verify proper flow
Leak tested
Cleaned up
Excludes
Work beyond listed scope
Water damage
Repairs to the condensate drain line","","-","-","00:27:55","0.45","01:00:00","1","","0","","0","0","-5","-5","33","275","242","0","-5","-5","0","33","275","242","0","270","270","","85835838","","","MFH - Plumbing","","","","","","","","Lowe's","Free","","Residential","Tier 1 - 8%","","","15508690","(480) 640-7388","fswanson@harborgroupmanagement.com","","","Logen Uknavage","","","","","","Mar 30, 2026, 9:43 AM","Harbor","Colter Park","Colter Park","Feljie","Swanson","-","-","-","-","-","-","-","-","-","-","-","-","-","-","-","-","-","-","-","-","-","-","-","-","-","-","-","-","-","-","-","-","-","-","-","-","-","-","-","-","-","-","-","-","-","-","-","-","-","-","-","-","-","-","-","-","-","-","-","-","-","-","-","-","-","-","-","-","-","-","-","-","-","-","-","-","-","-","-","-","Jul 20, 2026, 5:31 PM","Jul 20, 2026, 5:49 PM","00:17:31","-","-","-","-","-","Jul 20, 2026, 5:49 PM","Jul 20, 2026, 6:16 PM","00:27:55","-","-","-","-","-","-","-","-","-","-","-","-","-","Jul 20, 2026, 6:16 PM","Jul 22, 2026, 1:52 PM","43:35:53","-","Jul 22, 2026, 1:52 PM","-","-","151:26:29","-","-","-","-","-","-","-","-","-","-","-","-","-","-","-","-","-","-","-","-","-","-","-","-","-","-","-","-","-","-","-","-","-","-","-","-","-","-","-","-","-","-","-","-","-","-","-","-","-","-","-","-","-","-","-","-","-","-","-","-","-","-","-","-","-","-","-","-","-","-","-","-","-","-","-","-","-","-","-","-","-","-","-","-","-","-","-","-","-","-","-","-","-","-","-","-"
"27021","Colter Park","Harbor Group Management Co., LLC","Feljie Swanson","fswanson@harborgroupmanagement.com","(480) 640-7388","Fan Coil Leak","unit 295","Completed","Jul 20, 2026, 8:00 PM","Jul 20, 2026, 9:00 PM","07/20/2026","20:00:00","07/20/2026","21:00:00","Jul 20, 2026, 5:22 PM","2026","July 2026","Chris Marrs","909 West Colter Street, Phoenix, Arizona 85013","Phoenix","Arizona","85013","Main Location","Hunter Howell","MFH - Plumbing","Sent","345","345","0","0","","77609, 77610","77609","-","77610","AZ Service:MFH","Fan coil i s leaking","Findings
Found the fan coil leaking.
Includes
Opened the ceiling register to access the fan coil.
Insulated the condensating pipes.
Leak tested the system.
Cleaned up the work area.
Excludes
Work beyond the listed scope.
Water damage.
Drywall, texture, and paint repairs","","-","-","00:41:19","0.68","01:00:00","1","","0","","0","20","45","25","36","300","264","20","45","25","20","36","300","264","0","345","345","","85833834","","","MFH - Plumbing","","","","","","","","Lowe's","Free","","Residential","Tier 1 - 8%","","","15508690","(480) 640-7388","fswanson@harborgroupmanagement.com","","","Logen Uknavage","","","","","","Mar 30, 2026, 9:43 AM","Harbor","Colter Park","Colter Park","Feljie","Swanson","-","-","-","-","-","-","-","-","-","-","-","-","-","-","-","-","-","-","-","-","-","-","-","-","-","-","-","-","-","-","-","-","-","-","-","-","-","-","-","-","-","-","-","-","-","-","-","-","-","-","-","-","-","-","-","-","-","-","-","-","-","-","-","-","-","-","-","-","-","-","-","-","-","-","-","-","-","-","-","-","Jul 20, 2026, 5:22 PM","Jul 20, 2026, 6:17 PM","00:54:59","-","-","-","-","-","Jul 20, 2026, 6:17 PM","Jul 20, 2026, 6:58 PM","00:41:19","-","-","-","-","-","-","-","-","-","-","-","-","-","Jul 20, 2026, 6:58 PM","Jul 22, 2026, 1:49 PM","42:50:09","-","Jul 22, 2026, 1:49 PM","-","-","151:30:19","-","-","-","-","-","-","-","-","-","-","-","-","-","-","-","-","-","-","-","-","-","-","-","-","-","-","-","-","-","-","-","-","-","-","-","-","-","-","-","-","-","-","-","-","-","-","-","-","-","-","-","-","-","-","-","-","-","-","-","-","-","-","-","-","-","-","-","-","-","-","-","-","-","-","-","-","-","-","-","-","-","-","-","-","-","-","-","-","-","-","-","-","-","-","-","-"
"27020","NAZAR NERCESSIAN","","NAZAR NERCESSIAN","foex91@alumni.usc.edu","661-810-3644","Garbage Disposal :Lowes Simple Installs","1","Completed","Jul 22, 2026, 2:00 PM","Jul 22, 2026, 3:00 PM","07/22/2026","14:00:00","07/22/2026","15:00:00","Jul 20, 2026, 5:05 PM","2026","July 2026","Ashley Reed","603 W Kilarea Ave, Mesa, AZ 85210","Mesa","AZ","85210","Main Address","Bryan Pickett","Lowes","Paid","127","0","0","127","","77741","","","77741","Lowes:Simple Installs","Simple installs -1- InSinkErator Evolution 45ss Advanced Series Continuous feed 3/4-HP Septic Safe Non-corded Garbage Disposal with Noise Insulation/ onsite/ he has a new power cord","Removed dishwasher supply line, removed existing plumbing, and uninstalled old disposal. Installed new garbage disposal and reconnected existing plumbing. Reconnected dishwasher line and tested by filling sink with water and draining with disposal running while checking for drips and leaks. No visible water, customer tested and customer satisfied

Customer interested in having a recirculation pump added to his hot water heater. Added photos of pump unit as well as hot water heater for reference.","Lowes,onsite","-","-","01:02:39","1.03","01:00:00","1","00:27:28","0.45","01:38:13","1.63","0","0","0","0","0","0","0","0","0","0","13","127","114","0","127","127","","413518743","","","Lowes - Simple Installs","","","","","","","","","","","","","","","17582834","661-810-3644","foex91@alumni.usc.edu","null","","","IMS","","","PLUMB - GENERAL (NO SOFTENERS)","PLUMB - GENERAL (NO SOFTENERS)","Jul 20, 2026, 8:00 AM","","NAZAR NERCESSIAN","","NAZAR","NERCESSIAN","-","-","-","-","-","-","-","-","-","-","-","-","-","-","-","-","-","-","-","-","-","-","-","-","-","-","-","-","-","-","-","-","-","-","-","-","-","-","-","-","-","-","-","-","-","-","-","-","Jul 20, 2026, 5:05 PM","Jul 22, 2026, 12:47 PM","43:42:32","-","-","-","-","-","Jul 22, 2026, 12:47 PM","Jul 22, 2026, 1:15 PM","00:27:27","-","Jul 22, 2026, 1:15 PM","Jul 22, 2026, 2:17 PM","01:02:39","-","-","-","-","-","Jul 22, 2026, 2:17 PM","Jul 22, 2026, 2:28 PM","00:10:38","-","Jul 22, 2026, 2:28 PM","-","-","150:51:01","-","-","-","-","-","-","-","-","-","-","-","-","-","-","-","-","-","-","-","-","-","-","-","-","-","-","-","-","-","-","-","-","-","-","-","-","-","-","-","-","-","-","-","-","-","-","-","-","-","-","-","-","-","-","-","-","-","-","-","-","-","-","-","-","-","-","-","-","-","-","-","-","-","-","-","-","-","-","-","-","-","-","-","-","-","-","-","-","-","-","-","-","-","-","-","-","-","-","-","-","-","-","-","-","-","-","-","-","-","-","-","-","-","-","-","-","-","-","-","-","-","-","-","-","-","-","-","-","-","-","-","-"
"27018","Estates on Maryland","BH Management Services LLC","Brian Nielsen","brian.nielsen@livebh.com","","Active Water Leak :Plumbing","Unit 3111- Tub leak","Pending Audit","Jul 21, 2026, 9:00 AM","Jul 21, 2026, 11:00 AM","07/21/2026","09:00:00","07/21/2026","11:00:00","Jul 20, 2026, 4:06 PM","2026","July 2026","Jess Gonzalez","1802 West Maryland Avenue, Phoenix, Arizona 85015","Phoenix","Arizona","85015","Main Location","Carmen Tripodi","Swiss Army Knife","Invoice Draft","1125","0","0","0","","78087","","","78087","AZ Service:MFH","Unit 3111
Tub leak in guest bath
POC Brian","Upon arrival, senior maintenance personnel Brian told me that they been having a leak for a while. It was coming from the third floor bathroom pipe. On the first floor, I opened the hole around the pipe and tested for leaks. Maintenance run water, and I could see water running down the outside of the pipe. We got the ok to open the wall in the second floor bathroom room. First test found that the leak was not coming from the p trap to the tub/shower. Open a hole on the side, and eventually found a hole in the stack, from a screw. 

While making the repair, the upstairs tenant run the shower, even though maintenance told him not to. Once enough of the water stopped, finished the repair. Maintenance run water and found no leaks. Tape the top hole, but left the side hole open to air out. Maintenance is going to treat the wood tomorrow. Cleaned up second and first floor work area.

During cutting of abs pipe, my blade made a hole on the opposite side of drywall. Notify maintenance, and they were not concerned. It is a small repair.

Used: 
1 2inch band/shield
2 2inch abs couplings 
7 1/2 feet of 2inch abs","","-","-","08:04:27","8.07","02:00:00","2","00:42:29","0.7","","0","0","0","0","0","0","0","50","125","75","50","120","1000","880","0","1125","1125","","","","","MFH - Plumbing","","Brian","","","","","","Lowe's","Free","","Residential","Tier 1 - 8%","","","12632084","","brian.nielsen@livebh.com","","","Logen Uknavage","Referral","","","","","Oct 6, 2025, 1:27 PM","MFH,Commercial,BH Mgmt","Estates on Maryland","Estates on Maryland","Brian","Nielsen","-","-","-","-","-","-","-","-","-","-","-","-","-","-","-","-","-","-","-","-","-","-","-","-","-","-","-","-","-","-","-","-","-","-","-","-","-","-","-","-","-","-","-","-","-","-","-","-","-","-","-","-","-","-","-","-","-","-","-","-","-","-","-","-","-","-","-","-","-","-","-","-","-","-","-","-","-","-","-","-","Jul 20, 2026, 4:06 PM","Jul 21, 2026, 8:15 AM","16:09:30","-","Jul 21, 2026, 8:15 AM","Jul 21, 2026, 8:58 AM","00:42:28","-","Jul 21, 2026, 8:58 AM","Jul 21, 2026, 5:02 PM","08:04:28","-","-","-","-","-","-","-","-","-","-","-","-","-","Jul 21, 2026, 5:02 PM","-","-","172:16:37","-","-","-","-","-","-","-","-","-","-","-","-","-","-","-","-","-","-","-","-","-","-","-","-","-","-","-","-","-","-","-","-","-","-","-","-","-","-","-","-","-","-","-","-","-","-","-","-","-","-","-","-","-","-","-","-","-","-","-","-","-","-","-","-","-","-","-","-","-","-","-","-","-","-","-","-","-","-","-","-","-","-","-","-","-","-","-","-","-","-","-","-","-","-","-","-","-","-","-","-"
"27017","Jeremy Helm","","Jeremy Helm","jhelm34@aol.com","480-540-4382","Toilet :Lowes Simple Installs","1","Completed","Jul 22, 2026, 12:00 PM","Jul 22, 2026, 2:00 PM","07/22/2026","12:00:00","07/22/2026","14:00:00","Jul 20, 2026, 3:55 PM","2026","July 2026","Ashley Reed","2397 E SEquoia Dr, Chandler, AZ 85286","Chandler","AZ","85286","Main Address","Bryan Pickett","Lowes","Paid","209","0","0","209","","77714, 77740","","","77714, 77740","Lowes:Simple Installs, Lowes:Simple Installs","Simple installs -1- KOHLER Elliston White Elongated Chair height 12-in Rough-In WaterSense 1.28 GPF Soft Close 2-piece Toilet/ pick up from lowe's/ no cats/ 

4300 S. ARIZONA AVENUE,
Chandler, AZ 85248
Store: #2582
Phone: (480) 883-2200

Delivery Fee: PR32438605","Disconnected water supply line, removed old toilet and old wax ring. Installed new waxring and new toilet. Reconnected water supply line and tested by filling tank and flushing through bowl several times while checking for leaks and moisture. No visible water, customer tested and customer satisfied.

Pickup/Delivery charge 
Toilet Install","Lowes,Pick up from Lowes","-","-","","0","02:00:00","2","01:23:54","1.38","01:24:21","1.4","0","0","0","0","0","0","0","0","0","0","21","209","188","0","209","209","","413442515","","","Lowes - Simple Installs","","","","","","","","","","","","","","","17559467","480-540-4382","jhelm34@aol.com","null","","","IMS","","","PLUMB - GENERAL (NO SOFTENERS)","PLUMB - GENERAL (NO SOFTENERS)","Jul 18, 2026, 8:00 AM","","Jeremy Helm","","Jeremy","Helm","-","-","-","-","-","-","-","-","-","-","-","-","-","-","-","-","-","-","-","-","-","-","-","-","-","-","-","-","-","-","-","-","-","-","-","-","-","-","-","-","-","-","-","-","-","-","-","-","-","-","-","-","-","-","-","-","-","-","-","-","-","-","-","-","-","-","-","-","-","-","-","-","-","-","-","-","-","-","-","-","Jul 20, 2026, 3:55 PM","Jul 22, 2026, 11:23 AM","43:27:42","-","Jul 22, 2026, 11:23 AM","Jul 22, 2026, 12:47 PM","01:23:55","-","-","-","-","-","-","-","-","-","-","-","-","-","-","-","-","-","Jul 22, 2026, 12:47 PM","Jul 22, 2026, 2:26 PM","01:39:05","-","Jul 22, 2026, 2:26 PM","-","-","150:53:11","-","-","-","-","-","-","-","-","-","-","-","-","-","-","-","-","-","-","-","-","-","-","-","-","-","-","-","-","-","-","-","-","-","-","-","-","-","-","-","-","-","-","-","-","-","-","-","-","-","-","-","-","-","-","-","-","-","-","-","-","-","-","-","-","-","-","-","-","-","-","-","-","-","-","-","-","-","-","-","-","-","-","-","-","-","-","-","-","-","-","-","-","-","-","-","-"
"27015","505 West","Harbor Group Management Co., LLC","Jesus Maintenance supervisor","jpelayo@harborgroupmanagement.com","480-577-2649","Active Water Leak :Plumbing","Unit 1113-  Mystery leak","Canceled","Jul 21, 2026, 9:00 AM","Jul 21, 2026, 11:00 AM","07/21/2026","09:00:00","07/21/2026","11:00:00","Jul 20, 2026, 3:41 PM","2026","July 2026","Jess Gonzalez","505 West Baseline Road, Tempe, Arizona 85283","Tempe","Arizona","85283","Main Location","","","","0","0","0","0","","","","","","","Unit 1113
Mystery leak- wet spot in bedroom possibly from laundry room or tub
POC Jesus","","","-","-","","0","02:00:00","2","00:01:13","0.02","","0","0","0","0","0","0","0","0","0","0","0","0","0","0","0","0","0","","","","","MFH - Plumbing","Customer Resolved","jesus","","","","","","Lowe's","Free","","Residential","Tier 1 - 8%","","","15570187","480-577-2649","jpelayo@harborgroupmanagement.com","","","Logen Uknavage","","","","","Can't be on property after 6p. If we have to be, call Jesus to verify
Goodman condensers only for this property - R32 ONLY","Apr 2, 2026, 10:44 AM","Harbor","505 West","505 West","Jesus","Maintenance supervisor","-","-","-","-","-","-","-","-","-","-","-","-","-","-","-","-","-","-","-","-","-","-","-","-","-","-","-","-","-","-","-","-","-","-","-","-","-","-","-","-","-","-","-","-","-","-","-","-","-","-","-","-","-","-","-","-","-","-","-","-","-","-","-","-","-","-","-","-","-","-","-","-","-","-","-","-","-","-","-","-","Jul 20, 2026, 3:43 PM","Jul 20, 2026, 4:58 PM","01:15:06","-","Jul 20, 2026, 3:41 PM","Jul 20, 2026, 3:43 PM","00:01:13","-","-","-","-","-","-","-","-","-","-","-","-","-","-","-","-","-","-","-","-","-","-","-","-","-","Jul 20, 2026, 4:58 PM","-","-","196:21:06","-","-","-","-","-","-","-","-","-","-","-","-","-","-","-","-","-","-","-","-","-","-","-","-","-","-","-","-","-","-","-","-","-","-","-","-","-","-","-","-","-","-","-","-","-","-","-","-","-","-","-","-","-","-","-","-","-","-","-","-","-","-","-","-","-","-","-","-","-","-","-","-","-","-","-","-","-","-","-","-","-","-","-","-","-","-","-","-","-","-","-","-"
"27013","Keith Elson","","Keith Elson","trueplayoff@gmail.com","(480) 212-6586","Pool Equipment Repair","","Completed","Jul 23, 2026, 9:00 AM","Jul 23, 2026, 11:00 AM","07/23/2026","09:00:00","07/23/2026","11:00:00","Jul 20, 2026, 3:39 PM","2026","July 2026","Joey Reyes","3041 South Date, Mesa, Arizona 85210","Mesa","Arizona","85210","Main Location","Ian Campbell","Pools","Estimate","0","3255","0","0","","77805","77805","AZ Service:Pools","","","Keith is looking to have us out to provide a quote for a pump. He was quoted $3500 from aquaman and $2400 through pool supplied.
a Pentair in, tele flow, X-F V-S-S variable speed pump. I'm pretty sure it's a three horsepower pump.

Text him when en route. He is not home and would like to meet us when we come out. He also signed up for the cleaning services","Truthfully, there is nothing I can see that’s wrong with current pump.
Everything came on immediately with no signs of failure. 
Discussed with customer on site, sending replacement option in order to get ahead of any future issues with pump and potentially increase value of property with new pool equipment.

Emailed estimate, he will discuss with family and realtor.","","-","-","00:20:24","0.33","02:00:00","2","01:03:48","1.05","","0","2000","3000","1000","30.6","255","224.4","0","0","0","0","0","0","0","0","0","0","","","","","Pool Repair","","Keith","","","","","","Lowe's","Free","","Residential","Tier 1 - 8%","","","17588423","(480) 212-6586","trueplayoff@gmail.com","","","","Google Search","","","","","Jul 20, 2026, 3:32 PM","Pool Cleaning,Resi","Keith Elson","","Keith","Elson","-","-","-","-","-","-","-","-","-","-","-","-","-","-","-","-","-","-","-","-","-","-","-","-","-","-","-","-","-","-","-","-","-","-","-","-","-","-","-","-","-","-","-","-","-","-","-","-","-","-","-","-","-","-","-","-","-","-","-","-","-","-","-","-","-","-","-","-","-","-","-","-","-","-","-","-","-","-","-","-","Jul 20, 2026, 3:39 PM","Jul 23, 2026, 11:29 AM","67:50:15","-","Jul 23, 2026, 11:29 AM","Jul 23, 2026, 12:33 PM","01:03:48","-","Jul 23, 2026, 12:33 PM","Jul 23, 2026, 12:54 PM","00:20:25","-","-","-","-","-","-","-","-","-","-","-","-","-","Jul 23, 2026, 12:54 PM","Jul 24, 2026, 3:17 PM","26:23:09","-","Jul 24, 2026, 3:17 PM","-","-","102:02:12","-","-","-","-","-","-","-","-","-","-","-","-","-","-","-","-","-","-","-","-","-","-","-","-","-","-","-","-","-","-","-","-","-","-","-","-","-","-","-","-","-","-","-","-","-","-","-","-","-","-","-","-","-","-","-","-","-","-","-","-","-","-","-","-","-","-","-","-","-","-","-","-","-","-","-","-","-","-","-","-","-","-","-","-","-","-","-","-","-","-","-","-","-","-","-","-"
"27012","Philip Schanberger","","Philip Schanberger","jpschanberger@gmail.com","(602) 327-5314","Pool Inspection","pump down","Completed","Jul 22, 2026, 10:00 AM","Jul 22, 2026, 12:00 PM","07/22/2026","10:00:00","07/22/2026","12:00:00","Jul 20, 2026, 3:22 PM","2026","July 2026","Destinee Kastner","2493 East Del Rio Court, Gilbert, Arizona 85295","Gilbert","Arizona","85295","Main Location","Jasper Castaneda, Ian Campbell","Pools","Paid","890","890","0","890","","77736, 77912","77736","AZ Service:Pools","77912","AZ Service:Pools","","Needs new 2hp motor.
Estimate accepted on site, Ian can come out Friday at the latest for install.","Resi","-","-","00:06:16","0.1","02:00:00","2","","0","","0","450","720","270","20.4","170","149.6","470.48","720","249.52","450","20.4","170","149.6","0","890","890","","","","","PHX - Plumbing","","","","","","","","Lowe's","Free","","Residential","Tier 1 - 8%","","","17588370","(602) 327-5314","jpschanberger@gmail.com","","","","","","","","","Jul 20, 2026, 3:19 PM","","Philip Schanberger","","Philip","Schanberger","-","-","-","-","-","-","-","-","-","-","-","-","-","-","-","-","-","-","-","-","-","-","-","-","-","-","-","-","-","-","-","-","-","-","-","-","-","-","-","-","-","-","-","-","-","-","-","-","-","-","-","-","-","-","-","-","-","-","-","-","-","-","-","-","-","-","-","-","-","-","-","-","-","-","-","-","-","-","-","-","Jul 20, 2026, 3:22 PM","Jul 22, 2026, 2:12 PM","46:50:33","-","-","-","-","-","Jul 22, 2026, 2:12 PM","Jul 22, 2026, 2:18 PM","00:06:17","-","Jul 23, 2026, 1:14 PM","Jul 24, 2026, 3:07 PM","25:53:25","-","-","-","-","-","-","-","-","-","Jul 22, 2026, 2:18 PM","Jul 22, 2026, 4:16 PM","01:57:48","-","Jul 24, 2026, 3:07 PM","-","-","102:11:32","-","-","-","-","-","-","-","-","-","-","-","-","-","-","-","-","-","-","-","-","-","-","-","-","-","-","-","-","-","-","-","-","-","-","-","-","-","-","-","-","-","-","-","-","-","-","-","-","-","-","-","-","-","-","-","-","-","-","-","-","-","-","-","-","-","-","-","-","-","-","-","-","-","-","-","-","-","-","-","-","-","-","-","-","-","-","-","-","-","-","-","-","-","-","-","-"
"27011","Kevin Kennedy","","Kevin Kennedy","geoduck253@gmail.com","(360) 339-2008","Water Heater Install :Lowes Water Heaters","","Completed","Jul 22, 2026, 8:00 AM","Jul 22, 2026, 10:00 AM","07/22/2026","08:00:00","07/22/2026","10:00:00","Jul 20, 2026, 3:12 PM","2026","July 2026","Gina Neisius","2339 E Calle Madrid, Fort Mohave, AZ 86426","Fort Mohave","AZ","86426","Main Address","AtoZ Remodel LLC Ken (Contractor)","Lowes","Paid","1763.75","2075","0","1763.75","","77547, 77704","77547","Lowes","77704","Lowes","#962540
Order #300902202264573407

Model Number # #G6N-T5040NVR

Lowes Store Address:1680 HIGHWAY 95
Bullhead City, AZ 86442


Notes and Details (Addon bundles, other details):","","Pick up from Lowes,Lowes","-","-","","0","02:00:00","2","","0","","0","688","936","248","240","1139","899","658","936","278","658","300","827.75","527.75","0","1763.75","1763.75","","41423402","garage","","Lowes - Water Heaters","","","","","","","","Lowe's","Free","","Residential","Tier 1 - 8%","","","17586957","(360) 339-2008","geoduck253@gmail.com","","","Gina Neisius","IME","New Prospect","","ESTIMATE_APPOINTMENT | APPOINTMENT_SET","ESTIMATE_APPOINTMENT | APPOINTMENT_SET","Jul 20, 2026, 12:20 PM","","Kevin Kennedy","","Kevin","Kennedy","-","-","-","-","-","-","-","-","-","-","-","-","-","-","-","-","-","-","-","-","-","-","-","-","-","-","-","-","-","-","-","-","-","-","-","-","-","-","-","-","-","-","-","-","-","-","-","-","Jul 20, 2026, 3:12 PM","Jul 22, 2026, 9:51 AM","42:39:09","-","-","-","-","-","-","-","-","-","-","-","-","-","-","-","-","-","Jul 22, 2026, 9:51 AM","Jul 22, 2026, 10:07 AM","00:15:56","-","Jul 22, 2026, 10:07 AM","-","-","155:11:39","-","-","-","-","-","-","-","-","-","-","-","-","-","-","-","-","-","-","-","-","-","-","-","-","-","-","-","-","-","-","-","-","-","-","-","-","-","-","-","-","-","-","-","-","-","-","-","-","-","-","-","-","-","-","-","-","-","-","-","-","-","-","-","-","-","-","-","-","-","-","-","-","-","-","-","-","-","-","-","-","-","-","-","-","-","-","-","-","-","-","-","-","-","-","-","-","-","-","-","-","-","-","-","-","-","-","-","-","-","-","-","-","-","-","-","-","-","-","-","-","-","-","-","-","-","-","-","-","-","-","-","-"
"27010","Marcos De Niza c/o Dunlap & MaGee","","Contact","brad@dunlap-sites.com","602-859-2293","Clogged Drain :Plumbing","Unit 747- Tub back up","Completed","Jul 20, 2026, 4:00 PM","Jul 20, 2026, 6:00 PM","07/20/2026","16:00:00","07/20/2026","18:00:00","Jul 20, 2026, 2:45 PM","2026","July 2026","Jess Gonzalez","305 West Pima Street, Phoenix, AZ 85003","Phoenix","AZ","85003","Main Location","Brodyn Janshen","MFH - Plumbing","Sent","238","0","0","0","","77728","","","77728","AZ Service:MFH","Unit 747
Tub back up
POC Brad","Arrived on site called Brad the POC to let him know I was here and about to start the work once I found the unit I went inside and ran water in the tub which was draining. I ran water in the sink in the bathroom and it was draining slow and then plugged up. I removed the p trap and drained the water in the line and put my cable down and at about 15 to 20 feet I felt a blockage but was able to push through, when I pulled it back there was some hair on it. I put the p trap back together and ran water for about 15 min to ensure it was draining properly and it was, I then cleaned my mess and let Brad know the work was finished and that the sink is draining properly at this time.","","-","-","00:29:48","0.48","02:00:00","2","00:37:34","0.62","","0","0","0","0","0","0","0","0","-1","-1","0","28.68","239","210.32","0","238","238","","","","","MFH - Plumbing","","Brad","","","","","","Lowe's","Free","","Residential","Tier 1 - 8%","","","6747384","602-859-2293","brad@dunlap-sites.com","(602) 254-6663","asstmanager@marcosdeniza.org","Logen Uknavage","Cushman & Wakefield","","","","","Apr 25, 2024, 5:54 PM","MFH,Commercial","Marcos De Niza c/o Dunlap & MaGee","Marcos De Niza c/o Dunlap & MaGee","Brad","","-","-","-","-","-","-","-","-","-","-","-","-","-","-","-","-","-","-","-","-","-","-","-","-","-","-","-","-","-","-","-","-","-","-","-","-","-","-","-","-","-","-","-","-","-","-","-","-","-","-","-","-","-","-","-","-","-","-","-","-","-","-","-","-","-","-","-","-","-","-","-","-","-","-","-","-","-","-","-","-","Jul 20, 2026, 2:45 PM","Jul 20, 2026, 4:49 PM","02:03:32","-","Jul 20, 2026, 4:49 PM","Jul 20, 2026, 5:26 PM","00:37:34","-","Jul 20, 2026, 5:26 PM","Jul 20, 2026, 5:56 PM","00:29:48","-","-","-","-","-","-","-","-","-","-","-","-","-","Jul 20, 2026, 5:56 PM","Jul 22, 2026, 12:09 PM","42:12:57","-","Jul 22, 2026, 12:09 PM","-","-","153:09:43","-","-","-","-","-","-","-","-","-","-","-","-","-","-","-","-","-","-","-","-","-","-","-","-","-","-","-","-","-","-","-","-","-","-","-","-","-","-","-","-","-","-","-","-","-","-","-","-","-","-","-","-","-","-","-","-","-","-","-","-","-","-","-","-","-","-","-","-","-","-","-","-","-","-","-","-","-","-","-","-","-","-","-","-","-","-","-","-","-","-","-","-","-","-","-","-"
"27008","ron hood","","ron hood","noemailpmoc@lowes.com","303-690-8099","Toilet/ Garbage disposal :Lowes Simple Installs","1/1","Completed","Jul 24, 2026, 8:00 AM","Jul 24, 2026, 11:00 AM","07/24/2026","08:00:00","07/24/2026","11:00:00","Jul 20, 2026, 2:28 PM","2026","July 2026","Ashley Reed","7630 W Edgestone St, Tucson, AZ 85735","Tucson","AZ","85735","Main Address","Mathew Hodges","Lowes","Paid","361","25","0","361","","77713, 77867, 77877, 77890","77867","Lowes:Simple Installs","77713, 77877, 77890","Lowes:Simple Installs, Lowes:Simple Installs, Lowes:Simple Installs","Simple installs -2 items- Project Source White Elongated Tall height 12-in Rough-In WaterSense 1.28 GPF Soft Close 2-piece Toilet
Moen Prep Under Sink Food Disposer, Continuous feed 1/2-HP Septic Safe Corded Garbage Disposal
Customer also stated they ordered a double wax ring so make sure you ask them for that 
Order# 201791197261930252

1800 WEST VALENCIA ROAD,
Tucson, AZ 85746
Store: #1791
Phone: (520) 741-2400

Delivery fee: PR32452291","Came out to customers house to install garbage disposal and toilet started with toilet inside guest bathroom remove the old toilet and waxing and bolts put in new waxing and bolts and set the toilet turned water back on had to replace the supply line 1st before turning the water on because the supply line was too short have to charge the customer in $25 to replace supply line going to be collecting that before leaving turned water onto the toilet to make sure there’s no leaks. There’s no leaks at this time caulked in the toilet, then went to the kitchen to install garbage disposal, tested everything to make sure there was no leaks. There’s no leaks at this time. Garbage disposal is now functional. Customer is happy with the work.","Lowes,Pick up from Lowes","-","-","02:05:54","2.08","03:00:00","3","00:30:24","0.5","","0","7.5","25","17.5","0","0","0","7.5","25","17.5","7.5","34","336","302","0","361","361","","413354143","","","Lowes - Simple Installs","","","","","","","","","","","","","","","17529961","303-690-8099","noemailpmoc@lowes.com","null","","","IMS","","","PLUMB - GENERAL (NO SOFTENERS)","PLUMB - GENERAL (NO SOFTENERS)","Jul 17, 2026, 8:00 AM","","ron hood","","ron","hood","-","-","-","-","-","-","-","-","-","-","-","-","-","-","-","-","-","-","-","-","-","-","-","-","-","-","-","-","-","-","-","-","-","-","-","-","-","-","-","-","-","-","-","-","-","-","-","-","Jul 20, 2026, 2:28 PM","Jul 24, 2026, 8:35 AM","90:07:09","-","Jul 24, 2026, 8:35 AM","Jul 24, 2026, 8:56 AM","00:21:21","-","Jul 24, 2026, 8:56 AM","Jul 24, 2026, 9:26 AM","00:30:25","-","Jul 24, 2026, 9:26 AM","Jul 24, 2026, 11:32 AM","02:05:53","-","-","-","-","-","Jul 24, 2026, 11:32 AM","Jul 24, 2026, 12:17 PM","00:44:28","-","Jul 24, 2026, 12:17 PM","-","-","105:02:05","-","-","-","-","-","-","-","-","-","-","-","-","-","-","-","-","-","-","-","-","-","-","-","-","-","-","-","-","-","-","-","-","-","-","-","-","-","-","-","-","-","-","-","-","-","-","-","-","-","-","-","-","-","-","-","-","-","-","-","-","-","-","-","-","-","-","-","-","-","-","-","-","-","-","-","-","-","-","-","-","-","-","-","-","-","-","-","-","-","-","-","-","-","-","-","-","-","-","-","-","-","-","-","-","-","-","-","-","-","-","-","-","-","-","-","-","-","-","-","-","-","-","-","-","-","-","-","-","-","-","-","-"
"27007","Julie Ann Butler","","Julie Ann Butler","","928-322-6948","Water Heater :Plumbing","pilot not staying on","Canceled","Jul 23, 2026, 2:00 PM","Jul 23, 2026, 4:00 PM","07/23/2026","14:00:00","07/23/2026","16:00:00","Jul 20, 2026, 2:27 PM","2026","July 2026","Beatriz Garcia","407 West 16th Street, Safford, Arizona 85546","Safford","Arizona","85546","Main Location","","","","0","0","0","0","","","","","","","Reason for call?pilot not staying on

Who will be present to meet the technician? Julie

Do you currently have a tank or tankless water heater? Tank

Is it currently working? If not, what is wrong? Yes/no

Is there anything else you would like technician to look at while they are there? No

How did you hear about NexLvl Services? Friend

CC on file 
Quoted $79 svc fee","","Resi,Gila Valley","-","-","","0","02:00:00","2","","0","","0","0","0","0","0","0","0","0","0","0","0","0","0","0","0","0","0","","","","","Gila Valley - Plumbing","Customer Resolved","Brad Bastian","","","","","","Lowe's","Free","","Residential","Tier 1 - 8%","","","17588057","928-322-6948","","","","","Word of Mouth","","","","","Jul 20, 2026, 2:23 PM","Gila Valley,Resi","Julie Ann Butler","","Julie Ann","Butler","-","-","-","-","-","-","-","-","-","-","-","-","-","-","-","-","-","-","-","-","-","-","-","-","-","-","-","-","-","-","-","-","-","-","-","-","-","-","-","-","-","-","-","-","-","-","-","-","-","-","-","-","-","-","-","-","-","-","-","-","-","-","-","-","-","-","-","-","-","-","-","-","-","-","-","-","-","-","-","-","Jul 20, 2026, 2:27 PM","Jul 22, 2026, 9:00 AM","42:33:25","-","-","-","-","-","-","-","-","-","-","-","-","-","-","-","-","-","-","-","-","-","-","-","-","-","-","-","-","-","Jul 22, 2026, 9:00 AM","-","-","156:18:41","-","-","-","-","-","-","-","-","-","-","-","-","-","-","-","-","-","-","-","-","-","-","-","-","-","-","-","-","-","-","-","-","-","-","-","-","-","-","-","-","-","-","-","-","-","-","-","-","-","-","-","-","-","-","-","-","-","-","-","-","-","-","-","-","-","-","-","-","-","-","-","-","-","-","-","-","-","-","-","-","-","-","-","-","-","-","-","-","-","-","-","-"
"27006","Venue on Camelback","BH Management Services LLC","Andres Marquez","andres.marquez@livebh.com","(480) 340-2646","Fan Coil","Unit 049- Fan coil no cool","Completed","Jul 20, 2026, 6:00 PM","Jul 20, 2026, 8:00 PM","07/20/2026","18:00:00","07/20/2026","20:00:00","Jul 20, 2026, 2:22 PM","2026","July 2026","Jess Gonzalez","1930 East Camelback Road, Phoenix, Arizona 85016","Phoenix","Arizona","85016","Main Location","Hunter Howell","MFH - Plumbing","","0","0","0","0","","","","","","","Unit 049
No cool- unit leaking - Per Andres if repairable make repair if not gather specs for estimate to replace
POC Andres","Est 
It's a retro fit and the same size as the last retro fit and pump replacement 
Includes:
Turn off power and water supply to the fan coil.
Remove existing blower motor.
Remove and replace the existing fan coil.
Install new blower motor.
Restore water service and perform a leak test.
Restore power to the system.
Test for proper operation.
Clean up the work area.
Excludes:
Work beyond listed scope.
Water damage.
Drywall, texture, and paint.
Electrical upgrades or repairs beyond the fan coil connection.","","-","-","00:20:19","0.33","02:00:00","2","","0","","0","0","0","0","0","0","0","0","0","0","0","0","0","0","0","0","0","","","","","MFH - Plumbing","","Andres","","","","","","Lowe's","Free","","Residential","Tier 1 - 8%","","","12805541","(480) 340-2646","andres.marquez@livebh.com","","","Logen Uknavage","","","","","","Oct 16, 2025, 3:10 PM","Commercial,MFH,BH Mgmt","Venue on Camelback","Venue on Camelback","Andres","Marquez","-","-","-","-","-","-","-","-","-","-","-","-","-","-","-","-","-","-","-","-","-","-","-","-","-","-","-","-","-","-","-","-","-","-","-","-","-","-","-","-","-","-","-","-","-","-","-","-","-","-","-","-","-","-","-","-","-","-","-","-","-","-","-","-","-","-","-","-","-","-","-","-","-","-","-","-","-","-","-","-","Jul 20, 2026, 2:22 PM","Jul 20, 2026, 5:13 PM","02:51:20","-","-","-","-","-","Jul 20, 2026, 5:13 PM","Jul 20, 2026, 5:34 PM","00:20:19","-","-","-","-","-","-","-","-","-","-","-","-","-","Jul 20, 2026, 5:34 PM","Jul 22, 2026, 1:46 PM","44:12:05","-","Jul 22, 2026, 1:46 PM","-","-","151:33:05","-","-","-","-","-","-","-","-","-","-","-","-","-","-","-","-","-","-","-","-","-","-","-","-","-","-","-","-","-","-","-","-","-","-","-","-","-","-","-","-","-","-","-","-","-","-","-","-","-","-","-","-","-","-","-","-","-","-","-","-","-","-","-","-","-","-","-","-","-","-","-","-","-","-","-","-","-","-","-","-","-","-","-","-","-","-","-","-","-","-","-","-","-","-","-","-"
"27005","505 West","Harbor Group Management Co., LLC","Jesus Maintenance supervisor","jpelayo@harborgroupmanagement.com","480-577-2649","No Cool :HVAC","2114- No cool","Completed","Jul 20, 2026, 8:00 PM","Jul 20, 2026, 10:00 PM","07/20/2026","20:00:00","07/20/2026","22:00:00","Jul 20, 2026, 2:20 PM","2026","July 2026","Jess Gonzalez","505 West Baseline Road, Tempe, Arizona 85283","Tempe","Arizona","85283","Main Location","Chuy Torres, Jacob Martinez","MFH - HVAC","","0","0","0","0","","","","","","","Unit 2114
Compressor making weird noise (Warrantied compressor replaced 7/01)
POC Jesus","Service Note – Unit 2114
​Observation: Responded to a no-cool call. System pressures initially indicated a low refrigerant charge. Had no access to the indoor unit tonight.
​Action Taken: Added approximately 8 oz of refrigerant. The unit began cooling, but was observed possibly short-cycling.
​Next Steps: Scheduled to return tomorrow with Jesus to access the indoor unit, pump down the system, and inspect the piston for a restriction.","Recall","-","-","01:01:08","1.02","02:00:00","2","00:30:20","0.5","","0","0","0","0","0","0","0","0","0","0","0","0","0","0","0","0","0","","","","","PHX - Plumbing","","","","","","","","Lowe's","Free","","Residential","Tier 1 - 8%","","","15570187","480-577-2649","jpelayo@harborgroupmanagement.com","","","Logen Uknavage","","","","","Can't be on property after 6p. If we have to be, call Jesus to verify
Goodman condensers only for this property - R32 ONLY","Apr 2, 2026, 10:44 AM","Harbor","505 West","505 West","Jesus","Maintenance supervisor","-","-","-","-","-","-","-","-","-","-","-","-","-","-","-","-","-","-","-","-","-","-","-","-","-","-","-","-","-","-","-","-","-","-","-","-","-","-","-","-","-","-","-","-","-","-","-","-","-","-","-","-","-","-","-","-","-","-","-","-","-","-","-","-","-","-","-","-","-","-","-","-","-","-","-","-","-","-","-","-","Jul 20, 2026, 2:20 PM","Jul 20, 2026, 6:25 PM","04:05:37","-","Jul 20, 2026, 6:25 PM","Jul 20, 2026, 6:56 PM","00:30:20","-","Jul 20, 2026, 6:56 PM","Jul 20, 2026, 7:57 PM","01:01:09","-","Jul 20, 2026, 7:57 PM","Jul 22, 2026, 12:02 PM","40:05:19","-","-","-","-","-","-","-","-","-","-","-","-","-","Jul 22, 2026, 12:02 PM","-","-","153:16:46","-","-","-","-","-","-","-","-","-","-","-","-","-","-","-","-","-","-","-","-","-","-","-","-","-","-","-","-","-","-","-","-","-","-","-","-","-","-","-","-","-","-","-","-","-","-","-","-","-","-","-","-","-","-","-","-","-","-","-","-","-","-","-","-","-","-","-","-","-","-","-","-","-","-","-","-","-","-","-","-","-","-","-","-","-","-","-","-","-","-","-","-","-","-","-","-"
"27004","James Behlers","","James Behlers","bjbehlers@gmail.com","712-490-8339","Toilet :Lowes Simple Installs","1","Completed","Jul 23, 2026, 9:00 AM","Jul 23, 2026, 11:00 AM","07/23/2026","09:00:00","07/23/2026","11:00:00","Jul 20, 2026, 2:13 PM","2026","July 2026","Ashley Reed","12837 W CLARENDON AVE, AVONDALE, AZ 85392","AVONDALE","AZ","85392","Main Address","Bryan Pickett","Lowes","Paid","209","0","0","209","","77820","","","77820","Lowes:Simple Installs","Simple installs -1- American Standard Champion White Elongated Chair height 12-in Rough-In 1.6 GPF Soft Close 2-piece Toilet/ Pick up from lowe's/ this is for James brother Bob

13191 W MCDOWELL RD,
Goodyear, AZ 85338
Store: #1553
Phone: (623) 935-9157","Disconnected water supply line, removed old toilet and old wax ring. Installed new waxring and new toilet. Reconnected water supply line and tested by filling tank and flushing through bowl several times while checking for leaks and moisture. No visible water, customer tested and customer satisfied.

Pickup/Delivery charge 
Toilet Install","Lowes,Pick up from Lowes","-","-","00:27:57","0.45","02:00:00","2","00:42:19","0.7","03:58:16","3.97","0","0","0","0","0","0","0","0","0","0","21","209","188","0","209","209","","413358065","","","Lowes - Simple Installs","","","","","","","","","","","","","","","17529959","712-490-8339","bjbehlers@gmail.com","null","","","IMS","","","PLUMB - ONLINE ONLY","PLUMB - ONLINE ONLY","Jul 17, 2026, 8:00 AM","","James Behlers","","James","Behlers","-","-","-","-","-","-","-","-","-","-","-","-","-","-","-","-","-","-","-","-","-","-","-","-","-","-","-","-","-","-","-","-","-","-","-","-","-","-","-","-","-","-","-","-","-","-","-","-","Jul 20, 2026, 2:13 PM","Jul 23, 2026, 8:53 AM","66:39:13","-","-","-","-","-","Jul 23, 2026, 8:53 AM","Jul 23, 2026, 9:35 AM","00:42:18","-","Jul 23, 2026, 9:35 AM","Jul 23, 2026, 10:03 AM","00:27:57","-","-","-","-","-","Jul 23, 2026, 10:03 AM","Jul 23, 2026, 2:26 PM","04:22:57","-","Jul 23, 2026, 2:26 PM","-","-","126:53:03","-","-","-","-","-","-","-","-","-","-","-","-","-","-","-","-","-","-","-","-","-","-","-","-","-","-","-","-","-","-","-","-","-","-","-","-","-","-","-","-","-","-","-","-","-","-","-","-","-","-","-","-","-","-","-","-","-","-","-","-","-","-","-","-","-","-","-","-","-","-","-","-","-","-","-","-","-","-","-","-","-","-","-","-","-","-","-","-","-","-","-","-","-","-","-","-","-","-","-","-","-","-","-","-","-","-","-","-","-","-","-","-","-","-","-","-","-","-","-","-","-","-","-","-","-","-","-","-","-","-","-","-"
"27003","Heritage district","AIR Communities","Contact","susan.kucherer@aircommunities.com","(480) 217-6717","Clogged Drain :Plumbing","Pool pump rooms- floor drain back up","Completed","Jul 20, 2026, 2:00 PM","Jul 20, 2026, 4:00 PM","07/20/2026","14:00:00","07/20/2026","16:00:00","Jul 20, 2026, 2:06 PM","2026","July 2026","Jess Gonzalez","275 West Juniper Avenue, Gilbert, Arizona 85233","Gilbert","Arizona","85233","Main Location","Brodyn Janshen","MFH - Plumbing","","0","0","0","0","","","","","","","Pool pump rooms
Floor drain backing up
POC Mike","Arrived on site I meant Maintenance at the front who had me follow him to the back pool. I ran my cable down the floor drain of the pool room. The entire length of cable could not clear. I went outside and looked for a clean out and finally found one I opened the clean out and ran the cable at about 25 to 30 feet. I’m hitting a blockage that’s not letting my cable even turn. It’s just kinking the line and holding my drum and not letting it move. I went to the front pool in the front pool had to clean out in between two floor drains. I ran my cable down there at about 25 to 30 feet. I pulled back a plastic Ziploc bag and then I ran my cable again and the drain is draining slow but when you do the backwash for the pool, the overload of water makes it to where it overflows and doesn’t drain fast enough. I told Maintenance that will have to come out in Camera both lines as and possibly jetter there’s probably a water bottle or some type of debris that my cable cannot break up the pool by the office is draining slow at this time. The pool in the back is still not draining at this time. Maintenance was cool with getting a camera out here to see what’s going on.","","-","-","01:55:25","1.92","02:00:00","2","00:06:43","0.1","","0","0","0","0","0","0","0","0","0","0","0","0","0","0","0","0","0","","","","","MFH - Plumbing","","Mike","","","","","","Lowe's","Free","","Residential","Tier 1 - 8%","","","16169568","(480) 217-6717","susan.kucherer@aircommunities.com","","","Logen Uknavage","Referral","","","","","Apr 30, 2026, 4:10 PM","Coupa","Heritage district","Heritage district","","","-","-","-","-","-","-","-","-","-","-","-","-","-","-","-","-","-","-","-","-","-","-","-","-","-","-","-","-","-","-","-","-","-","-","-","-","-","-","-","-","-","-","-","-","-","-","-","-","-","-","-","-","-","-","-","-","-","-","-","-","-","-","-","-","-","-","-","-","-","-","-","-","-","-","-","-","-","-","-","-","Jul 20, 2026, 2:06 PM","Jul 20, 2026, 2:39 PM","00:32:52","-","Jul 20, 2026, 2:39 PM","Jul 20, 2026, 2:46 PM","00:06:43","-","Jul 20, 2026, 2:46 PM","Jul 20, 2026, 4:41 PM","01:55:25","-","-","-","-","-","Jul 20, 2026, 4:41 PM","Jul 21, 2026, 10:50 AM","18:08:43","-","-","-","-","-","Jul 21, 2026, 10:50 AM","Jul 22, 2026, 4:24 PM","29:33:49","-","Jul 22, 2026, 4:24 PM","-","-","148:55:13","-","-","-","-","-","-","-","-","-","-","-","-","-","-","-","-","-","-","-","-","-","-","-","-","-","-","-","-","-","-","-","-","-","-","-","-","-","-","-","-","-","-","-","-","-","-","-","-","-","-","-","-","-","-","-","-","-","-","-","-","-","-","-","-","-","-","-","-","-","-","-","-","-","-","-","-","-","-","-","-","-","-","-","-","-","-","-","-","-","-","-","-","-","-","-","-"
"27002","Brian Brewer","","Brian Brewer","bhbrewer823@gmail.com","(928) 296-0861","Septic Inspection  :Plumbing","Septic Pump & Inspection","Completed","Jul 21, 2026, 8:00 AM","Jul 21, 2026, 1:00 PM","07/21/2026","08:00:00","07/21/2026","13:00:00","Jul 20, 2026, 1:39 PM","2026","July 2026","Beatriz Garcia","1356 West Ribeye Road, Safford, Arizona 85546","Safford","Arizona","85546","1356 West Ribeye Road","Jaxon Bryant","Gila Valley","Paid","592.25","592.25","0","592.25","","77659, 77661","77659","AZ Service:Gila Valley","77661","AZ Service:Gila Valley","GET CREDIT CARD ON FILE (REQUIRED FOR US TO GO ON SITE)

Reason for call? septic Pumping & inspection

When is the close date? 08/11/2026

Do you know where the lid is? Brian will confirm

Is it uncovered? If not, are the lids able to be accessed with a tractor? No

When was the last time the tank was pumped? 8/21/25

When was your home built? 2009

What is the Parcel Number? 10715050

Who will be present to meet the technician? Stephanie Brewer

Who is the Title Company? Pioneer Title

What is the email and phone number of the Title Company contact? 925-428-0180 lindsey.wilson@pioneertitleagency.com

Who needs the inspection and invoice emailed to them? And what is their email? Title - lindsey.wilson@pioneertitleagency.com

How did you hear about NexLvl Services? Existing

Brian will call back with cc info. 

Also will confirm if he knows where lids are located and if they are uncovered.","raenacarter.re@gmail.com

1356 W Ribeye Rd","Resi,Gila Valley,Tractor Needed","-","-","02:15:55","2.25","05:00:00","5","00:09:05","0.15","","0","0","0","0","195","592.25","397.25","0","0","0","0","195","592.25","397.25","0","592.25","592.25","","","","","Gila Valley - Septic","","Raena Carter","","","","","","Lowe's","Free","","Residential","Tier 1 - 8%","","","8164708","(928) 296-0861","bhbrewer823@gmail.com","","","","HVAC","","","","","Oct 31, 2024, 10:00 PM","","Brian Brewer","","Brian","Brewer","-","-","-","-","-","-","-","-","-","-","-","-","-","-","-","-","-","-","-","-","-","-","-","-","-","-","-","-","-","-","-","-","-","-","-","-","-","-","-","-","-","-","-","-","-","-","-","-","-","-","-","-","-","-","-","-","-","-","-","-","-","-","-","-","-","-","-","-","-","-","-","-","-","-","-","-","-","-","-","-","Jul 20, 2026, 1:39 PM","Jul 21, 2026, 9:26 AM","19:47:09","-","Jul 21, 2026, 9:26 AM","Jul 21, 2026, 9:35 AM","00:09:05","-","Jul 21, 2026, 9:35 AM","Jul 21, 2026, 11:51 AM","02:15:56","-","-","-","-","-","-","-","-","-","-","-","-","-","Jul 21, 2026, 11:51 AM","Jul 21, 2026, 3:59 PM","04:07:40","-","Jul 21, 2026, 3:59 PM","-","-","173:19:52","-","-","-","-","-","-","-","-","-","-","-","-","-","-","-","-","-","-","-","-","-","-","-","-","-","-","-","-","-","-","-","-","-","-","-","-","-","-","-","-","-","-","-","-","-","-","-","-","-","-","-","-","-","-","-","-","-","-","-","-","-","-","-","-","-","-","-","-","-","-","-","-","-","-","-","-","-","-","-","-","-","-","-","-","-","-","-","-","-","-","-","-","-","-","-","-"
"27001","Tom Leard","","Tom Leard","tomflyer12@hotmail.com","(480) 488-0192","Water Heater Install :Lowes Water Heaters","","Completed","Jul 24, 2026, 8:00 AM","Jul 24, 2026, 10:00 AM","07/24/2026","08:00:00","07/24/2026","10:00:00","Jul 20, 2026, 1:27 PM","2026","July 2026","Gina Neisius","36832 N. Romping RD., Carefree, AZ 85377","Carefree","AZ","85377","Main Address","Matt Schlosser","Lowes","Invoiced","1683","1980","1683","0","","77528, 77887","77528","Lowes","77887","Lowes","#962543
12p-4p

Order #300902204264776201

Lowes Store Address: 16285 NORTH SCOTTSDALE RD, Scottsdale, AZ, 85254

Notes and Details (Addon bundles, other details):","Scope of Work Performed**

* Removed two existing supply lines
* Removed one existing shut off valve 
* Disconnected the ventilation and gas line
* Cut the T&P line
* Drained water heater and removed unit from the house

**Installation & Reconnection**

* Installed two new water supply lines
* Installed one new shut off valve 
* Installed 24-inch drain pan
* Re-ran T&P discharge line into the wall outlet
* Connected ventilation and gas line
* Filled water heater

**Testing & Closeout**

* Checked system for proper operation
* Registered the new water heater
* All documentation signed and payment collected","Pick up from Lowes,Lowes","-","-","02:41:37","2.68","02:00:00","2","00:21:31","0.35","","0","769","1025","256","240","955","715","769","1025","256","769","240","658","418","0","1683","1683","","41422127","in utility closet","","Lowes - Water Heaters","","","","","","","","Lowe's","Free","","Residential","Tier 1 - 8%","","","17585380","(480) 488-0192","tomflyer12@hotmail.com","","","Gina Neisius","IME","New Prospect","","ESTIMATE_APPOINTMENT | APPOINTMENT_SET","ESTIMATE_APPOINTMENT | APPOINTMENT_SET","Jul 20, 2026, 10:29 AM","","Tom Leard","","Tom","Leard","-","-","-","-","-","-","-","-","-","-","-","-","-","-","-","-","-","-","-","-","-","-","-","-","-","-","-","-","-","-","-","-","-","-","-","-","-","-","-","-","-","-","-","-","-","-","-","-","Jul 20, 2026, 1:27 PM","Jul 24, 2026, 7:29 AM","90:02:27","-","Jul 24, 2026, 7:29 AM","Jul 24, 2026, 8:36 AM","01:06:24","-","Jul 24, 2026, 8:36 AM","Jul 24, 2026, 8:57 AM","00:21:31","-","Jul 24, 2026, 8:57 AM","Jul 24, 2026, 11:39 AM","02:41:37","-","-","-","-","-","Jul 24, 2026, 11:39 AM","Jul 24, 2026, 12:05 PM","00:25:39","-","Jul 24, 2026, 12:05 PM","-","-","105:14:14","-","-","-","-","-","-","-","-","-","-","-","-","-","-","-","-","-","-","-","-","-","-","-","-","-","-","-","-","-","-","-","-","-","-","-","-","-","-","-","-","-","-","-","-","-","-","-","-","-","-","-","-","-","-","-","-","-","-","-","-","-","-","-","-","-","-","-","-","-","-","-","-","-","-","-","-","-","-","-","-","-","-","-","-","-","-","-","-","-","-","-","-","-","-","-","-","-","-","-","-","-","-","-","-","-","-","-","-","-","-","-","-","-","-","-","-","-","-","-","-","-","-","-","-","-","-","-","-","-","-","-","-"
"27000","Mariusz Lojek","","Mariusz Lojek","mwlojek@gmail.com","(708) 263-7669","Pool Equipment Repair","Pool pump no power","Completed","Jul 22, 2026, 12:00 PM","Jul 22, 2026, 2:00 PM","07/22/2026","12:00:00","07/22/2026","14:00:00","Jul 20, 2026, 1:20 PM","2026","July 2026","Beatriz Garcia","2018 E Balboa dr, Tempe, az 85282","Tempe","az","85282","Main Location","Ian Campbell","Pools","","0","0","0","0","","","","","","","Pool cleaner notes: Pool system down not getting any power to the pump. Send repair tech to check it out.","Pump is from the 70’s, remarkable it’s lasted this long.
It’s dead, needs full pump replacement.

Estimate sent for new Pentair SuperFlo 1.5hp VSP.","Resi","-","-","00:21:51","0.35","02:00:00","2","00:28:25","0.47","","0","0","0","0","0","0","0","0","0","0","0","0","0","0","0","0","0","","","","","Pool Repair","","Mariusz Lojek","","","","","","Lowe's","","","","","","","11103230","(708) 263-7669","mwlojek@gmail.com","","","Travis Germain","Google Search","1st Attempt","","","","Jun 18, 2025, 10:26 AM","Pools","Mariusz Lojek","","Mariusz","Lojek","-","-","-","-","-","-","-","-","-","-","-","-","-","-","-","-","-","-","-","-","-","-","-","-","-","-","-","-","-","-","-","-","-","-","-","-","-","-","-","-","-","-","-","-","-","-","-","-","-","-","-","-","-","-","-","-","-","-","-","-","-","-","-","-","-","-","-","-","-","-","-","-","-","-","-","-","-","-","-","-","Jul 20, 2026, 1:20 PM","Jul 22, 2026, 2:21 PM","49:01:39","-","Jul 22, 2026, 2:21 PM","Jul 22, 2026, 2:50 PM","00:28:25","-","Jul 22, 2026, 2:50 PM","Jul 22, 2026, 3:12 PM","00:21:51","-","-","-","-","-","-","-","-","-","-","-","-","-","Jul 22, 2026, 3:12 PM","Jul 22, 2026, 4:16 PM","01:04:49","-","Jul 22, 2026, 4:16 PM","-","-","149:02:22","-","-","-","-","-","-","-","-","-","-","-","-","-","-","-","-","-","-","-","-","-","-","-","-","-","-","-","-","-","-","-","-","-","-","-","-","-","-","-","-","-","-","-","-","-","-","-","-","-","-","-","-","-","-","-","-","-","-","-","-","-","-","-","-","-","-","-","-","-","-","-","-","-","-","-","-","-","-","-","-","-","-","-","-","-","-","-","-","-","-","-","-","-","-","-","-"
"26998","Richard Rosenbaum","","Richard Rosenbaum","jodi.rosenbaum@yahoo.com","(480) 369-4556","Water Heater Install :Lowes Water Heaters","","Completed","Jul 21, 2026, 12:00 PM","Jul 21, 2026, 2:00 PM","07/21/2026","12:00:00","07/21/2026","14:00:00","Jul 20, 2026, 12:57 PM","2026","July 2026","Gina Neisius","590 e mountain view rd, San Tan Valley, AZ 85143","San Tan Valley","AZ","85143","Main Address","Edward Lopez","Lowes","Paid","1785","2100","0","1785","","77517, 77654","77517","Lowes","77654","Lowes","#962540
older couple- please give another call 15 minutes prior to arrival if possible. coming home from dialysis. 

Order #


Model Number #


Lowes Store Address:


Notes and Details (Addon bundles, other details):","Upon my arrival, I was greeted by customers, adult daughter and shown to the garage or water heater is to be replaced. Previous company had drain down most of the water heater and bypassed it with a loop using a nipple. Gas has been shut off to unit as well. I finished cleaning down water heater and shut down water service to the home to replace Ball valve and two supply lines. I installed a new Ball valve and two new supply lines, and drip pan. I sent new water heater into place and connect vent hood to vent piping, supply lines to water heater, assemble the sediment trap and installed it to the thermostat and connected the gas line, connected temperature and pressure relief line to temperature and pressure relief valve. I restored water service to the home and filled water heater to check for leaks and found no leaks at this time. I use a gas knife for two sniffer gas leaks, and found no gas leaks at this time","In Warehouse,Lowes","-","-","01:59:47","1.98","02:00:00","2","00:57:39","0.95","","0","688","936","248","270","1164","894","688","936","248","688","270","849","579","0","1785","1785","","41421654","garage","","Lowes - Water Heaters","","","","","","","","Lowe's","Free","","Residential","Tier 1 - 8%","","","17584674","(480) 369-4556","jodi.rosenbaum@yahoo.com","","","Gina Neisius","IME","New Prospect","","ESTIMATE_APPOINTMENT | APPOINTMENT_SET","ESTIMATE_APPOINTMENT | APPOINTMENT_SET","Jul 20, 2026, 9:48 AM","Resi,Lowes","Richard Rosenbaum","","Richard","Rosenbaum","-","-","-","-","-","-","-","-","-","-","-","-","-","-","-","-","-","-","-","-","-","-","-","-","-","-","-","-","-","-","-","-","-","-","-","-","-","-","-","-","-","-","-","-","-","-","-","-","Jul 20, 2026, 12:57 PM","Jul 21, 2026, 7:40 AM","18:42:15","-","-","-","-","-","Jul 21, 2026, 7:40 AM","Jul 21, 2026, 8:37 AM","00:57:39","-","Jul 21, 2026, 8:37 AM","Jul 21, 2026, 10:37 AM","01:59:47","-","-","-","-","-","Jul 21, 2026, 10:37 AM","Jul 21, 2026, 10:43 AM","00:05:42","-","Jul 21, 2026, 10:43 AM","-","-","178:36:10","-","-","-","-","-","-","-","-","-","-","-","-","-","-","-","-","-","-","-","-","-","-","-","-","-","-","-","-","-","-","-","-","-","-","-","-","-","-","-","-","-","-","-","-","-","-","-","-","-","-","-","-","-","-","-","-","-","-","-","-","-","-","-","-","-","-","-","-","-","-","-","-","-","-","-","-","-","-","-","-","-","-","-","-","-","-","-","-","-","-","-","-","-","-","-","-","-","-","-","-","-","-","-","-","-","-","-","-","-","-","-","-","-","-","-","-","-","-","-","-","-","-","-","-","-","-","-","-","-","-","-","-"
"26997","Lori Gomez","","Lori Gomez","motormama13@yahoo.com","520-955-0446","Clogged Drain :Plumbing","Kitchen drain","Completed","Jul 23, 2026, 1:00 PM","Jul 23, 2026, 3:00 PM","07/23/2026","13:00:00","07/23/2026","15:00:00","Jul 20, 2026, 12:56 PM","2026","July 2026","Beatriz Garcia","3201 East U.S. Highway 70, Space 105, Safford, Arizona 85546","Safford","Arizona","85546","Main Location","David Edholm","Gila Valley","Paid","243","0","0","243","","77852","","","77852","AZ Service:Gila Valley","REMINDER TO USE CAMERA AND LOOK FOR SEWER/GENERAL PIPE REPLACEMENT OPPORTUNITIES. 

Reason for call? Kitchen drain/ water will not drain

Who will be present to meet the technician? Lori Gomez

Where is the primary location of the clogged drain? Kitchen

Are there any other drains that are backing up? No

Are you on a septic system? If so, when was the last time it was pumped? Unknown

Is there anything else you would like technician to look at while they are there? shower in back bathroom so hard to close 

How did you hear about NexLvl Services? Google

CC on file
Quoted $79 svc fee","","Resi","-","-","01:16:12","1.27","02:00:00","2","00:12:08","0.2","","0","0","0","0","0","0","0","0","0","0","0","52.5","243","190.5","0","243","243","","","","","Gila Valley - Plumbing","","Lori Gomez","","","","","","Lowe's","Free","","Residential","Tier 1 - 8%","","","17587328","520-955-0446","motormama13@yahoo.com","","","","Google Search","","","","","Jul 20, 2026, 12:52 PM","Resi","Lori Gomez","","Lori","Gomez","-","-","-","-","-","-","-","-","-","-","-","-","-","-","-","-","-","-","-","-","-","-","-","-","-","-","-","-","-","-","-","-","-","-","-","-","-","-","-","-","-","-","-","-","-","-","-","-","-","-","-","-","-","-","-","-","-","-","-","-","-","-","-","-","-","-","-","-","-","-","-","-","-","-","-","-","-","-","-","-","Jul 20, 2026, 12:56 PM","Jul 23, 2026, 5:56 PM","77:00:37","-","Jul 23, 2026, 5:56 PM","Jul 23, 2026, 6:08 PM","00:12:09","-","Jul 23, 2026, 6:08 PM","Jul 23, 2026, 7:25 PM","01:16:11","-","-","-","-","-","-","-","-","-","-","-","-","-","Jul 23, 2026, 7:25 PM","Jul 24, 2026, 3:08 PM","19:43:20","-","Jul 24, 2026, 3:08 PM","-","-","102:10:55","-","-","-","-","-","-","-","-","-","-","-","-","-","-","-","-","-","-","-","-","-","-","-","-","-","-","-","-","-","-","-","-","-","-","-","-","-","-","-","-","-","-","-","-","-","-","-","-","-","-","-","-","-","-","-","-","-","-","-","-","-","-","-","-","-","-","-","-","-","-","-","-","-","-","-","-","-","-","-","-","-","-","-","-","-","-","-","-","-","-","-","-","-","-","-","-"
"26996","Jessica King","","Jessica King","noemailpmoc@lowes.com","(254) 265-1534","Toilet :Lowes Simple Installs","1","Completed","Jul 21, 2026, 1:30 PM","Jul 21, 2026, 3:30 PM","07/21/2026","13:30:00","07/21/2026","15:30:00","Jul 20, 2026, 12:36 PM","2026","July 2026","Brenton Heward","5413 West Sunnyside Drive, Glendale, Arizona 85304","Glendale","Arizona","85304","Main Location","Sean Marble","Lowes","Paid","174","0","0","174","","77678","","","77678","Lowes:Simple Installs","Call Shirley on the way (254) 265-1534
x1
American Standard Edgemere White Elongated Chair height 12-in Rough-In WaterSense 1.28 GPF Soft Close 2-piece Toilet/on site","Removed existing toilet flange was in good condition installed new toilet ran tested. No leaks job complete","Lowes,onsite","-","-","00:29:12","0.48","02:00:00","2","00:35:54","0.58","","0","0","0","0","0","0","0","0","0","0","0","17","174","157","0","174","174","","413439546","","","Lowes - Simple Installs","","","","","","","","Lowe's","Free","","Residential","Tier 1 - 8%","","","17559471","(254) 265-1534","noemailpmoc@lowes.com","480-469-5143","","","IMS","","","PLUMB - GENERAL (NO SOFTENERS)","PLUMB - GENERAL (NO SOFTENERS)","Jul 18, 2026, 8:00 AM","Lowes - Simple Installs","Jessica King","","Jessica","King","-","-","-","-","-","-","-","-","-","-","-","-","-","-","-","-","-","-","-","-","-","-","-","-","-","-","-","-","-","-","-","-","-","-","-","-","-","-","-","-","-","-","-","-","-","-","-","-","-","-","-","-","-","-","-","-","-","-","-","-","-","-","-","-","-","-","-","-","-","-","-","-","-","-","-","-","-","-","-","-","Jul 20, 2026, 12:36 PM","Jul 21, 2026, 11:30 AM","22:53:50","-","Jul 21, 2026, 11:30 AM","Jul 21, 2026, 12:06 PM","00:35:54","-","Jul 21, 2026, 12:06 PM","Jul 21, 2026, 12:35 PM","00:29:11","-","-","-","-","-","-","-","-","-","-","-","-","-","Jul 21, 2026, 12:35 PM","Jul 21, 2026, 2:13 PM","01:37:55","-","Jul 21, 2026, 2:13 PM","-","-","175:05:47","-","-","-","-","-","-","-","-","-","-","-","-","-","-","-","-","-","-","-","-","-","-","-","-","-","-","-","-","-","-","-","-","-","-","-","-","-","-","-","-","-","-","-","-","-","-","-","-","-","-","-","-","-","-","-","-","-","-","-","-","-","-","-","-","-","-","-","-","-","-","-","-","-","-","-","-","-","-","-","-","-","-","-","-","-","-","-","-","-","-","-","-","-","-","-","-"
"26995","Bretton Morgan","","Bretton Morgan","bretton.morgan@gmail.com","801-636-8315","Faucet :Lowes Simple Installs","1","Completed","Jul 21, 2026, 10:00 AM","Jul 21, 2026, 11:00 AM","07/21/2026","10:00:00","07/21/2026","11:00:00","Jul 20, 2026, 12:31 PM","2026","July 2026","Ashley Reed","2456 S 235th Dr, Buckeye, AZ 85326","Buckeye","AZ","85326","Main Address","Sean Marble","Lowes","Paid","135","0","0","135","","77680","","","77680","Lowes:Simple Installs","Simple installs -1- Moen Arlia Spot Resist Stainless Single Handle Deck-mount Pull-down Kitchen Faucet with Sprayer (Includes Deck Plate)/ onsite","Removed existing faucet installed new one checked all water connections tested no leaks job complete","Lowes,onsite","-","-","00:21:11","0.35","01:00:00","1","00:57:45","0.95","","0","0","0","0","0","0","0","0","0","0","0","14","135","121","0","135","135","","413540218","","","Lowes - Simple Installs","","","","","","","","","","","","","","","17582828","801-636-8315","bretton.morgan@gmail.com","null","","","IMS","","","PLUMB - GENERAL (NO SOFTENERS)","PLUMB - GENERAL (NO SOFTENERS)","Jul 20, 2026, 8:00 AM","","Bretton Morgan","","Bretton","Morgan","-","-","-","-","-","-","-","-","-","-","-","-","-","-","-","-","-","-","-","-","-","-","-","-","-","-","-","-","-","-","-","-","-","-","-","-","-","-","-","-","-","-","-","-","-","-","-","-","-","-","-","-","-","-","-","-","-","-","-","-","-","-","-","-","-","-","-","-","-","-","-","-","-","-","-","-","-","-","-","-","Jul 20, 2026, 12:31 PM","Jul 21, 2026, 8:25 AM","19:53:55","-","Jul 21, 2026, 8:25 AM","Jul 21, 2026, 9:23 AM","00:57:46","-","Jul 21, 2026, 9:23 AM","Jul 21, 2026, 9:44 AM","00:21:10","-","-","-","-","-","-","-","-","-","-","-","-","-","Jul 21, 2026, 9:44 AM","Jul 21, 2026, 2:17 PM","04:32:59","-","Jul 21, 2026, 2:17 PM","-","-","175:01:56","-","-","-","-","-","-","-","-","-","-","-","-","-","-","-","-","-","-","-","-","-","-","-","-","-","-","-","-","-","-","-","-","-","-","-","-","-","-","-","-","-","-","-","-","-","-","-","-","-","-","-","-","-","-","-","-","-","-","-","-","-","-","-","-","-","-","-","-","-","-","-","-","-","-","-","-","-","-","-","-","-","-","-","-","-","-","-","-","-","-","-","-","-","-","-","-"
"26994","Capri on Camelback","Harbor Group Management Co., LLC","Juan Barajas","","909-762-2934","Fan Coil","D301- Fan coil needs flush valves replaced","Completed","Jul 20, 2026, 10:00 PM","Jul 21, 2026, 12:00 AM","07/20/2026","22:00:00","07/21/2026","00:00:00","Jul 20, 2026, 12:22 PM","2026","July 2026","Jess Gonzalez","5115 North 40th Street, Phoenix, Arizona 85018","Phoenix","Arizona","85018","Main Location","Hunter Howell","MFH - Plumbing","Invoiced","1070","800","1070","0","","77684, 77682","77682","-","77684","AZ Service:MFH","Unit D301
Fan coil flush valves replacement
POC Juan","Found unit needed to be strait piped and flush valves 
Was unable to get into 101 to turn the water off i was able to hear that they were home but no one answered","","-","-","00:49:12","0.82","02:00:00","2","","0","","0","200","400","200","48","400","352","251.5","310","58.5","160","91.2","760","668.8","0","1070","1070","","","","","MFH - Plumbing","","Juan","","","","","","Lowe's","Free","","Residential","Tier 1 - 8%","","","17009572","(602) 882-8579","tgeorge@harborgroupmanagement.com","","","Logen Uknavage","Referral","","","","","Jun 2, 2026, 4:45 PM","MFH,Commercial","Capri on Camelback","Capri on Camelback","Travis","George","-","-","-","-","-","-","-","-","-","-","-","-","-","-","-","-","-","-","-","-","-","-","-","-","-","-","-","-","-","-","-","-","-","-","-","-","-","-","-","-","-","-","-","-","-","-","-","-","-","-","-","-","-","-","-","-","-","-","-","-","-","-","-","-","-","-","-","-","-","-","-","-","-","-","-","-","-","-","-","-","Jul 20, 2026, 12:22 PM","Jul 20, 2026, 7:20 PM","06:57:44","-","-","-","-","-","Jul 20, 2026, 7:20 PM","Jul 20, 2026, 8:09 PM","00:49:12","-","Jul 22, 2026, 2:40 PM","Jul 24, 2026, 4:17 PM","49:36:46","-","Jul 21, 2026, 1:34 PM","Jul 22, 2026, 2:40 PM","25:06:25","-","-","-","-","-","Jul 20, 2026, 8:09 PM","Jul 21, 2026, 1:34 PM","17:24:57","-","Jul 24, 2026, 4:17 PM","-","-","101:01:45","-","-","-","-","-","-","-","-","-","-","-","-","-","-","-","-","-","-","-","-","-","-","-","-","-","-","-","-","-","-","-","-","-","-","-","-","-","-","-","-","-","-","-","-","-","-","-","-","-","-","-","-","-","-","-","-","-","-","-","-","-","-","-","-","-","-","-","-","-","-","-","-","-","-","-","-","-","-","-","-","-","-","-","-","-","-","-","-","-","-","-","-","-","-","-","-"
"26990","Agave Ridge Apartments","29th Street Communities","Contact","","(602) 419-7198","Clogged Drain :Plumbing","Unit 118- Kitchen sink back up","Completed","Jul 20, 2026, 12:00 PM","Jul 20, 2026, 2:00 PM","07/20/2026","12:00:00","07/20/2026","14:00:00","Jul 20, 2026, 11:58 AM","2026","July 2026","Jess Gonzalez","1609 West Glendale Avenue, Phoenix, Arizona 85021","Phoenix","Arizona","85021","Main Location","Brodyn Janshen","MFH - Plumbing","Sent","285","0","0","0","","77548","","","77548","AZ Service:MFH","Unit 118
Kitchen sink back up
POC Nick *Call enroute
**Check in w/ office upon arrival","Arrived on site checked in with office saw kitchen sink backing up, removed p trap and drained the water in the line, put my cable down, at around 15/20 feet there was a blockage which I was able to push through, pulled back grease  and pieces of a Brillo pad, in the line. Pulled the cable all the way back and put the p trap back on, and ran water which drained properly. I filled one side and continued to run water to ensure it was draining properly and it was. Cleaned my mess and checked out with the office and got my ID and returned the keys","","-","-","00:36:33","0.6","02:00:00","2","00:34:20","0.57","","0","0","0","0","0","0","0","0","5","5","0","33.6","280","246.4","0","285","285","","","","","MFH - Plumbing","","Nick","","","","","","Lowe's","Free","","Residential","Tier 1 - 8%","","","13751174","602 688-1527","agaveridge@29scliving.com","","","Logen Uknavage","","","","","","Dec 16, 2025, 2:50 PM","","Agave Ridge Apartments","Agave Ridge Apartments","","","-","-","-","-","-","-","-","-","-","-","-","-","-","-","-","-","-","-","-","-","-","-","-","-","-","-","-","-","-","-","-","-","-","-","-","-","-","-","-","-","-","-","-","-","-","-","-","-","-","-","-","-","-","-","-","-","-","-","-","-","-","-","-","-","-","-","-","-","-","-","-","-","-","-","-","-","-","-","-","-","Jul 20, 2026, 11:58 AM","Jul 20, 2026, 12:07 PM","00:08:21","-","Jul 20, 2026, 12:07 PM","Jul 20, 2026, 12:41 PM","00:34:20","-","Jul 20, 2026, 12:41 PM","Jul 20, 2026, 1:18 PM","00:36:30","-","-","-","-","-","-","-","-","-","-","-","-","-","Jul 20, 2026, 1:18 PM","Jul 20, 2026, 2:03 PM","00:45:06","-","Jul 20, 2026, 2:03 PM","-","-","199:16:12","-","-","-","-","-","-","-","-","-","-","-","-","-","-","-","-","-","-","-","-","-","-","-","-","-","-","-","-","-","-","-","-","-","-","-","-","-","-","-","-","-","-","-","-","-","-","-","-","-","-","-","-","-","-","-","-","-","-","-","-","-","-","-","-","-","-","-","-","-","-","-","-","-","-","-","-","-","-","-","-","-","-","-","-","-","-","-","-","-","-","-","-","-","-","-","-"
"26989","Cristen Burrell","","Cristen Burrell","burrellroad@gmail.com","(602) 510-9360","Water Heater Install :Lowes Water Heaters","","Completed","Jul 21, 2026, 8:00 AM","Jul 21, 2026, 10:00 AM","07/21/2026","08:00:00","07/21/2026","10:00:00","Jul 20, 2026, 11:51 AM","2026","July 2026","Gina Neisius","4257 N Miller Rd, Scottsdale, AZ 85251","Scottsdale","AZ","85251","Main Address","Tanner LaForge","Lowes","Paid","2049.75","2400","0","2049.75","","77523, 77657","77523","Lowes","77657","Lowes","#1325040
8-12pm
said she would clear out the junk in front of the water heater- has meetings between 830 and 1 (in the home) so might take a minute if there's any issues. Said you can drive the truck right up to the patio where the heater is. 

Order #


Model Number #


Lowes Store Address:


Notes and Details (Addon bundles, other details):","7/21

Arrived on site to install a new 40 gallon gas heater in the backyard storage shed. 

Drained and removed the old tank. Replaced both supply lines and ball valve. 

Set the new pan and tank in place. Installed an expansion tank. Ran new t&p.

Put on a sediment trap and filled the tank. Turned on the burner and checked for leaks. 

No issues with the install today","Lowes,In Warehouse","-","-","02:28:00","2.47","02:00:00","2","00:36:10","0.6","","0","681","902","221","330","1498","1168","681","902","221","681","330","1147.75","817.75","0","2049.75","2049.75","","41422574","closet on patio","","Lowes - Water Heaters","","","","","","","","Lowe's","Free","","Residential","Tier 1 - 8%","","","17585960","(602) 510-9360","burrellroad@gmail.com","","","Gina Neisius","IME","New Prospect","","ESTIMATE_APPOINTMENT | APPOINTMENT_SET","ESTIMATE_APPOINTMENT | APPOINTMENT_SET","Jul 20, 2026, 11:10 AM","","Cristen Burrell","","Cristen","Burrell","-","-","-","-","-","-","-","-","-","-","-","-","-","-","-","-","-","-","-","-","-","-","-","-","-","-","-","-","-","-","-","-","-","-","-","-","-","-","-","-","-","-","-","-","-","-","-","-","Jul 20, 2026, 11:51 AM","Jul 21, 2026, 7:41 AM","19:50:17","-","-","-","-","-","Jul 21, 2026, 7:41 AM","Jul 21, 2026, 8:17 AM","00:36:10","-","Jul 21, 2026, 8:17 AM","Jul 21, 2026, 10:45 AM","02:28:01","-","-","-","-","-","Jul 21, 2026, 10:45 AM","Jul 21, 2026, 11:12 AM","00:26:15","-","Jul 21, 2026, 11:12 AM","-","-","178:07:14","-","-","-","-","-","-","-","-","-","-","-","-","-","-","-","-","-","-","-","-","-","-","-","-","-","-","-","-","-","-","-","-","-","-","-","-","-","-","-","-","-","-","-","-","-","-","-","-","-","-","-","-","-","-","-","-","-","-","-","-","-","-","-","-","-","-","-","-","-","-","-","-","-","-","-","-","-","-","-","-","-","-","-","-","-","-","-","-","-","-","-","-","-","-","-","-","-","-","-","-","-","-","-","-","-","-","-","-","-","-","-","-","-","-","-","-","-","-","-","-","-","-","-","-","-","-","-","-","-","-","-","-"
"26988","Brian Kupser","","Contact","bkupser100@gmail.com","(651) 472-2216","Fixture Issues :Plumbing","Drain repair","Canceled","Jul 23, 2026, 3:00 PM","Jul 23, 2026, 5:00 PM","07/23/2026","15:00:00","07/23/2026","17:00:00","Jul 20, 2026, 11:36 AM","2026","July 2026","Destinee Kastner","3201 East U.S. Highway 70, 151, Safford, AZ 85546","Safford","AZ","85546","Main Location","","","","0","0","0","0","","","","","","","Reason for call? bathroom tub drain disconnected from plumbing 

Who will be present to meet the technician? 

Is there anything else you would like technician to look at while they are there? 

How did you hear about NexLvl Services?","","Resi","-","-","","0","02:00:00","2","","0","","0","0","0","0","0","0","0","0","0","0","0","0","0","0","0","0","0","","","","","Gila Valley - Plumbing","Availability","Brian","","","","","","","","","","","","","6737415","(651) 472-2216","bkupser100@gmail.com","null","","","","","","","","Apr 24, 2024, 6:40 PM","","Brian Kupser","","","","-","-","-","-","-","-","-","-","-","-","-","-","-","-","-","-","-","-","-","-","-","-","-","-","-","-","-","-","-","-","-","-","-","-","-","-","-","-","-","-","-","-","-","-","-","-","-","-","-","-","-","-","-","-","-","-","-","-","-","-","-","-","-","-","-","-","-","-","-","-","-","-","-","-","-","-","-","-","-","-","Jul 20, 2026, 11:36 AM","Jul 24, 2026, 2:58 PM","99:22:15","-","-","-","-","-","-","-","-","-","-","-","-","-","-","-","-","-","-","-","-","-","-","-","-","-","-","-","-","-","Jul 24, 2026, 2:58 PM","-","-","102:20:24","-","-","-","-","-","-","-","-","-","-","-","-","-","-","-","-","-","-","-","-","-","-","-","-","-","-","-","-","-","-","-","-","-","-","-","-","-","-","-","-","-","-","-","-","-","-","-","-","-","-","-","-","-","-","-","-","-","-","-","-","-","-","-","-","-","-","-","-","-","-","-","-","-","-","-","-","-","-","-","-","-","-","-","-","-","-","-","-","-","-","-","-"
"26986","Greg Gilliam","","Greg Gilliam","noemailpmoc@lowes.com","602-793-5364","Toilet :Lowes Simple Installs","1","Completed","Jul 24, 2026, 8:00 AM","Jul 24, 2026, 10:00 AM","07/24/2026","08:00:00","07/24/2026","10:00:00","Jul 20, 2026, 11:32 AM","2026","July 2026","Ashley Reed","3722 E CONSTACE WAY, PHOENIX, AZ 85042","PHOENIX","AZ","85042","Main Address","Bryan Pickett","Lowes","Paid","301.5","0","0","301.5","","77712, 77863, 77875","","","77712, 77863, 77875","Lowes:Simple Installs, -, Lowes:Simple Installs","Simple installs -1- KOHLER Elliston White Elongated Tall height 12-in Rough-In WaterSense 1.28 GPF Soft Close 2-piece Toilet/ pick up from lowe's

7100 WEST RAY ROAD,
Chandler, AZ 85226
Store: #674
Phone: (480) 753-0103

Delivery Fee: PR32445648","Disconnected water supply line, removed old toilet and old wax ring. Installed new waxring and new toilet. Reconnected bidet seat and water supply line and tested by filling tank and flushing through bowl several times while checking for leaks and moisture. No visible water, customer tested and customer satisfied.

Pickup/Delivery charge 
Toilet Install
Bidet Reinstall","Lowes,Pick up from Lowes","-","-","00:57:40","0.95","02:00:00","2","01:25:35","1.42","02:23:30","2.38","0","0","0","0","0","0","0","0","0","0","32.1","301.5","269.4","0","301.5","301.5","","413376840","","","Lowes - Simple Installs","","","","","","","","","","","","","","","17529957","602-793-5364","noemailpmoc@lowes.com","null","","","IMS","","","PLUMB - GENERAL (NO SOFTENERS)","PLUMB - GENERAL (NO SOFTENERS)","Jul 17, 2026, 8:00 AM","","Greg Gilliam","","Greg","Gilliam","-","-","-","-","-","-","-","-","-","-","-","-","-","-","-","-","-","-","-","-","-","-","-","-","-","-","-","-","-","-","-","-","-","-","-","-","-","-","-","-","-","-","-","-","-","-","-","-","Jul 20, 2026, 11:32 AM","Jul 24, 2026, 7:12 AM","91:39:41","-","-","-","-","-","Jul 24, 2026, 7:12 AM","Jul 24, 2026, 8:37 AM","01:25:35","-","Jul 24, 2026, 8:37 AM","Jul 24, 2026, 9:35 AM","00:57:40","-","-","-","-","-","Jul 24, 2026, 9:35 AM","Jul 24, 2026, 11:27 AM","01:52:25","-","Jul 24, 2026, 11:27 AM","-","-","105:51:23","-","-","-","-","-","-","-","-","-","-","-","-","-","-","-","-","-","-","-","-","-","-","-","-","-","-","-","-","-","-","-","-","-","-","-","-","-","-","-","-","-","-","-","-","-","-","-","-","-","-","-","-","-","-","-","-","-","-","-","-","-","-","-","-","-","-","-","-","-","-","-","-","-","-","-","-","-","-","-","-","-","-","-","-","-","-","-","-","-","-","-","-","-","-","-","-","-","-","-","-","-","-","-","-","-","-","-","-","-","-","-","-","-","-","-","-","-","-","-","-","-","-","-","-","-","-","-","-","-","-","-","-"
"26985","8th St. Apartments","","Isabelle Anderson","pm@liveat8thstapts.com","(520) 878-7027","Water Heater :Plumbing","E2 Water leak","Completed","Jul 20, 2026, 11:00 AM","Jul 20, 2026, 12:00 PM","07/20/2026","11:00:00","07/20/2026","12:00:00","Jul 20, 2026, 11:31 AM","2026","July 2026","Joey Reyes","3333 W 8th St Thatcher, Arizona 85552","","Arizona","85552","Isabelle Anderson","AJ Diaz","Gila Valley","Sent","1195","1195","0","0","","77777, 77780","77777","AZ Service:Gila Valley","77780","AZ Service:Gila Valley","Tyson called in about unit e2 with a drain pan that is full of water. He doesn't see it leaking any where, but would like us out to take care of it. It was installed a little over a year ago","","VIP","-","-","","0","01:00:00","1","","0","","0","600","900","300","44.4","295","250.6","600","900","300","600","44.4","295","250.6","0","1195","1195","","","","","Gila Valley - Plumbing","","Tyson","","","","","","Lowe's","Free","","Residential","Tier 1 - 8%","","","6709223","(520) 878-7027","pm@liveat8thstapts.com","(480) 856-7263","","Jeff Green","Cushman & Wakefield","","","","","Apr 23, 2024, 6:32 AM","","8th St. Apartments","8th St. Apartments","Isabelle","Anderson","-","-","-","-","-","-","-","-","-","-","-","-","-","-","-","-","-","-","-","-","-","-","-","-","-","-","-","-","-","-","-","-","-","-","-","-","-","-","-","-","-","-","-","-","-","-","-","-","-","-","-","-","-","-","-","-","-","-","-","-","-","-","-","-","-","-","-","-","-","-","-","-","-","-","-","-","-","-","-","-","Jul 20, 2026, 11:31 AM","Jul 20, 2026, 12:00 PM","00:29:54","-","-","-","-","-","-","-","-","-","Jul 20, 2026, 12:00 PM","Jul 22, 2026, 8:31 PM","56:30:09","-","-","-","-","-","-","-","-","-","Jul 22, 2026, 8:31 PM","Jul 23, 2026, 10:49 AM","14:18:50","-","Jul 23, 2026, 10:49 AM","-","-","130:29:27","-","-","-","-","-","-","-","-","-","-","-","-","-","-","-","-","-","-","-","-","-","-","-","-","-","-","-","-","-","-","-","-","-","-","-","-","-","-","-","-","-","-","-","-","-","-","-","-","-","-","-","-","-","-","-","-","-","-","-","-","-","-","-","-","-","-","-","-","-","-","-","-","-","-","-","-","-","-","-","-","-","-","-","-","-","-","-","-","-","-","-","-","-","-","-","-"
"26984","Revival Apartments","","Revival Apartments","revivalleasing@cornerstone-mgt.com","(928) 651-5983","Active Water Leak :Plumbing","Main line leak","Canceled","Jul 20, 2026, 5:00 PM","Jul 20, 2026, 8:00 PM","07/20/2026","17:00:00","07/20/2026","20:00:00","Jul 20, 2026, 11:21 AM","2026","July 2026","Beatriz Garcia","565 N College Ave, Thatcher, AZ 85552","Thatcher","AZ","85552","Main Location","","","","0","0","0","0","","","","","","","Reason for call? Main line leaking, 90units currently out of water

Who will be present to meet the technician? Goina

- Where is the water leak? Main line

- How bad is it? Spraying? Dripping? Flowing? N/A

- Is water valve shut off? N/A

Is there anything else you would like technician to look at while they are there? N/A

How did you hear about NexLvl Services? existing

AFTER HOURS
QUOTED $150","","Gila Valley,Commercial","-","-","","0","03:00:00","3","","0","","0","0","0","0","0","0","0","0","0","0","0","0","0","0","0","0","0","","","","","Gila Valley - Plumbing","Customer Resolved","Gina","","","","","","","","","","","","","6738542","(928) 651-5983","revivalleasing@cornerstone-mgt.com","null","","","","","","","","Apr 24, 2024, 6:44 PM","","Revival Apartments","","Revival","Apartments","-","-","-","-","-","-","-","-","-","-","-","-","-","-","-","-","-","-","-","-","-","-","-","-","-","-","-","-","-","-","-","-","-","-","-","-","-","-","-","-","-","-","-","-","-","-","-","-","-","-","-","-","-","-","-","-","-","-","-","-","-","-","-","-","-","-","-","-","-","-","-","-","-","-","-","-","-","-","-","-","Jul 20, 2026, 11:21 AM","Jul 20, 2026, 11:49 AM","00:28:04","-","-","-","-","-","-","-","-","-","-","-","-","-","-","-","-","-","-","-","-","-","-","-","-","-","-","-","-","-","Jul 20, 2026, 11:49 AM","-","-","201:29:25","-","-","-","-","-","-","-","-","-","-","-","-","-","-","-","-","-","-","-","-","-","-","-","-","-","-","-","-","-","-","-","-","-","-","-","-","-","-","-","-","-","-","-","-","-","-","-","-","-","-","-","-","-","-","-","-","-","-","-","-","-","-","-","-","-","-","-","-","-","-","-","-","-","-","-","-","-","-","-","-","-","-","-","-","-","-","-","-","-","-","-","-"
"26983","Daniel Stanfill III","","Daniel Stanfill III","detsci@cox.net","623-374-3300","Faucet :Lowes Simple Installs","2","Completed","Jul 22, 2026, 11:00 AM","Jul 22, 2026, 1:30 PM","07/22/2026","11:00:00","07/22/2026","13:30:00","Jul 20, 2026, 11:12 AM","2026","July 2026","Ashley Reed","9889 S 182ND DR, GOODYEAR, AZ 85338","GOODYEAR","AZ","85338","Main Address","Sean Marble","Lowes","Paid","270","0","0","270","","77749","","","77749","Lowes:Simple Installs","Simple installs - 2- Moen Halle Spot Resist Brushed Nickel Widespread 2-handle WaterSense High-arc Commercial/Residential Handle Bathroom Sink Faucet with Drain/ onsite","Removed two existing widespread faucets install installed two new widespread faucets, including drain assemblies tested no leaks job complete one of the automatic pop-ups is having issues working consistently. If the customer keeps having this problem, they will have to contact Moen to have them. Send them a new drain plug. Otherwise they can contact Lowe’s.","Lowes,onsite","-","-","01:06:54","1.1","02:30:00","2.5","00:17:13","0.28","","0","0","0","0","0","0","0","0","0","0","0","28","270","242","0","270","270","","413161826","","","Lowes - Simple Installs","","","","","","","","","","","","","","","17508306","623-374-3300","detsci@cox.net","null","","","IMS","","","PLUMB - GENERAL (NO SOFTENERS)","PLUMB - GENERAL (NO SOFTENERS)","Jul 15, 2026, 8:01 AM","","Daniel Stanfill III","","Daniel","Stanfill III","-","-","-","-","-","-","-","-","-","-","-","-","-","-","-","-","-","-","-","-","-","-","-","-","-","-","-","-","-","-","-","-","-","-","-","-","-","-","-","-","-","-","-","-","-","-","-","-","Jul 20, 2026, 11:12 AM","Jul 22, 2026, 9:59 AM","46:47:35","-","-","-","-","-","Jul 22, 2026, 9:59 AM","Jul 22, 2026, 10:16 AM","00:17:13","-","Jul 22, 2026, 10:16 AM","Jul 22, 2026, 11:23 AM","01:06:54","-","-","-","-","-","Jul 22, 2026, 11:23 AM","Jul 22, 2026, 2:55 PM","03:31:46","-","Jul 22, 2026, 2:55 PM","-","-","150:23:49","-","-","-","-","-","-","-","-","-","-","-","-","-","-","-","-","-","-","-","-","-","-","-","-","-","-","-","-","-","-","-","-","-","-","-","-","-","-","-","-","-","-","-","-","-","-","-","-","-","-","-","-","-","-","-","-","-","-","-","-","-","-","-","-","-","-","-","-","-","-","-","-","-","-","-","-","-","-","-","-","-","-","-","-","-","-","-","-","-","-","-","-","-","-","-","-","-","-","-","-","-","-","-","-","-","-","-","-","-","-","-","-","-","-","-","-","-","-","-","-","-","-","-","-","-","-","-","-","-","-","-","-"
"26982","Mark Larsen","","Mark Larsen","mark.larsen1982@gmail.com","708-421-9203","Toilet :Lowes Simple Installs","2","Canceled","Jul 21, 2026, 8:00 AM","Jul 21, 2026, 11:30 AM","07/21/2026","08:00:00","07/21/2026","11:30:00","Jul 20, 2026, 11:03 AM","2026","July 2026","Brenton Heward","1202 W HAZELWOOD ST, PHOENIX, AZ 85013","PHOENIX","AZ","85013","Main Address","Erik Tange","Lowes","Paid","197.5","147.5","0","197.5","","77675, 77653, 77640","77640","Lowes:Simple Installs","77675, 77653","Lowes:Simple Installs, Lowes:Simple Installs","x2
KOHLER Battan The Complete Solution White Elongated Chair height 12-in Rough-In WaterSense 1.28 GPF Soft Close 2-piece Toilet

Store:5809 WEST NORTHERN AVE.,
Glendale, AZ 85301
Order#300902197264147553

Trip fee:PR32445116","Exsisting angle stop is gate valve and has a slow leak when turned off. I suggested to customer they should have it replaced. Customer agreed to quote and invoice. Turned water off to house, removed old supply line, removed old toilet, cleaned area under old toilet. Exsisting toilet flange is cast iron and in VERY poor condition, and has multiple exsisting cracks, and broken pieces. I informed customer of the situation and customer will be waiting for a call from our residential division.

Removed old angle stop, cut 1/4"" off end of copper pipe, **installed new 1/4 turn angle stop and 16"" toilet supply line.** Turned water on to house, checked angle stop for leaks, no leaks.","Lowes,Pick up from Lowes","-","-","01:54:59","1.9","03:30:00","3.5","00:26:23","0.43","","0","24.5","55","30.5","11.1","92.5","81.4","24.5","55","30.5","24.5","16.1","142.5","126.4","0","197.5","197.5","","413319415","","","Lowes - Simple Installs","","","","","","","","Lowe's","Free","","Residential","Tier 1 - 8%","","","17521590","708-421-9203","mark.larsen1982@gmail.com","","","","IMS","","","PLUMB - ONLINE ONLY","PLUMB - ONLINE ONLY","Jul 16, 2026, 8:00 AM","Phoenix,Resi","Mark Larsen","","Mark","Larsen","-","-","-","-","-","-","-","-","-","-","-","-","-","-","-","-","-","-","-","-","-","-","-","-","-","-","-","-","-","-","-","-","-","-","-","-","-","-","-","-","-","-","-","-","-","-","-","-","Jul 20, 2026, 11:03 AM","Jul 21, 2026, 7:07 AM","20:03:18","-","Jul 21, 2026, 7:07 AM","Jul 21, 2026, 8:21 AM","01:14:49","-","Jul 21, 2026, 8:21 AM","Jul 21, 2026, 8:48 AM","00:26:23","-","Jul 21, 2026, 8:48 AM","Jul 21, 2026, 10:43 AM","01:55:00","-","Jul 21, 2026, 10:47 AM","Jul 27, 2026, 10:17 AM","143:30:09","-","Jul 21, 2026, 10:43 AM","Jul 21, 2026, 10:47 AM","00:03:54","-","-","-","-","-","Jul 27, 2026, 10:17 AM","-","-","35:02:02","-","-","-","-","-","-","-","-","-","-","-","-","-","-","-","-","-","-","-","-","-","-","-","-","-","-","-","-","-","-","-","-","-","-","-","-","-","-","-","-","-","-","-","-","-","-","-","-","-","-","-","-","-","-","-","-","-","-","-","-","-","-","-","-","-","-","-","-","-","-","-","-","-","-","-","-","-","-","-","-","-","-","-","-","-","-","-","-","-","-","-","-","-","-","-","-","-","-","-","-","-","-","-","-","-","-","-","-","-","-","-","-","-","-","-","-","-","-","-","-","-","-","-","-","-","-","-","-"
"26981","Pamela  Smith","","Pamela Smith","markandrewpamsmith@yahoo.com","(480) 518-5968","Pool Inspection","salt cell - first visit","Completed","Jul 20, 2026, 2:00 PM","Jul 20, 2026, 4:00 PM","07/20/2026","14:00:00","07/20/2026","16:00:00","Jul 20, 2026, 10:44 AM","2026","July 2026","Destinee Kastner","4133 East La Costa Drive, Chandler, Arizona 85249","Chandler","Arizona","85249","Main Location","Ian Campbell","Pools","Estimate","0","50","0","0","","77550","77550","AZ Service:Pools","","","salt cell not working 
first visit","Salt cell is fully operational, salt level is just too low (~900ppm) to produce any chlorine.

Estimate sent for (5) bags of salt to be added next service.

Other than that, pool is good to go on route asap.","Resi","-","-","00:24:42","0.4","02:00:00","2","00:52:50","0.87","","0","35.5","50","14.5","0","0","0","0","0","0","0","0","0","0","0","0","0","","","","","Pool Repair","","Pam","","","","","","Lowe's","Free","","Residential","Tier 1 - 8%","","","13902981","(480) 518-5968","markandrewpamsmith@yahoo.com","","","","IMS","","","","","Dec 26, 2025, 11:20 AM","Resi,Phoenix,Lowes - Simple Installs","Pamela  Smith","","Pamela","Smith","-","-","-","-","-","-","-","-","-","-","-","-","-","-","-","-","-","-","-","-","-","-","-","-","-","-","-","-","-","-","-","-","-","-","-","-","-","-","-","-","-","-","-","-","-","-","-","-","-","-","-","-","-","-","-","-","-","-","-","-","-","-","-","-","-","-","-","-","-","-","-","-","-","-","-","-","-","-","-","-","Jul 20, 2026, 10:44 AM","Jul 20, 2026, 12:57 PM","02:12:31","-","Jul 20, 2026, 12:57 PM","Jul 20, 2026, 1:50 PM","00:52:50","-","Jul 20, 2026, 1:50 PM","Jul 20, 2026, 2:14 PM","00:24:42","-","-","-","-","-","-","-","-","-","-","-","-","-","Jul 20, 2026, 2:14 PM","Jul 20, 2026, 3:52 PM","01:37:54","-","Jul 20, 2026, 3:52 PM","-","-","197:26:31","-","-","-","-","-","-","-","-","-","-","-","-","-","-","-","-","-","-","-","-","-","-","-","-","-","-","-","-","-","-","-","-","-","-","-","-","-","-","-","-","-","-","-","-","-","-","-","-","-","-","-","-","-","-","-","-","-","-","-","-","-","-","-","-","-","-","-","-","-","-","-","-","-","-","-","-","-","-","-","-","-","-","-","-","-","-","-","-","-","-","-","-","-","-","-","-"
"26980","Westmount at Urban Trails","BH Management Services LLC","Lyndsay Robinson","lyndsay.robinson@livebh.com","(505) 770-4644","No Cool :HVAC","Unit 013- No cool","Completed","Jul 20, 2026, 2:00 PM","Jul 20, 2026, 4:00 PM","07/20/2026","14:00:00","07/20/2026","16:00:00","Jul 20, 2026, 10:23 AM","2026","July 2026","Jess Gonzalez","1620 West Southern Avenue, Mesa, Arizona 85202","Mesa","Arizona","85202","Main Location","Chuy Torres, Jacob Martinez","MFH - HVAC","Invoiced","909","0","909","0","","77587","","","77587","MFH:MFH - HVAC","Unit 013
No cool - possible t-stat issue
POC Lyndsay","Service Completed — Unit 13:
Investigated a total loss of power to the thermostat on Unit 13. Found both the system transformer and control relay burned out and non-functional. Replaced the transformer, relay, and thermostat. Restored system power and verified that the unit is actively blowing cold air and cycling as intended.","","-","-","03:23:39","3.38","02:00:00","2","00:29:21","0.48","","0","0","0","0","0","0","0","125","219","94","125","128.8","690","561.2","0","909","909","","","","","MFH - HVAC","","Lyndsay","","","","","","Lowe's","Free","","Residential","Tier 1 - 8%","","","6991839","(505) 770-4644","lyndsay.robinson@livebh.com","","","Logen Uknavage","","New Prospect","","Greystar","","Jun 3, 2024, 3:06 PM","VendorCafe,BH Mgmt,MFH","Westmount at Urban Trails","Westmount at Urban Trails","Lyndsay","Robinson","-","-","-","-","-","-","-","-","-","-","-","-","-","-","-","-","-","-","-","-","-","-","-","-","-","-","-","-","-","-","-","-","-","-","-","-","-","-","-","-","-","-","-","-","-","-","-","-","-","-","-","-","-","-","-","-","-","-","-","-","-","-","-","-","-","-","-","-","-","-","-","-","-","-","-","-","-","-","-","-","Jul 20, 2026, 10:23 AM","Jul 20, 2026, 12:47 PM","02:24:52","-","Jul 20, 2026, 12:47 PM","Jul 20, 2026, 1:17 PM","00:29:21","-","Jul 20, 2026, 1:17 PM","Jul 20, 2026, 4:40 PM","03:23:39","-","-","-","-","-","-","-","-","-","-","-","-","-","Jul 20, 2026, 4:40 PM","Jul 22, 2026, 11:43 AM","43:03:03","-","Jul 22, 2026, 11:43 AM","-","-","153:35:23","-","-","-","-","-","-","-","-","-","-","-","-","-","-","-","-","-","-","-","-","-","-","-","-","-","-","-","-","-","-","-","-","-","-","-","-","-","-","-","-","-","-","-","-","-","-","-","-","-","-","-","-","-","-","-","-","-","-","-","-","-","-","-","-","-","-","-","-","-","-","-","-","-","-","-","-","-","-","-","-","-","-","-","-","-","-","-","-","-","-","-","-","-","-","-","-"
"26979","Heritage district","AIR Communities","Contact","susan.kucherer@aircommunities.com","(480) 217-6717","No Cool :HVAC","Unit 1223- No cool","Completed","Jul 20, 2026, 4:00 PM","Jul 20, 2026, 6:00 PM","07/20/2026","16:00:00","07/20/2026","18:00:00","Jul 20, 2026, 10:18 AM","2026","July 2026","Jess Gonzalez","275 West Juniper Avenue, Gilbert, Arizona 85233","Gilbert","Arizona","85233","Main Location","Chuy Torres, Jacob Martinez, Hector Aguirre, Riley Torres","MFH - HVAC","Sent","3856.47","3856.47","0","0","","77719, 77608","77608","MFH:MFH - HVAC","77719","MFH:MFH - HVAC","Unit 1223
Per Mike unit not cooling
POC Mike","---

## **Field Service Report: Compressor Valve Failure & System Mismatch**

**Date:** July 20, 2026  
**Unit:** 1223  
**Status:** Arrived on-site, diagnosed a failing compressor on a mismatched system struggling during peak heat, and recommended a full 2-ton system replacement.

### **Diagnostic Findings**
* **Initial Assessment:** Responded to a service call for a system struggling to cool and evaluated the HVAC equipment.
* **System Evaluation:** Inspected the equipment and discovered a severely **mismatched system**. The outdoor condenser is a **2.5-ton** unit, while the indoor air handler is undersized at only **2 tons**. 
* **Component Failure:** Hooked up the gauges and found that the internal **compressor valves are failing**. The compressor is no longer pumping correctly, causing the system to lose capacity and fail to keep up with the cooling demand during the high heat of the day.

### **Recommendations & Next Steps**
* **System Replacement Recommended:** Between the failing mechanical valves in the compressor and the mismatched system sizing (which inevitably causes airflow and pressure problems), repairing this setup is not a viable option. I highly recommend a **full system replacement**.
* **Equipment Sizing & Specs:** The replacement quote should be generated for a brand-new, properly matched **2-ton system**. I am submitting these findings to the office to generate a formal bid.

---

**Status: Unit Condemned (Failing Valves & Mismatched Equipment) — Pending 2-Ton System Replacement Quote**

---","","-","-","01:45:06","1.75","02:00:00","2","00:24:44","0.4","","0","2083.84","3110.21","1026.37","500","746.26","246.26","2083.84","3110.21","1026.37","2083.84","500","746.26","246.26","0","3856.47","3856.47","","1404835","","","MFH - HVAC","","Mike","","","","","","Lowe's","Free","","Residential","Tier 1 - 8%","","","16169568","(480) 217-6717","susan.kucherer@aircommunities.com","","","Logen Uknavage","Referral","","","","","Apr 30, 2026, 4:10 PM","Coupa","Heritage district","Heritage district","","","-","-","-","-","-","-","-","-","-","-","-","-","-","-","-","-","-","-","-","-","-","-","-","-","-","-","-","-","-","-","-","-","-","-","-","-","-","-","-","-","-","-","-","-","-","-","-","-","-","-","-","-","-","-","-","-","-","-","-","-","-","-","-","-","-","-","-","-","-","-","-","-","-","-","-","-","-","-","-","-","Jul 20, 2026, 10:18 AM","Jul 20, 2026, 4:14 PM","05:56:08","-","Jul 20, 2026, 4:14 PM","Jul 20, 2026, 4:39 PM","00:24:43","-","Jul 20, 2026, 4:39 PM","Jul 20, 2026, 6:24 PM","01:45:06","-","Jul 21, 2026, 9:04 AM","Jul 22, 2026, 11:57 AM","26:53:22","-","-","-","-","-","-","-","-","-","Jul 20, 2026, 6:24 PM","Jul 21, 2026, 9:04 AM","14:39:31","-","Jul 22, 2026, 11:57 AM","-","-","153:21:46","-","-","-","-","-","-","-","-","-","-","-","-","-","-","-","-","-","-","-","-","-","-","-","-","-","-","-","-","-","-","-","-","-","-","-","-","-","-","-","-","-","-","-","-","-","-","-","-","-","-","-","-","-","-","-","-","-","-","-","-","-","-","-","-","-","-","-","-","-","-","-","-","-","-","-","-","-","-","-","-","-","-","-","-","-","-","-","-","-","-","-","-","-","-","-","-"
"26978","Emelie Brechbiel","","Emelie Brechbiel","emeliebrechbiel@yahoo.com","(623) 330-7671","Sink :Lowes Simple Installs","1","Canceled","Jul 24, 2026, 9:30 AM","Jul 24, 2026, 1:00 PM","07/24/2026","09:30:00","07/24/2026","13:00:00","Jul 20, 2026, 10:17 AM","2026","July 2026","Ashley Reed","4024 North 85th Avenue, Phoenix, Arizona 85037","Phoenix","Arizona","85037","Main Location","Erik Tange","Lowes","Paid","85","0","0","85","","77709, 78015","","","77709, 78015","Lowes:Simple Installs, Lowes:Simple Installs","Simple installs- HEX Drop-in 30-in x 18-in Stainless steel Single bowl Kitchen Sink/ 1-1/2-in Plastic Triple bowl continuous waste slip joint
RECONNECT HOT WATER DISPENSER FEE
RECONNECT UNDERCOUNTER FILTER FEE

The sink is at the customers home, we need to pick up the  1-1/2-in Plastic Triple bowl continuous waste slip joint from the store

1620 NORTH 75TH AVENUE,
Phoenix, AZ 85035
Store: #1042
Phone: (623) 845-6292

Delivery Fee: PR32437494
Trip fee: PR32479147","New sink is too small in the side to side for current countertop opening. 
I informed customer of the situation, and a new replacement sink will be found and scheduled for install at a later date.

Sink and drain plumbing were returned by Erik to the store @ 1620 N 75 ave.

Countertop may need to be cut front to back to accommodate new sink. If that happens, customer will find a company to do so.

NO RECONNECT HOT WATER DISPENSER FEE is needed
NO RECONNECT UNDERCOUNTER FILTER FEE is needed.

I would suggest to add 2x angle stop replacement though. Exsisting angle stops are gate vales and should be replaced. (1) dual outlet angle stop, & (1) single outlet angle stop would be needed.","Lowes,Pick up from Lowes","-","-","00:40:56","0.67","03:30:00","3.5","00:13:59","0.22","","0","0","0","0","0","0","0","0","0","0","0","9","85","76","0","85","85","","413219746","","","Lowes - Simple Installs","","","","","","","","Lowe's","Free","","Residential","Tier 1 - 8%","","","14534720","(623) 330-7671","emeliebrechbiel@yahoo.com","","","","IMS","","","","","Feb 4, 2026, 1:04 PM","Lowes - Simple Installs","Emelie Brechbiel","","Emelie","Brechbiel","-","-","-","-","-","-","-","-","-","-","-","-","-","-","-","-","-","-","-","-","-","-","-","-","-","-","-","-","-","-","-","-","-","-","-","-","-","-","-","-","-","-","-","-","-","-","-","-","Jul 20, 2026, 10:17 AM","Jul 24, 2026, 8:34 AM","94:16:21","-","Jul 24, 2026, 8:34 AM","Jul 24, 2026, 9:34 AM","00:59:50","-","Jul 24, 2026, 9:34 AM","Jul 24, 2026, 9:48 AM","00:13:59","-","Jul 24, 2026, 9:48 AM","Jul 24, 2026, 10:29 AM","00:40:56","-","Jul 24, 2026, 10:29 AM","Jul 27, 2026, 10:17 AM","71:47:57","-","-","-","-","-","-","-","-","-","Jul 27, 2026, 10:17 AM","-","-","35:02:20","-","-","-","-","-","-","-","-","-","-","-","-","-","-","-","-","-","-","-","-","-","-","-","-","-","-","-","-","-","-","-","-","-","-","-","-","-","-","-","-","-","-","-","-","-","-","-","-","-","-","-","-","-","-","-","-","-","-","-","-","-","-","-","-","-","-","-","-","-","-","-","-","-","-","-","-","-","-","-","-","-","-","-","-","-","-","-","-","-","-","-","-","-","-","-","-","-","-","-","-","-","-","-","-","-","-","-","-","-","-","-","-","-","-","-","-","-","-","-","-","-","-","-","-","-","-","-","-"
"26977","Heritage district","AIR Communities","Mike Weis","michael.weis@aircommunities.com","480-217-6717","No Cool :HVAC","Unit 1113- No cool","Completed","Jul 20, 2026, 6:00 PM","Jul 20, 2026, 8:00 PM","07/20/2026","18:00:00","07/20/2026","20:00:00","Jul 20, 2026, 10:16 AM","2026","July 2026","Jess Gonzalez","275 West Juniper Avenue, Gilbert, Arizona 85233","Gilbert","Arizona","85233","Main Location","Jacob Martinez, Chuy Torres","MFH - HVAC","Sent","323","0","0","0","","77601","","","77601","MFH:MFH - HVAC","Unit 1113
Per Mike unit not cooling
POC Mike","---

## **Field Service Report: Capacitor Replacement & Condenser Cleaning**

**Date:** July 20, 2026  
**Unit:** 1113  
**Status:** Arrived on-site, diagnosed a bad run capacitor causing the compressor to stall, replaced the component, and cleaned a dirty condenser coil to resolve high operating temperatures.

### **Diagnostic Findings**
* **Initial Assessment:** Responded to a no-cooling call and evaluated the outdoor HVAC equipment.
* **Component Failure:** Found the **compressor was not coming on**. Tested the electrical components and found a completely dead/failed **40/5 mfd dual run capacitor**.

### **Repairs Performed**
* **Component Replacement:** Supplied and installed a brand-new **40/5 mfd run capacitor** to restore voltage to the compressor and fan motor. 
* **System Evaluation & Maintenance:** Hooked up the gauges to check the refrigerant cycle. Noticed the **high side temperature was running excessively hot at over 120°F**, indicating poor heat rejection.
* **Coil Cleaning:** Performed a thorough cleaning of the **condenser coil** to remove the dirt and restriction. 

### **Final Status**
* **Verification:** After cleaning the coil, the head pressures successfully regulated and dropped back down to normal operating levels. Checked the indoor performance and verified a perfect **20-degree air split** (temperature drop) across the evaporator.
* **Outcome:** **Restored operation; the system is working properly at this time.**

---

**Status: Component Replaced & Maintenance Performed — Ticket Closed**

---","","-","-","00:59:14","0.98","02:00:00","2","","0","","0","0","0","0","0","0","0","25","63","38","25","31.2","260","228.8","0","323","323","","1406088","","","MFH - HVAC","","Mike","","","","","","Lowe's","Free","","Residential","Tier 1 - 8%","","","16169568","(480) 217-6717","susan.kucherer@aircommunities.com","","","Logen Uknavage","Referral","","","","","Apr 30, 2026, 4:10 PM","Coupa","Heritage district","Heritage district","","","-","-","-","-","-","-","-","-","-","-","-","-","-","-","-","-","-","-","-","-","-","-","-","-","-","-","-","-","-","-","-","-","-","-","-","-","-","-","-","-","-","-","-","-","-","-","-","-","-","-","-","-","-","-","-","-","-","-","-","-","-","-","-","-","-","-","-","-","-","-","-","-","-","-","-","-","-","-","-","-","Jul 20, 2026, 10:16 AM","Jul 20, 2026, 4:39 PM","06:23:11","-","-","-","-","-","Jul 20, 2026, 4:39 PM","Jul 20, 2026, 5:39 PM","00:59:14","-","-","-","-","-","-","-","-","-","-","-","-","-","Jul 20, 2026, 5:39 PM","Jul 22, 2026, 11:59 AM","42:20:48","-","Jul 22, 2026, 11:59 AM","-","-","153:19:30","-","-","-","-","-","-","-","-","-","-","-","-","-","-","-","-","-","-","-","-","-","-","-","-","-","-","-","-","-","-","-","-","-","-","-","-","-","-","-","-","-","-","-","-","-","-","-","-","-","-","-","-","-","-","-","-","-","-","-","-","-","-","-","-","-","-","-","-","-","-","-","-","-","-","-","-","-","-","-","-","-","-","-","-","-","-","-","-","-","-","-","-","-","-","-","-"
"26976","Colter Park","Harbor Group Management Co., LLC","Josh Stocks","wjstocks@harborgroupmanagement.com","252-561-6834","Fan Coil","Unit 31- Fan coil leak at vent","Completed","Jul 21, 2026, 1:00 PM","Jul 21, 2026, 2:00 PM","07/21/2026","13:00:00","07/21/2026","14:00:00","Jul 20, 2026, 10:11 AM","2026","July 2026","Jess Gonzalez","909 West Colter Street, Phoenix, Arizona 85013","Phoenix","Arizona","85013","Main Location","Jordan Wise","MFH - Plumbing","Invoiced","270","0","270","0","","77881","","","77881","AZ Service:MFH","Unit 31
Fan coil leak at vent
POC Josh","Arrived 1:30pm - Finished 2:10pm
Once at unit inspected coil and found primary inner drain pan was full and leaking into duct work. Cleared drain and also cleared secondary while I was at it. Drain pan is starting to show signs of rust and may need replaced soon as well. (6HBC RH)","","-","-","00:49:49","0.82","01:00:00","1","","0","","0","0","0","0","0","0","0","0","-5","-5","0","33","275","242","0","270","270","","85887988","","","MFH - HVAC","","Josh","","","","","","Lowe's","Free","","Residential","Tier 1 - 8%","","","15508690","(480) 640-7388","fswanson@harborgroupmanagement.com","","","Logen Uknavage","","","","","","Mar 30, 2026, 9:43 AM","Harbor","Colter Park","Colter Park","Feljie","Swanson","-","-","-","-","-","-","-","-","-","-","-","-","-","-","-","-","-","-","-","-","-","-","-","-","-","-","-","-","-","-","-","-","-","-","-","-","-","-","-","-","-","-","-","-","-","-","-","-","-","-","-","-","-","-","-","-","-","-","-","-","-","-","-","-","-","-","-","-","-","-","-","-","-","-","-","-","-","-","-","-","Jul 20, 2026, 10:11 AM","Jul 21, 2026, 1:22 PM","27:10:44","-","-","-","-","-","Jul 21, 2026, 1:22 PM","Jul 21, 2026, 2:12 PM","00:49:49","-","Jul 28, 2026, 12:37 PM","Jul 28, 2026, 12:40 PM","00:03:49","-","-","-","-","-","-","-","-","-","Jul 21, 2026, 2:12 PM","Jul 24, 2026, 11:49 AM","69:37:06","-","Jul 28, 2026, 12:40 PM","-","-","08:38:24","-","-","-","-","-","-","-","-","-","-","-","-","-","-","-","-","-","-","-","-","-","-","-","-","-","-","-","-","-","-","-","-","-","-","-","-","-","-","-","-","-","-","-","-","-","-","-","-","-","-","-","-","-","-","-","-","-","-","-","-","-","-","-","-","-","-","-","-","-","-","-","-","-","-","-","-","-","-","-","-","-","-","-","-","-","-","-","-","-","-","-","-","-","-","-","-"
"26975","Ryan Boas","","Ryan Boas","ryantboas@msn.com","(520) 241-1998","Warranty :Lowes Water Heaters","","Needs to be Rescheduled","Jul 22, 2026, 8:00 AM","Jul 22, 2026, 10:00 AM","07/22/2026","08:00:00","07/22/2026","10:00:00","Jul 20, 2026, 10:02 AM","2026","July 2026","Brenton Heward","7415 North Boston Place, Tucson, Arizona 85741","Tucson","Arizona","85741","Main Location","Mathew Hodges","Lowes","Sent","1185","1185","0","0","","77710, 77711","77710","Lowes","77711","Lowes","-Warranty reason: the water heater is leaking water filling up the drip pan. Can't see a leak coming from any of the supply lines. Diagnose the issues as much as you can. If the unit is the issue call AO Smith at this number: 800-456-9805. When you get ahold of AO Smith you will need to get an LA# after they give you an RA# or a PA#. That LA# is a number that we give to Lowes that allows us get paid for this job through Lowes/AO Smith. No matter what GET THE LA# from AO Smith. Also track how long you are on hold so we can bill them for it.

LA#L14886149
RA#R14886148

-Original installer? Michael O.","Came up to the customers house had to call AO Smith service line got the R a number to take back to the Lowe’s to get a new one. Customer told me that they do not want it installed right now because they have the floor that they have to put back in. This job has to be rescheduled for another day when they’re done with the floor it took a little bit longer because of returning it at Lowe’s they had a little bit of issues but at the house I looped the line the hot and cold together for the time being then they have hot water. Gas is off. It is ready for putting the water heater in whenever customer is ready.","Lowes,Warranty","-","-","03:29:38","3.48","02:00:00","2","00:43:39","0.72","","0","30","145","115","240","1040","800","30","145","115","30","240","1040","800","0","1185","1185","","38024116","","","Lowes - Water Heaters","","","","","","","","Lowe's","Free","","Residential","Tier 1 - 8%","","","10109154","(520) 241-1998","ryantboas@msn.com","(520) 623-5826","","Josh Harris","Lowe's","1st Attempt","","","","Apr 7, 2025, 10:24 AM","Resi,Lowes","Ryan Boas","","Ryan","Boas","-","-","-","-","-","-","-","-","-","-","-","-","-","-","-","-","-","-","-","-","-","-","-","-","-","-","-","-","-","-","-","-","-","-","-","-","-","-","-","-","-","-","-","-","-","-","-","-","Jul 20, 2026, 10:02 AM","Jul 22, 2026, 6:48 AM","44:45:53","-","-","-","-","-","Jul 22, 2026, 6:48 AM","Jul 22, 2026, 7:31 AM","00:43:39","-","Jul 22, 2026, 7:31 AM","Jul 22, 2026, 11:01 AM","03:29:39","-","Jul 22, 2026, 11:01 AM","-","-","154:17:54","-","-","-","-","-","-","-","-","-","-","-","-","-","-","-","-","-","-","-","-","-","-","-","-","-","-","-","-","-","-","-","-","-","-","-","-","-","-","-","-","-","-","-","-","-","-","-","-","-","-","-","-","-","-","-","-","-","-","-","-","-","-","-","-","-","-","-","-","-","-","-","-","-","-","-","-","-","-","-","-","-","-","-","-","-","-","-","-","-","-","-","-","-","-","-","-","-","-","-","-","-","-","-","-","-","-","-","-","-","-","-","-","-","-","-","-","-","-","-","-","-","-","-","-","-","-","-","-","-","-","-","-","-","-","-","-","-","-","-","-"
"26974","Argenta Apartments","29th Street Communities","Sean O'Brian","sean.obrien@29scliving.com","480-352-1864","No Cool :HVAC","Unit 2085- No cool","Completed","Jul 20, 2026, 12:00 PM","Jul 20, 2026, 2:00 PM","07/20/2026","12:00:00","07/20/2026","14:00:00","Jul 20, 2026, 9:40 AM","2026","July 2026","Jess Gonzalez","4104 East Broadway Road, Mesa, Arizona 85206","Mesa","Arizona","85206","Main Location","Chuy Torres, Jacob Martinez","MFH - HVAC","Estimate","0","1950","0","0","","77542","77542","MFH:MFH - HVAC","","","Unit 2085
No cool 
POC Sean","---

## **Field Service Report: Compressor Valve Failure & Replacement Estimate**

**Date:** July 20, 2026  
**Unit:** 2085  
**Status:** Arrived on-site, diagnosed fatal mechanical damage (failed internal valves) to the compressor on a newer 14 SEER system, and recommended a compressor replacement.

### **Diagnostic Findings**
* **Initial Assessment:** Responded to a service call for a cooling issue and evaluated the outdoor HVAC equipment.
* **System Evaluation:** Inspected the equipment, noting it is a newer **14 SEER system**.
* **Component Failure:** Hooked up gauges and tested the compressor. Determined that the internal **valves are shot**. While the compressor runs electrically, it is not pumping properly and cannot compress the refrigerant to create the necessary pressure differential for cooling.

### **Recommendations & Next Steps**
* **Replacement Required:** Because the internal valves have failed, the compressor is mechanically dead and cannot be repaired. I **recommend replacing the compressor** under warranty (if applicable due to it being a newer system).
* **Action Item:** I am submitting these findings to the office to generate a formal compressor replacement bid and verify warranty status.

---

**Status: Unit Condemned (Failed Compressor Valves) — Pending Replacement","","-","-","00:33:49","0.55","02:00:00","2","","0","","0","0","0","0","204","1950","1746","0","0","0","0","0","0","0","0","0","0","","","","","MFH - HVAC","","Sean","","","","","","Lowe's","Free","","Residential","Tier 1 - 8%","","","9808428","(925) 324-7595","diana.march@29scliving.com","","sean.obrien@29scliving.com","Logen Uknavage","Referral","Won","","","","Mar 21, 2025, 8:24 AM","","Argenta Apartments","Argenta Apartments","Diana","March","-","-","-","-","-","-","-","-","-","-","-","-","-","-","-","-","-","-","-","-","-","-","-","-","-","-","-","-","-","-","-","-","-","-","-","-","-","-","-","-","-","-","-","-","-","-","-","-","-","-","-","-","-","-","-","-","-","-","-","-","-","-","-","-","-","-","-","-","-","-","-","-","-","-","-","-","-","-","-","-","Jul 20, 2026, 9:40 AM","Jul 20, 2026, 12:43 PM","03:02:41","-","-","-","-","-","Jul 20, 2026, 12:43 PM","Jul 20, 2026, 1:17 PM","00:33:49","-","-","-","-","-","-","-","-","-","-","-","-","-","Jul 20, 2026, 1:17 PM","Jul 20, 2026, 2:10 PM","00:52:54","-","Jul 20, 2026, 2:10 PM","-","-","199:09:21","-","-","-","-","-","-","-","-","-","-","-","-","-","-","-","-","-","-","-","-","-","-","-","-","-","-","-","-","-","-","-","-","-","-","-","-","-","-","-","-","-","-","-","-","-","-","-","-","-","-","-","-","-","-","-","-","-","-","-","-","-","-","-","-","-","-","-","-","-","-","-","-","-","-","-","-","-","-","-","-","-","-","-","-","-","-","-","-","-","-","-","-","-","-","-","-"
"26973","Argenta Apartments","29th Street Communities","Sean O'Brian","sean.obrien@29scliving.com","480-352-1864","No Cool :HVAC","Unit 2069- No cool","Completed","Jul 20, 2026, 10:00 AM","Jul 20, 2026, 12:00 PM","07/20/2026","10:00:00","07/20/2026","12:00:00","Jul 20, 2026, 9:39 AM","2026","July 2026","Jess Gonzalez","4104 East Broadway Road, Mesa, Arizona 85206","Mesa","Arizona","85206","Main Location","Chuy Torres, Jacob Martinez, Hector Aguirre, Riley Torres","MFH - HVAC","Sent","3637.11","3637.11","0","0","","77909, 77533","77533","-","77909","MFH:MFH - HVAC","Unit 2069
No cool
POC Sean","SERVICE TICKET SUMMARY & RECOMMENDATION

Location: Unit 2069
System Type: 1.5-Ton First Co. Ceiling Mount Air Handler & Matching Outdoor Condenser
Refrigerant: R-22

DIAGNOSTIC FINDINGS:
- Compressor Status: Mechanical failure. Compressor energizes/runs but is no longer pumping (internal valves failed / lost differential pressure).
- System Status: System operates on obsolete R-22 refrigerant.

RECOMMENDATION: FULL SYSTEM REPLACEMENT
Recommend full replacement of both the indoor ceiling-mount air handler and the outdoor condensing unit with a modern, matched system.

LOGISTICS & NOTES:
- Equipment Needed: 1.5-Ton Ceiling-Mount Air Handler & Matching 1.5-Ton Outdoor Condenser.
- Site Access: Indoor unit is ceiling-mount. No crane required for outdoor condenser access.
- Justification: Major compressor failure on an obsolete R-22 system. Component-only repair is not cost-effective or practical due to refrigerant phase-out and metering compatibility. Full matched system replacement recommended.","","-","-","01:31:41","1.52","02:00:00","2","00:32:48","0.53","","0","1936.87","2890.85","953.98","500","746.26","246.26","1936.87","2890.85","953.98","1936.87","500","746.26","246.26","0","3637.11","3637.11","","287167","","","MFH - HVAC","","Sean","","","","","","Lowe's","Free","","Residential","Tier 1 - 8%","","","9808428","(925) 324-7595","diana.march@29scliving.com","","sean.obrien@29scliving.com","Logen Uknavage","Referral","Won","","","","Mar 21, 2025, 8:24 AM","","Argenta Apartments","Argenta Apartments","Diana","March","-","-","-","-","-","-","-","-","-","-","-","-","-","-","-","-","-","-","-","-","-","-","-","-","-","-","-","-","-","-","-","-","-","-","-","-","-","-","-","-","-","-","-","-","-","-","-","-","-","-","-","-","-","-","-","-","-","-","-","-","-","-","-","-","-","-","-","-","-","-","-","-","-","-","-","-","-","-","-","-","Jul 20, 2026, 9:39 AM","Jul 20, 2026, 10:35 AM","00:56:35","-","Jul 20, 2026, 10:35 AM","Jul 20, 2026, 11:08 AM","00:32:48","-","Jul 20, 2026, 11:08 AM","Jul 20, 2026, 12:40 PM","01:31:41","-","Jul 22, 2026, 11:39 AM","Jul 24, 2026, 2:22 PM","50:42:59","-","-","-","-","-","-","-","-","-","Jul 20, 2026, 12:40 PM","Jul 20, 2026, 2:08 PM","01:28:21","-","Jul 24, 2026, 2:22 PM","-","-","102:57:07","-","-","-","-","-","-","-","-","-","-","-","-","-","-","-","-","-","-","-","-","-","-","-","-","-","-","-","-","-","-","-","-","-","-","-","-","-","-","-","-","-","-","-","-","-","-","-","-","-","-","-","-","-","-","-","-","-","-","-","-","-","-","-","-","-","-","-","-","-","-","-","-","-","-","-","-","-","-","-","-","-","-","-","-","-","-","-","-","-","-","-","-","-","-","-","-"
"26972","Venue on Camelback","BH Management Services LLC","Contact","","602-896-7633","Fan Coil","Unit 416- Fan coil drip pan cracked and leaking","Completed","Jul 20, 2026, 4:00 PM","Jul 20, 2026, 6:00 PM","07/20/2026","16:00:00","07/20/2026","18:00:00","Jul 20, 2026, 9:31 AM","2026","July 2026","Jess Gonzalez","1930 East Camelback Road, Phoenix, Arizona 85016","Phoenix","Arizona","85016","Main Location","Hunter Howell","MFH - Plumbing","Estimate","0","1798","0","0","","77596","77596","AZ Service:MFH","","","Unit 416
Fan coil drip pan cracked and leaking
POC Angel","Est

LH 4HBC3
Includes:
Turn off power and water supply to the fan coil.
Remove existing blower motor.
Remove and replace the existing fan coil.
Install new blower motor.
Restore water service and perform a leak test.
Restore power to the system.
Test for proper operation.
Clean up the work area.
Excludes:
Work beyond listed scope.
Water damage.
Drywall, texture, and paint.
Electrical upgrades or repairs beyond the fan coil connection.","","-","-","00:22:31","0.37","02:00:00","2","","0","","0","697","1038","341","91.2","760","668.8","0","0","0","0","0","0","0","0","0","0","","","","","MFH - Plumbing","","Angel","","","","","","Lowe's","Free","","Residential","Tier 1 - 8%","","","12805541","(480) 340-2646","andres.marquez@livebh.com","","","Logen Uknavage","","","","","","Oct 16, 2025, 3:10 PM","Commercial,MFH,BH Mgmt","Venue on Camelback","Venue on Camelback","Andres","Marquez","-","-","-","-","-","-","-","-","-","-","-","-","-","-","-","-","-","-","-","-","-","-","-","-","-","-","-","-","-","-","-","-","-","-","-","-","-","-","-","-","-","-","-","-","-","-","-","-","-","-","-","-","-","-","-","-","-","-","-","-","-","-","-","-","-","-","-","-","-","-","-","-","-","-","-","-","-","-","-","-","Jul 20, 2026, 9:31 AM","Jul 20, 2026, 4:49 PM","07:17:41","-","-","-","-","-","Jul 20, 2026, 4:49 PM","Jul 20, 2026, 5:11 PM","00:22:31","-","-","-","-","-","-","-","-","-","-","-","-","-","Jul 20, 2026, 5:11 PM","Jul 22, 2026, 1:45 PM","44:33:31","-","Jul 22, 2026, 1:45 PM","-","-","151:33:51","-","-","-","-","-","-","-","-","-","-","-","-","-","-","-","-","-","-","-","-","-","-","-","-","-","-","-","-","-","-","-","-","-","-","-","-","-","-","-","-","-","-","-","-","-","-","-","-","-","-","-","-","-","-","-","-","-","-","-","-","-","-","-","-","-","-","-","-","-","-","-","-","-","-","-","-","-","-","-","-","-","-","-","-","-","-","-","-","-","-","-","-","-","-","-","-"
"26969","Karen Erickson","","Karen Erickson","slickrick451@gmail.com","(928) 651-3602","Fixture Issues :Plumbing","Faucet not working","Canceled","Jul 23, 2026, 12:00 PM","Jul 23, 2026, 2:00 PM","07/23/2026","12:00:00","07/23/2026","14:00:00","Jul 20, 2026, 8:59 AM","2026","July 2026","Beatriz Garcia","3239 West 12th Street, Thatcher, AZ 85552","Thatcher","AZ","85552","Main Location","","","","0","0","0","0","","","","","","","This is a Home Depot job and will have to be processed through Home Depot

Reason for call?problem with a faucet that leaks when the shower attachment is removed

Who will be present to meet the technician? Karen

Is there anything else you would like technician to look at while they are there? N/A

How did you hear about NexLvl Services? Home Depot","","Resi,Gila Valley,Home Depot","-","-","","0","02:00:00","2","","0","","0","0","0","0","0","0","0","0","0","0","0","0","0","0","0","0","0","","","","","Gila Valley - Plumbing","Availability","Karen Erickson","","","","","","Lowe's","Free","","Residential","Tier 1 - 8%","","","8169361","(928) 651-3602","slickrick451@gmail.com","","","","HVAC","","","","","Oct 31, 2024, 10:20 PM","Gila Valley,Resi","Karen Erickson","","Karen","Erickson","-","-","-","-","-","-","-","-","-","-","-","-","-","-","-","-","-","-","-","-","-","-","-","-","-","-","-","-","-","-","-","-","-","-","-","-","-","-","-","-","-","-","-","-","-","-","-","-","-","-","-","-","-","-","-","-","-","-","-","-","-","-","-","-","-","-","-","-","-","-","-","-","-","-","-","-","-","-","-","-","Jul 20, 2026, 9:00 AM","Jul 23, 2026, 8:17 AM","71:17:36","-","-","-","-","-","-","-","-","-","-","-","-","-","-","-","-","-","-","-","-","-","-","-","-","-","-","-","-","-","Jul 23, 2026, 8:17 AM","-","-","133:01:44","-","-","-","-","-","-","-","-","-","-","-","-","-","-","-","-","-","-","-","-","-","-","-","-","-","-","-","-","-","-","-","-","-","-","-","-","-","-","-","-","-","-","-","-","-","-","-","-","-","-","-","-","-","-","-","-","-","-","-","-","-","-","-","-","-","-","-","-","-","-","-","-","-","-","-","-","-","-","-","-","-","-","-","-","-","-","-","-","-","-","-","-"
"26968","Lynn Miller","","Lynn Miller","lmiller520@comcast.net","(520) 808-5522","Water Heater Install :Lowes Water Heaters","","Completed","Jul 20, 2026, 12:00 PM","Jul 20, 2026, 2:00 PM","07/20/2026","12:00:00","07/20/2026","14:00:00","Jul 20, 2026, 8:58 AM","2026","July 2026","Gina Neisius","5071 n silverbell rd, Tucson, AZ 85745","Tucson","AZ","85745","Main Address","Mathew Hodges","Lowes","Paid","1989.7","2320","0","1989.7","","77626, 77503","77503","Lowes","77626","Lowes","#1325041
didn't have photos since he is not home. Current unit is 56.5 inches tall in the single car garage. 

Order #300902201264480938

Model Number # #G6-T4036PVR

Lowes Store Address: 4075 WEST INA ROAD, Tucson, AZ, 85741


Notes and Details (Addon bundles, other details):","Came out to customers house to install 40 gallon propane, gas water heater ran into a little issues old water heater did not want to drain right got the old water heater down and installed new water heater then I had the new supply line gasket was leaking. Had to replace the gasket. that’s why it took a little bit longer than usual got everything hooked up made sure there was no leaks. After replacing the gasket tested everything. There is no leaks at this time turned gas onto the water heater filled up the water heater. Turn gas on water heater is now heating up. Customer is satisfied with the work.","Pick up from Lowes,Lowes","-","-","03:58:08","3.97","02:00:00","2","00:27:40","0.45","","0","868","1153","285","270","1167","897","868","1153","285","868","270","836.7","566.7","0","1989.7","1989.7","","41420342","single car garage","","Lowes - Water Heaters","","","","","","","","Lowe's","Free","","Residential","Tier 1 - 8%","","","17582446","(520) 808-5522","lmiller520@comcast.net","","","Gina Neisius","IME","New Prospect","","ESTIMATE_APPOINTMENT | APPOINTMENT_SET","ESTIMATE_APPOINTMENT | APPOINTMENT_SET","Jul 20, 2026, 7:34 AM","","Lynn Miller","","Lynn","Miller","-","-","-","-","-","-","-","-","-","-","-","-","-","-","-","-","-","-","-","-","-","-","-","-","-","-","-","-","-","-","-","-","-","-","-","-","-","-","-","-","-","-","-","-","-","-","-","-","Jul 20, 2026, 8:58 AM","Jul 20, 2026, 2:06 PM","05:07:55","-","-","-","-","-","Jul 20, 2026, 2:06 PM","Jul 20, 2026, 2:34 PM","00:27:40","-","Jul 20, 2026, 2:34 PM","Jul 20, 2026, 6:32 PM","03:58:08","-","-","-","-","-","Jul 20, 2026, 6:32 PM","Jul 21, 2026, 8:00 AM","13:28:11","-","Jul 21, 2026, 8:00 AM","-","-","181:18:30","-","-","-","-","-","-","-","-","-","-","-","-","-","-","-","-","-","-","-","-","-","-","-","-","-","-","-","-","-","-","-","-","-","-","-","-","-","-","-","-","-","-","-","-","-","-","-","-","-","-","-","-","-","-","-","-","-","-","-","-","-","-","-","-","-","-","-","-","-","-","-","-","-","-","-","-","-","-","-","-","-","-","-","-","-","-","-","-","-","-","-","-","-","-","-","-","-","-","-","-","-","-","-","-","-","-","-","-","-","-","-","-","-","-","-","-","-","-","-","-","-","-","-","-","-","-","-","-","-","-","-","-"
"26967","Colter Park","Harbor Group Management Co., LLC","Josh Stocks","wjstocks@harborgroupmanagement.com","252-561-6834","Fan Coil","Unit 361- Fan coil no cool","Completed","Jul 21, 2026, 11:00 AM","Jul 21, 2026, 12:00 PM","07/21/2026","11:00:00","07/21/2026","12:00:00","Jul 20, 2026, 8:51 AM","2026","July 2026","Jess Gonzalez","909 West Colter Street, Phoenix, Arizona 85013","Phoenix","Arizona","85013","Main Location","Jordan Wise","MFH - Plumbing","Estimate","0","340","0","0","","77880","77880","AZ Service:MFH","","","Unit 361
Fan coil leak 
POC Josh","Arrived 12:15pm - Finished 12:45pm
Once inside unit took temps at 68 flushed coil and got temps down to 45. Also found inner drain pan was backed up and hose bib was leaking due to cap not being fully tightened. Fix both issues and leak is now fixed. Cleaned up work area before leaving unit.","","-","-","00:37:09","0.62","01:00:00","1","","0","","0","0","-10","-10","42","350","308","0","0","0","0","0","0","0","0","0","0","","85887965","","","MFH - Plumbing","","Josh","","","","","","Lowe's","Free","","Residential","Tier 1 - 8%","","","15508690","(480) 640-7388","fswanson@harborgroupmanagement.com","","","Logen Uknavage","","","","","","Mar 30, 2026, 9:43 AM","Harbor","Colter Park","Colter Park","Feljie","Swanson","-","-","-","-","-","-","-","-","-","-","-","-","-","-","-","-","-","-","-","-","-","-","-","-","-","-","-","-","-","-","-","-","-","-","-","-","-","-","-","-","-","-","-","-","-","-","-","-","-","-","-","-","-","-","-","-","-","-","-","-","-","-","-","-","-","-","-","-","-","-","-","-","-","-","-","-","-","-","-","-","Jul 20, 2026, 8:51 AM","Jul 21, 2026, 12:12 PM","27:21:04","-","-","-","-","-","Jul 21, 2026, 12:12 PM","Jul 21, 2026, 12:49 PM","00:37:09","-","-","-","-","-","-","-","-","-","-","-","-","-","Jul 21, 2026, 12:49 PM","Jul 24, 2026, 11:41 AM","70:51:44","-","Jul 24, 2026, 11:41 AM","-","-","105:37:46","-","-","-","-","-","-","-","-","-","-","-","-","-","-","-","-","-","-","-","-","-","-","-","-","-","-","-","-","-","-","-","-","-","-","-","-","-","-","-","-","-","-","-","-","-","-","-","-","-","-","-","-","-","-","-","-","-","-","-","-","-","-","-","-","-","-","-","-","-","-","-","-","-","-","-","-","-","-","-","-","-","-","-","-","-","-","-","-","-","-","-","-","-","-","-","-"
"26966","Yvonne Marquette","","Yvonne Marquette","sybilized6@gmail.com","(408) 757-6146","Fixture Issues :Plumbing","snake toilet/slow draining","Completed","Jul 22, 2026, 9:00 AM","Jul 22, 2026, 11:00 AM","07/22/2026","09:00:00","07/22/2026","11:00:00","Jul 20, 2026, 8:49 AM","2026","July 2026","Beatriz Garcia","22957 West Arrow Drive, Buckeye, Arizona 85326","Buckeye","Arizona","85326","Main Location","Adam George","PHX - Plumbing","Paid","275","275","0","275","","77702, 77700","77700","-","77702","AZ Service:Resi Plumbing","Reason for call? Toilet doesn't drain well when there are solids in it. Needs a snake.

Who will be present to meet the technician? Yvonne

Is there anything else you would like technician to look at while they are there?N/A 

How did you hear about NexLvl Services? Existing

LOWES LEAD","The toilet was flushing fine. Ran an auger down the toilet. Free of n charge since she asked that I replace her failed hose bib.","Resi,Lowes","-","-","00:38:00","0.63","02:00:00","2","00:56:07","0.93","","0","50","125","75","21","150","129","50","125","75","50","21","150","129","0","275","275","","","","","Resi Plumbing","","Yvonne Marquette","","","","","","Lowe's","Free","","Residential","Tier 1 - 8%","","","13739246","(408) 757-6146","sybilized6@gmail.com","","","","IMS","","","","","Dec 16, 2025, 2:17 PM","Lowes - Simple Installs","Yvonne Marquette","","Yvonne","Marquette","-","-","-","-","-","-","-","-","-","-","-","-","-","-","-","-","-","-","-","-","-","-","-","-","-","-","-","-","-","-","-","-","-","-","-","-","-","-","-","-","-","-","-","-","-","-","-","-","-","-","-","-","-","-","-","-","-","-","-","-","-","-","-","-","-","-","-","-","-","-","-","-","-","-","-","-","-","-","-","-","Jul 20, 2026, 8:49 AM","Jul 22, 2026, 8:12 AM","47:23:46","-","Jul 22, 2026, 8:12 AM","Jul 22, 2026, 9:09 AM","00:56:07","-","Jul 22, 2026, 9:09 AM","Jul 22, 2026, 9:47 AM","00:38:00","-","-","-","-","-","-","-","-","-","-","-","-","-","Jul 22, 2026, 9:47 AM","Jul 27, 2026, 2:52 PM","125:05:15","-","Jul 27, 2026, 2:52 PM","-","-","30:27:04","-","-","-","-","-","-","-","-","-","-","-","-","-","-","-","-","-","-","-","-","-","-","-","-","-","-","-","-","-","-","-","-","-","-","-","-","-","-","-","-","-","-","-","-","-","-","-","-","-","-","-","-","-","-","-","-","-","-","-","-","-","-","-","-","-","-","-","-","-","-","-","-","-","-","-","-","-","-","-","-","-","-","-","-","-","-","-","-","-","-","-","-","-","-","-","-"
"26965","The Cheesecake Factory","","Joey Vega","jvega2@thecheesecakefactory.com","480-973-2020","Active Water Leak :Plumbing","Bar - Leak in pipe","Completed","Jul 20, 2026, 10:00 AM","Jul 20, 2026, 12:00 PM","07/20/2026","10:00:00","07/20/2026","12:00:00","Jul 20, 2026, 8:44 AM","2026","July 2026","Joey Reyes","16134 North 83rd Avenue, Peoria, Arizona 85382","Peoria","Arizona","85382","Cheesecake Factory","Hunter Howell","MFH - Plumbing","Estimate","0","1040","0","0","","77527","77527","AZ Service:MFH","","","Pin for the Cheese Cake Factory 339864.
NTE $500
(IVR) by dialing 516-500-7776, 516-200-3363 to check in upon arrival to the location and to check out upon completion of your visit.
""BAR / Plumbing / Pipes Leaking / Leak in Plumbing needs repair / Leak in the pipes to the right of service well, left of the ice machine behind the bar. Please come monday. ""","They need an est



Findings
Found the existing copper drain line cracked and broken.
Includes
Gain access through the ice maker and shelving.
Disconnect and remove the failed section of copper drain pipe.
Install a new section of copper drain pipe.
Perform a drain test and leak test to verify proper operation.
Clean up the work area.
Excludes
Work beyond the listed scope.
Water damage.","","-","-","00:45:58","0.75","02:00:00","2","01:27:24","1.45","","0","200","350","150","93.6","690","596.4","0","0","0","0","0","0","0","0","0","0","","357474865","","","MFH - Plumbing","","","","","","","","Lowe's","Free","","Residential","Tier 1 - 8%","","","15313500","480-973-2020","jvega2@thecheesecakefactory.com","","","Logen Uknavage","Existing Customer","","","Pin for the Cheese Cake Factory 339864.","Pin for the Cheese Cake Factory 339864.","Mar 13, 2026, 1:23 PM","Service Channel","The Cheesecake Factory","The Cheesecake Factory","Joey","Vega","-","-","-","-","-","-","-","-","-","-","-","-","-","-","-","-","-","-","-","-","-","-","-","-","-","-","-","-","-","-","-","-","-","-","-","-","-","-","-","-","-","-","-","-","-","-","-","-","-","-","-","-","-","-","-","-","-","-","-","-","-","-","-","-","-","-","-","-","-","-","-","-","-","-","-","-","-","-","-","-","Jul 20, 2026, 8:44 AM","Jul 20, 2026, 9:53 AM","01:09:11","-","Jul 20, 2026, 9:53 AM","Jul 20, 2026, 11:21 AM","01:27:25","-","Jul 20, 2026, 11:21 AM","Jul 20, 2026, 12:07 PM","00:45:57","-","-","-","-","-","-","-","-","-","-","-","-","-","Jul 20, 2026, 12:07 PM","Jul 22, 2026, 1:34 PM","49:27:40","-","Jul 22, 2026, 1:34 PM","-","-","151:44:26","-","-","-","-","-","-","-","-","-","-","-","-","-","-","-","-","-","-","-","-","-","-","-","-","-","-","-","-","-","-","-","-","-","-","-","-","-","-","-","-","-","-","-","-","-","-","-","-","-","-","-","-","-","-","-","-","-","-","-","-","-","-","-","-","-","-","-","-","-","-","-","-","-","-","-","-","-","-","-","-","-","-","-","-","-","-","-","-","-","-","-","-","-","-","-","-"
"26963","Colter Park","Harbor Group Management Co., LLC","Josh Stocks","wjstocks@harborgroupmanagement.com","252-561-6834","Fan Coil","Unit 183- Fan Coil no cool","Completed","Jul 21, 2026, 3:00 PM","Jul 21, 2026, 4:00 PM","07/21/2026","15:00:00","07/21/2026","16:00:00","Jul 20, 2026, 8:42 AM","2026","July 2026","Jess Gonzalez","909 West Colter Street, Phoenix, Arizona 85013","Phoenix","Arizona","85013","Main Location","Jordan Wise","MFH - Plumbing","Sent","340","0","0","0","","77883","","","77883","AZ Service:MFH","Unit 183
Fan coil no cool (L/O 7/10)
POC Josh","Arrived 3pm - Finished 3:30pm
Once inside unit took temps at 81 flushed coil of dirty water until clear and got temps down to 63 checked out with office and maintenance before leaving property.","","-","-","00:32:35","0.53","01:00:00","1","00:17:56","0.28","","0","0","0","0","0","0","0","0","-10","-10","0","42","350","308","0","340","340","","85888003","","","MFH - Plumbing","","Josh","","","","","","Lowe's","Free","","Residential","Tier 1 - 8%","","","15508690","(480) 640-7388","fswanson@harborgroupmanagement.com","","","Logen Uknavage","","","","","","Mar 30, 2026, 9:43 AM","Harbor","Colter Park","Colter Park","Feljie","Swanson","-","-","-","-","-","-","-","-","-","-","-","-","-","-","-","-","-","-","-","-","-","-","-","-","-","-","-","-","-","-","-","-","-","-","-","-","-","-","-","-","-","-","-","-","-","-","-","-","-","-","-","-","-","-","-","-","-","-","-","-","-","-","-","-","-","-","-","-","-","-","-","-","-","-","-","-","-","-","-","-","Jul 21, 2026, 12:31 PM","Jul 21, 2026, 2:52 PM","02:21:08","-","Jul 21, 2026, 12:13 PM","Jul 21, 2026, 12:31 PM","00:17:56","-","Jul 21, 2026, 2:52 PM","Jul 21, 2026, 3:25 PM","00:32:35","-","-","-","-","-","-","-","-","-","-","-","-","-","Jul 21, 2026, 3:25 PM","Jul 24, 2026, 11:56 AM","68:30:57","-","Jul 24, 2026, 11:56 AM","-","-","105:23:13","-","-","-","-","-","-","-","-","-","-","-","-","-","-","-","-","-","-","-","-","-","-","-","-","-","-","-","-","-","-","-","-","-","-","-","-","-","-","-","-","-","-","-","-","-","-","-","-","-","-","-","-","-","-","-","-","-","-","-","-","-","-","-","-","-","-","-","-","-","-","-","-","-","-","-","-","-","-","-","-","-","-","-","-","-","-","-","-","-","-","-","-","-","-","-","-"
"26962","Tyrone Anderson","","Tyrone Anderson","jlha54@yahoo.com","(928) 978-2626","Water Heater Install :Lowes Water Heaters","","Completed","Jul 20, 2026, 10:00 AM","Jul 20, 2026, 12:00 PM","07/20/2026","10:00:00","07/20/2026","12:00:00","Jul 20, 2026, 8:38 AM","2026","July 2026","Gina Neisius","21031 W Western Dr, Buckeye, AZ 85396","Buckeye","AZ","85396","Main Address","Tanner LaForge","Lowes","Paid","1678.75","1975","0","1678.75","","77496, 77541","77496","Lowes","77541","Lowes","#962540
10am-2pm

Order# 300902201264469995

Lowes Store Address: 700 SOUTH WATSON ROAD, Buckeye, AZ, 85326


Notes and Details (Addon bundles, other details):","7/20

Arrived to install a new 50 gallon gas heater. Drained and removed the old tank and pan. Replaced both supply lines and ball valve. 

Set a new pan and the tank in place. Connected water lines and ran new t&p. Ran new gas line. 

Filled the heater and turned on the burner. 

No issues with the install today","Lowes,Pick up from Lowes","-","-","02:32:42","2.53","02:00:00","2","00:16:11","0.27","","0","688","936","248","240","1039","799","688","936","248","688","240","742.75","502.75","0","1678.75","1678.75","","41419781","garage","","Lowes - Water Heaters","","","","","","","","Lowe's","Free","","Residential","Tier 1 - 8%","","","17581550","(928) 978-2626","jlha54@yahoo.com","","","Gina Neisius","IME","New Prospect","","ESTIMATE_APPOINTMENT | APPOINTMENT_SET","ESTIMATE_APPOINTMENT | APPOINTMENT_SET","Jul 20, 2026, 6:05 AM","","Tyrone Anderson","","Tyrone","Anderson","-","-","-","-","-","-","-","-","-","-","-","-","-","-","-","-","-","-","-","-","-","-","-","-","-","-","-","-","-","-","-","-","-","-","-","-","-","-","-","-","-","-","-","-","-","-","-","-","Jul 20, 2026, 8:38 AM","Jul 20, 2026, 9:04 AM","00:25:24","-","Jul 20, 2026, 9:04 AM","Jul 20, 2026, 10:23 AM","01:19:28","-","Jul 20, 2026, 10:23 AM","Jul 20, 2026, 10:39 AM","00:16:12","-","Jul 20, 2026, 10:39 AM","Jul 20, 2026, 1:12 PM","02:32:42","-","-","-","-","-","Jul 20, 2026, 1:12 PM","Jul 20, 2026, 1:13 PM","00:01:07","-","Jul 20, 2026, 1:13 PM","-","-","200:05:37","-","-","-","-","-","-","-","-","-","-","-","-","-","-","-","-","-","-","-","-","-","-","-","-","-","-","-","-","-","-","-","-","-","-","-","-","-","-","-","-","-","-","-","-","-","-","-","-","-","-","-","-","-","-","-","-","-","-","-","-","-","-","-","-","-","-","-","-","-","-","-","-","-","-","-","-","-","-","-","-","-","-","-","-","-","-","-","-","-","-","-","-","-","-","-","-","-","-","-","-","-","-","-","-","-","-","-","-","-","-","-","-","-","-","-","-","-","-","-","-","-","-","-","-","-","-","-","-","-","-","-","-"
"26961","Megan Olaughlin","","Megan Olaughlin","meganolaughlin@gmail.xom","(831) 588-5357","Pool Inspection","Vacuum","Completed","Jul 22, 2026, 2:00 PM","Jul 22, 2026, 4:00 PM","07/22/2026","14:00:00","07/22/2026","16:00:00","Jul 20, 2026, 8:24 AM","2026","July 2026","Destinee Kastner","6307 South College Avenue, Tempe, Arizona 85283","Tempe","Arizona","85283","Main Location","Ian Campbell","Pools","","0","0","0","0","","","","","","","vacuum not working","Vacuum cone gear just needed height adjustment, it was jamming up the turbine.

Vacuum is moving well now.","Resi,Preferred Tech","-","-","00:10:36","0.17","02:00:00","2","00:11:41","0.18","","0","0","0","0","0","0","0","0","0","0","0","0","0","0","0","0","0","","","","","Pool Repair","","Megan","","","","","","Lowe's","Free","","Residential","Tier 1 - 8%","","","17105318","(831) 588-5357","meganolaughlin@gmail.xom","","","","Google Search","","","","","Jun 9, 2026, 3:28 PM","Pool Cleaning,Resi","Megan Olaughlin","","Megan","Olaughlin","-","-","-","-","-","-","-","-","-","-","-","-","-","-","-","-","-","-","-","-","-","-","-","-","-","-","-","-","-","-","-","-","-","-","-","-","-","-","-","-","-","-","-","-","-","-","-","-","-","-","-","-","-","-","-","-","-","-","-","-","-","-","-","-","-","-","-","-","-","-","-","-","-","-","-","-","-","-","-","-","Jul 20, 2026, 8:24 AM","Jul 22, 2026, 3:12 PM","54:48:27","-","Jul 22, 2026, 3:12 PM","Jul 22, 2026, 3:24 PM","00:11:41","-","Jul 22, 2026, 3:24 PM","Jul 22, 2026, 3:34 PM","00:10:37","-","-","-","-","-","-","-","-","-","-","-","-","-","Jul 22, 2026, 3:34 PM","Jul 22, 2026, 4:17 PM","00:42:24","-","Jul 22, 2026, 4:17 PM","-","-","149:02:12","-","-","-","-","-","-","-","-","-","-","-","-","-","-","-","-","-","-","-","-","-","-","-","-","-","-","-","-","-","-","-","-","-","-","-","-","-","-","-","-","-","-","-","-","-","-","-","-","-","-","-","-","-","-","-","-","-","-","-","-","-","-","-","-","-","-","-","-","-","-","-","-","-","-","-","-","-","-","-","-","-","-","-","-","-","-","-","-","-","-","-","-","-","-","-","-"
"26960","Aventerra at Dobson Ranch","BH Management Services LLC","Contact","","405-534-9019","Active Water Leak :Plumbing","Unit 295","Completed","Jul 20, 2026, 9:00 AM","Jul 20, 2026, 12:00 PM","07/20/2026","09:00:00","07/20/2026","12:00:00","Jul 20, 2026, 7:47 AM","2026","July 2026","Chris Marrs","1960 West Keating Avenue, Mesa, Arizona 85202","Mesa","Arizona","85202","Main Location","Brodyn Janshen","MFH - Plumbing","Invoiced","1585","0","1585","0","","77529","","","77529","AZ Service:MFH","Need to replace water heater. 
30 Gal low boy
Bring supply lines also","Arrived on site office was closed upon arrival located unit tenant was home. I saw the oven was already pulled, and I could see the water heater in there rusty I checked the breaker to make sure the power was off. I got my hose and started draining the water heater and disconnected the supply lines. Once drained enough. I moved it out of the way I had to redo the TNP line as it was a flex line, so I re-piped it with copper, and then put the new water heater in and hooked up the supply lines and filled it once it was full and got the air out of the system. I kicked it on, and I could hear it buzzing. I called Maintenance to let them know the work was complete and I cleaned my mess inside and I put the oven back.","","-","-","02:17:46","2.28","03:00:00","3","00:57:32","0.95","","0","0","0","0","0","0","0","700","1045","345","700","64.8","540","475.2","0","1585","1585","","4769868","","","MFH - Plumbing","","","","","","","","Lowe's","Free","","Residential","Tier 1 - 8%","","","12763964","(480) 210-7636","richard.atwood@livebh.com","","","Logen Uknavage","Referral","","","","Per Chris do not send Julian","Oct 13, 2025, 9:26 AM","BH Mgmt,MFH,Commercial","Aventerra at Dobson Ranch","Aventerra at Dobson Ranch","Janette","Witcher","-","-","-","-","-","-","-","-","-","-","-","-","-","-","-","-","-","-","-","-","-","-","-","-","-","-","-","-","-","-","-","-","-","-","-","-","-","-","-","-","-","-","-","-","-","-","-","-","-","-","-","-","-","-","-","-","-","-","-","-","-","-","-","-","-","-","-","-","-","-","-","-","-","-","-","-","-","-","-","-","Jul 20, 2026, 7:47 AM","Jul 20, 2026, 8:38 AM","00:51:14","-","Jul 20, 2026, 8:38 AM","Jul 20, 2026, 9:36 AM","00:57:32","-","Jul 20, 2026, 9:36 AM","Jul 20, 2026, 11:53 AM","02:17:45","-","-","-","-","-","-","-","-","-","-","-","-","-","Jul 20, 2026, 11:53 AM","Jul 20, 2026, 12:12 PM","00:18:27","-","Jul 20, 2026, 12:12 PM","-","-","201:07:05","-","-","-","-","-","-","-","-","-","-","-","-","-","-","-","-","-","-","-","-","-","-","-","-","-","-","-","-","-","-","-","-","-","-","-","-","-","-","-","-","-","-","-","-","-","-","-","-","-","-","-","-","-","-","-","-","-","-","-","-","-","-","-","-","-","-","-","-","-","-","-","-","-","-","-","-","-","-","-","-","-","-","-","-","-","-","-","-","-","-","-","-","-","-","-","-"
"26957","Lorriane De Lateur","","Lorriane De Lateur","farmdee@comcast.net","(928) 451-8266","Water Heater Install :Lowes Water Heaters","","Completed","Jul 22, 2026, 12:00 PM","Jul 22, 2026, 2:00 PM","07/22/2026","12:00:00","07/22/2026","14:00:00","Jul 19, 2026, 4:25 PM","2026","July 2026","Gina Neisius","12520 n anway rd, Marana, AZ 85653","Marana","AZ","85653","Main Address","Mathew Hodges","Lowes","Paid","1802.7","2100","0","1802.7","","77488, 77781","77488","Lowes","77781","Lowes","#1325042
12p-4p
 

Order #300902201264483611

Lowes Store Address: 4151 NORTH ORACLE ROAD, Tucson, AZ, 85705


Notes and Details (Addon bundles, other details):","Came out customers house to install 40 gallon water heater natural gas and I made sure of that because I asked the homeowner and I looked on the side of the house to make sure they actually had natural gas removed the old water heater to install the new water heater had a perfectly shut off valve that still worked and installed new gas line with new supply lines hooked up the vent made sure everything turned water back on to make sure there was no leaks. There is no leaks at this time. Water heater is now heating up now gonna be collecting payment.","Lowes,Pick up from Lowes","-","-","01:40:31","1.67","02:00:00","2","00:41:30","0.68","","0","803","1043","240","270","1057","787","803","1043","240","803","270","759.7","489.7","0","1802.7","1802.7","","41418831","closet on side of home","","Lowes - Water Heaters","","","","","","","","Lowe's","Free","","Residential","Tier 1 - 8%","","","17580410","(928) 451-8266","farmdee@comcast.net","","","Gina Neisius","IME","New Prospect","","ESTIMATE_APPOINTMENT | APPOINTMENT_SET","ESTIMATE_APPOINTMENT | APPOINTMENT_SET","Jul 19, 2026, 3:46 PM","","Lorriane De Lateur","","Lorriane","De Lateur","-","-","-","-","-","-","-","-","-","-","-","-","-","-","-","-","-","-","-","-","-","-","-","-","-","-","-","-","-","-","-","-","-","-","-","-","-","-","-","-","-","-","-","-","-","-","-","-","Jul 19, 2026, 4:25 PM","Jul 22, 2026, 2:07 PM","69:41:49","-","Jul 22, 2026, 2:07 PM","Jul 22, 2026, 2:44 PM","00:37:10","-","Jul 22, 2026, 2:44 PM","Jul 22, 2026, 3:26 PM","00:41:30","-","Jul 22, 2026, 3:26 PM","Jul 22, 2026, 5:06 PM","01:40:31","-","-","-","-","-","Jul 22, 2026, 5:06 PM","Jul 23, 2026, 7:54 AM","14:47:34","-","Jul 23, 2026, 7:54 AM","-","-","133:25:06","-","-","-","-","-","-","-","-","-","-","-","-","-","-","-","-","-","-","-","-","-","-","-","-","-","-","-","-","-","-","-","-","-","-","-","-","-","-","-","-","-","-","-","-","-","-","-","-","-","-","-","-","-","-","-","-","-","-","-","-","-","-","-","-","-","-","-","-","-","-","-","-","-","-","-","-","-","-","-","-","-","-","-","-","-","-","-","-","-","-","-","-","-","-","-","-","-","-","-","-","-","-","-","-","-","-","-","-","-","-","-","-","-","-","-","-","-","-","-","-","-","-","-","-","-","-","-","-","-","-","-","-"
"26956","Jennifer Vincent","","Jennifer Vincent","jenniferevincent@yahoo.com","(480) 268-6901","Water Heater Install :Lowes Water Heaters","","Completed","Jul 20, 2026, 8:00 AM","Jul 20, 2026, 10:00 AM","07/20/2026","08:00:00","07/20/2026","10:00:00","Jul 19, 2026, 12:33 PM","2026","July 2026","Gina Neisius","6409 E Kelton Ln, Scottsdale, AZ 85254","Scottsdale","AZ","85254","Main Address","Matt Schlosser","Lowes","Paid","1473.9","1734","0","1473.9","","77485, 77521","77485","Lowes","77521","Lowes","#816158
8AM-12PM
Jennifer's dad will let you in and will pay you. Water heater is 47in tall

Order #


Model Number #


Lowes Store Address:


Notes and Details (Addon bundles, other details):","Scope of Work Performed**

* Removed two existing supply lines
* Removed one existing shut off valve 
* Disconnected the electrical
* Cut the T&P line
* Drained water heater and removed unit from the house

**Installation & Reconnection**

* Installed two new water supply lines
* Installed one new shut off valve.
* Installed 22-inch drain pan
* Re-ran T&P discharge line into the wall outlet
* Connected electrical to heater
* Filled water heater


**Testing & Closeout**

* Checked system for proper operation
* Registered new water heater 
* All documentation signed and payment collected","In Warehouse,Lowes","-","-","01:45:41","1.75","02:00:00","2","00:52:30","0.87","","0","488","694","206","240","1040","800","488","694","206","488","240","779.9","539.9","0","1473.9","1473.9","","41416564","GARAGE","","Lowes - Water Heaters","","","","","","","","Lowe's","Free","","Residential","Tier 1 - 8%","","","17579996","(480) 268-6901","jenniferevincent@yahoo.com","","","Gina Neisius","IME","New Prospect","","ESTIMATE_APPOINTMENT | APPOINTMENT_SET","ESTIMATE_APPOINTMENT | APPOINTMENT_SET","Jul 19, 2026, 10:33 AM","","Jennifer Vincent","","Jennifer","Vincent","-","-","-","-","-","-","-","-","-","-","-","-","-","-","-","-","-","-","-","-","-","-","-","-","-","-","-","-","-","-","-","-","-","-","-","-","-","-","-","-","-","-","-","-","-","-","-","-","Jul 19, 2026, 12:33 PM","Jul 20, 2026, 8:30 AM","19:57:08","-","-","-","-","-","Jul 20, 2026, 8:30 AM","Jul 20, 2026, 9:22 AM","00:52:30","-","Jul 20, 2026, 9:22 AM","Jul 20, 2026, 11:08 AM","01:45:42","-","-","-","-","-","Jul 20, 2026, 11:08 AM","Jul 20, 2026, 11:26 AM","00:17:39","-","Jul 20, 2026, 11:26 AM","-","-","201:53:18","-","-","-","-","-","-","-","-","-","-","-","-","-","-","-","-","-","-","-","-","-","-","-","-","-","-","-","-","-","-","-","-","-","-","-","-","-","-","-","-","-","-","-","-","-","-","-","-","-","-","-","-","-","-","-","-","-","-","-","-","-","-","-","-","-","-","-","-","-","-","-","-","-","-","-","-","-","-","-","-","-","-","-","-","-","-","-","-","-","-","-","-","-","-","-","-","-","-","-","-","-","-","-","-","-","-","-","-","-","-","-","-","-","-","-","-","-","-","-","-","-","-","-","-","-","-","-","-","-","-","-","-"
"26954","Alonzo Anthony","","Alonzo Anthony","brendaholman2@gmail.com","(469) 222-1107","Water Heater Install :Lowes Water Heaters","","Completed","Jul 20, 2026, 8:00 AM","Jul 20, 2026, 10:00 AM","07/20/2026","08:00:00","07/20/2026","10:00:00","Jul 19, 2026, 9:29 AM","2026","July 2026","Gina Neisius","36308 W Alhambra St, Maricopa, AZ 85138","Maricopa","AZ","85138","Main Address","Edward Lopez","Lowes","Invoiced","1803.7","2122","1803.7","0","","77484, 77555","77484","Lowes","77555","Lowes","#962540
8am-12pm
if they don't answer the door please call Brenda(wife) usually answers the phone. They don't always hear the doorbell
there is a pole in front of the water heater, but there is open space on the side to remove it from the platform- will move the fishing poles, bike etc that are in the way to make room 

Order #


Model Number #


Lowes Store Address:


Notes and Details (Addon bundles, other details):","I picked up water heater from our warehouse. On my arrival, Customer met me in the garage to show me where water heater was to be replaced. And again by shutting water off at the main begin drain down water heater. While draining and removed supply lines, old gas supply line, gas, sediment trap, disconnected temperature and pressure relief line from temperature and pressure relief pals. Install a new Ball valve and two new water supply lines. Water heater was drained and removed water heater only to find that the vent piping was not properly connected in attic and fell through the ceiling. No ceiling damage was caused, but this may have to go up into the attic to connect ventilation line properly. Once ventilation line was connected properly in the attic I set a new drip pan into place, installed sediment trap onto gas valve and 36 inch gas supply line. I sent new water heater into place and connected vent line to the vent fluid. I connected Water supply lines, connected temperature and pressure, relief line, temperature and pressure, relief valve, connected gas supply line and begin filling water in the water heater to check leaks. No leaks were found at this time.","In Warehouse,Lowes","-","-","03:43:50","3.72","02:00:00","2","01:02:45","1.03","","0","688","936","248","270","1186","916","688","936","248","688","270","867.7","597.7","0","1803.7","1803.7","","41415213","garage","","Lowes - Water Heaters","","","","","","","","Lowe's","Free","","Residential","Tier 1 - 8%","","","17579238","(469) 222-1107","brendaholman2@gmail.com","","","Gina Neisius","IME","New Prospect","","ESTIMATE_APPOINTMENT | APPOINTMENT_SET","ESTIMATE_APPOINTMENT | APPOINTMENT_SET","Jul 19, 2026, 7:41 AM","","Alonzo Anthony","","Alonzo","Anthony","-","-","-","-","-","-","-","-","-","-","-","-","-","-","-","-","-","-","-","-","-","-","-","-","-","-","-","-","-","-","-","-","-","-","-","-","-","-","-","-","-","-","-","-","-","-","-","-","Jul 19, 2026, 9:29 AM","Jul 20, 2026, 9:24 AM","23:54:59","-","-","-","-","-","Jul 20, 2026, 9:24 AM","Jul 20, 2026, 10:27 AM","01:02:46","-","Jul 20, 2026, 10:27 AM","Jul 20, 2026, 2:11 PM","03:43:49","-","-","-","-","-","Jul 20, 2026, 2:11 PM","Jul 20, 2026, 2:30 PM","00:18:44","-","Jul 20, 2026, 2:30 PM","-","-","198:49:04","-","-","-","-","-","-","-","-","-","-","-","-","-","-","-","-","-","-","-","-","-","-","-","-","-","-","-","-","-","-","-","-","-","-","-","-","-","-","-","-","-","-","-","-","-","-","-","-","-","-","-","-","-","-","-","-","-","-","-","-","-","-","-","-","-","-","-","-","-","-","-","-","-","-","-","-","-","-","-","-","-","-","-","-","-","-","-","-","-","-","-","-","-","-","-","-","-","-","-","-","-","-","-","-","-","-","-","-","-","-","-","-","-","-","-","-","-","-","-","-","-","-","-","-","-","-","-","-","-","-","-","-"
"26939","Sue Clark","","Sue Clark","smithclark3@msn.com","(480) 203-5622","Toilet :Lowes Simple Installs","1","Completed","Jul 20, 2026, 12:00 PM","Jul 20, 2026, 2:00 PM","07/20/2026","12:00:00","07/20/2026","14:00:00","Jul 17, 2026, 4:09 PM","2026","July 2026","Ashley Reed","1705 West Cortez Circle, Chandler, Arizona 85224","Chandler","Arizona","85224","Main Location","Erik Tange","Lowes","Paid","199","25","0","199","","77588, 77584, 77583","77583","Lowes:Simple Installs","77588, 77584","Lowes:Simple Installs, Lowes:Simple Installs","simple installs -1- KOHLER Elliston White Elongated Tall height 12-in Rough-In WaterSense 1.28 GPF Soft Close 2-piece Toilet/ onsite, the toilet is in there car","Exsisting angle stop is 1/4 turn and works as it should. Removed old supply line, removed old toilet, cleaned area under old toilet, exsisting toilet flange is in good working condition. Installed new included wax ring, installed toilet bowl, installed toilet tank. **Installed new 16"" toilet supply line.** Checked for leaks, no leaks. Toilet flushes and functions as necessary. Sealed to floor with white silicone caulking. Installed new included toilet seat.","Lowes,onsite","-","-","00:50:21","0.83","02:00:00","2","01:03:36","1.05","","0","7.5","25","17.5","0","0","0","7.5","25","17.5","7.5","17","174","157","0","199","199","","413432113","","","Lowes - Simple Installs","","","","","","","","Lowe's","Free","","Residential","Tier 1 - 8%","","","17544731","(480) 203-5622","smithclark3@msn.com","","","","IMS","","","","","Jul 17, 2026, 4:04 PM","Lowes - Simple Installs","Sue Clark","","Sue","Clark","-","-","-","-","-","-","-","-","-","-","-","-","-","-","-","-","-","-","-","-","-","-","-","-","-","-","-","-","-","-","-","-","-","-","-","-","-","-","-","-","-","-","-","-","-","-","-","-","Jul 17, 2026, 4:09 PM","Jul 20, 2026, 1:57 PM","69:47:43","-","-","-","-","-","Jul 20, 2026, 1:57 PM","Jul 20, 2026, 3:01 PM","01:03:35","-","Jul 20, 2026, 3:01 PM","Jul 20, 2026, 3:51 PM","00:50:21","-","-","-","-","-","Jul 20, 2026, 3:51 PM","Jul 20, 2026, 4:16 PM","00:25:18","-","Jul 20, 2026, 4:16 PM","-","-","197:02:27","-","-","-","-","-","-","-","-","-","-","-","-","-","-","-","-","-","-","-","-","-","-","-","-","-","-","-","-","-","-","-","-","-","-","-","-","-","-","-","-","-","-","-","-","-","-","-","-","-","-","-","-","-","-","-","-","-","-","-","-","-","-","-","-","-","-","-","-","-","-","-","-","-","-","-","-","-","-","-","-","-","-","-","-","-","-","-","-","-","-","-","-","-","-","-","-","-","-","-","-","-","-","-","-","-","-","-","-","-","-","-","-","-","-","-","-","-","-","-","-","-","-","-","-","-","-","-","-","-","-","-","-"
"26934","Skate Land Chandler","","Tanayja Warren","skatelandchandlergm@usa-skating.com","(813) 770-6759","Clogged Drain :Plumbing","Clogged drain and repiping","Completed","Jul 21, 2026, 8:00 AM","Jul 21, 2026, 10:00 AM","07/21/2026","08:00:00","07/21/2026","10:00:00","Jul 17, 2026, 3:20 PM","2026","July 2026","Beatriz Garcia","1101 West Ray Road, Chandler, AZ 85224","Chandler","AZ","85224","Main Location","Ian Gauvin","PHX - Plumbing","Paid","890","14690","0","890","","77759, 77641, 77760","77759, 77641","AZ Service, -","77760","AZ Service","REMINDER TO USE CAMERA AND LOOK FOR SEWER/GENERAL PIPE REPLACEMENT OPPORTUNITIES. 

Reason for call? Repiping

Who will be present to meet the technician? Tanayja Warren

Where is the primary location of the clogged drain? mop bucket sink 

Are there any other drains that are backing up? N/A

Are you on a septic system? If so, when was the last time it was pumped? No

Is there anything else you would like technician to look at while they are there? N/A

How did you hear about NexLvl Services? Existing","","Commercial,Camera","-","-","00:22:14","0.37","02:00:00","2","00:17:15","0.28","","0","1550","2375","825","2815","12315","9500","50","125","75","50","145","765","620","0","890","890","","","","","PHX - Plumbing","","Tanayja Warren","","","","","","","","","","","","","6733071","(813) 770-6759","skatelandchandlergm@usa-skating.com","","","","","","","","","Apr 24, 2024, 6:23 PM","","Skate Land Chandler","Skate Land Chandler","Tanayja","Warren","-","-","-","-","-","-","-","-","-","-","-","-","-","-","-","-","-","-","-","-","-","-","-","-","-","-","-","-","-","-","-","-","-","-","-","-","-","-","-","-","-","-","-","-","-","-","-","-","-","-","-","-","-","-","-","-","-","-","-","-","-","-","-","-","-","-","-","-","-","-","-","-","-","-","-","-","-","-","-","-","Jul 17, 2026, 3:20 PM","Jul 21, 2026, 8:20 AM","89:00:16","-","Jul 21, 2026, 8:20 AM","Jul 21, 2026, 8:37 AM","00:17:15","-","Jul 21, 2026, 8:37 AM","Jul 21, 2026, 8:59 AM","00:22:15","-","Jul 21, 2026, 9:00 AM","Jul 27, 2026, 2:01 PM","149:00:55","-","Jul 21, 2026, 8:59 AM","Jul 21, 2026, 9:00 AM","00:00:17","-","-","-","-","-","-","-","-","-","Jul 27, 2026, 2:01 PM","-","-","31:18:11","-","-","-","-","-","-","-","-","-","-","-","-","-","-","-","-","-","-","-","-","-","-","-","-","-","-","-","-","-","-","-","-","-","-","-","-","-","-","-","-","-","-","-","-","-","-","-","-","-","-","-","-","-","-","-","-","-","-","-","-","-","-","-","-","-","-","-","-","-","-","-","-","-","-","-","-","-","-","-","-","-","-","-","-","-","-","-","-","-","-","-","-","-","-","-","-"
"26933","Debra Zimmerman","","Debra Zimmerman","debrashawnz@gmail.com","480-326-2414","Toilet :Lowes Simple Installs","1","Completed","Jul 22, 2026, 8:00 AM","Jul 22, 2026, 10:00 AM","07/22/2026","08:00:00","07/22/2026","10:00:00","Jul 17, 2026, 3:17 PM","2026","July 2026","Ashley Reed","1265 N Racine Ct, Gilbert, AZ 85234","Gilbert","AZ","85234","Main Address","Bryan Pickett","Lowes","Paid","174","0","0","174","","77737","","","77737","Lowes:Simple Installs","Simple installs-1- New unbroken toilet has been delivered to customers home. also need to look at the other toilet that we installed, customer stated it is leaking from the base and started leaking the day after the install Please call Steve 480-326-2343 when you are on your way","Disconnected water supply line, removed old toilet and old wax ring. Installed new waxring and new toilet. Reconnected water supply line and tested by filling tank and flushing through bowl several times while checking for leaks and moisture. No visible water, customer tested and customer satisfied.
 
Toilet Install

I was unable to create the leak in the guest bathroom. Seems like a case of the toilet settling.","Lowes,onsite","-","-","01:27:55","1.45","02:00:00","2","00:22:45","0.37","01:50:37","1.83","0","0","0","0","0","0","0","0","0","0","17","174","157","0","174","174","","412639187","","","Lowes - Simple Installs","","","","","","","","","","","","","","","17465584","480-326-2414","debrashawnz@gmail.com","null","","","IMS","","","PLUMB - GENERAL (NO SOFTENERS)","PLUMB - GENERAL (NO SOFTENERS)","Jul 10, 2026, 8:02 AM","","Debra Zimmerman","","Debra","Zimmerman","-","-","-","-","-","-","-","-","-","-","-","-","-","-","-","-","-","-","-","-","-","-","-","-","-","-","-","-","-","-","-","-","-","-","-","-","-","-","-","-","-","-","-","-","-","-","-","-","Jul 17, 2026, 3:17 PM","Jul 22, 2026, 7:31 AM","112:14:13","-","-","-","-","-","Jul 22, 2026, 7:31 AM","Jul 22, 2026, 7:53 AM","00:22:44","-","Jul 22, 2026, 7:53 AM","Jul 22, 2026, 9:21 AM","01:27:55","-","-","-","-","-","Jul 22, 2026, 9:21 AM","Jul 22, 2026, 2:17 PM","04:55:39","-","Jul 22, 2026, 2:17 PM","-","-","151:01:48","-","-","-","-","-","-","-","-","-","-","-","-","-","-","-","-","-","-","-","-","-","-","-","-","-","-","-","-","-","-","-","-","-","-","-","-","-","-","-","-","-","-","-","-","-","-","-","-","-","-","-","-","-","-","-","-","-","-","-","-","-","-","-","-","-","-","-","-","-","-","-","-","-","-","-","-","-","-","-","-","-","-","-","-","-","-","-","-","-","-","-","-","-","-","-","-","-","-","-","-","-","-","-","-","-","-","-","-","-","-","-","-","-","-","-","-","-","-","-","-","-","-","-","-","-","-","-","-","-","-","-","-"
"26932","louis hibner","","louis hibner","chefhibner1@gmail.com","928-358-2402","Toilet :Lowes Simple Installs","3","Completed","Jul 22, 2026, 10:00 AM","Jul 22, 2026, 1:00 PM","07/22/2026","10:00:00","07/22/2026","13:00:00","Jul 17, 2026, 2:35 PM","2026","July 2026","Brenton Heward","2634 E POPLAR DR, PINETOP, AZ 85935","PINETOP","AZ","85935","Main Address","Dave Barber Show Low (Contactor)","Lowes","Paid","557","0","0","557","","77569, 77774","","","77569, 77774","Lowes:Simple Installs, Lowes:Simple Installs","x3
KOHLER Elliston White Elongated Chair height 12-in Rough-In WaterSense 1.28 GPF Soft Close 2-piece Toilet

Store: 5800 S WHITE MOUNTAIN ROAD,
Show Low, AZ 85901

Delivery Fee: PR32430691","","Lowes,Pick up from Lowes","-","-","","0","03:00:00","3","","0","","0","0","0","0","0","0","0","0","0","0","0","55","557","502","0","557","557","","412394468","","","Lowes - Simple Installs","","","","","","","","Lowe's","Free","","Residential","Tier 1 - 8%","","","17465593","928-358-2402","chefhibner1@gmail.com","","","","IMS","","","PLUMB - GENERAL (NO SOFTENERS)","PLUMB - GENERAL (NO SOFTENERS)","Jul 10, 2026, 8:03 AM","Lowes - Simple Installs","louis hibner","","louis","hibner","-","-","-","-","-","-","-","-","-","-","-","-","-","-","-","-","-","-","-","-","-","-","-","-","-","-","-","-","-","-","-","-","-","-","-","-","-","-","-","-","-","-","-","-","-","-","-","-","Jul 17, 2026, 2:35 PM","Jul 22, 2026, 5:04 PM","122:28:20","-","-","-","-","-","-","-","-","-","-","-","-","-","-","-","-","-","-","-","-","-","Jul 22, 2026, 5:04 PM","-","-","148:15:19","-","-","-","-","-","-","-","-","-","-","-","-","-","-","-","-","-","-","-","-","-","-","-","-","-","-","-","-","-","-","-","-","-","-","-","-","-","-","-","-","-","-","-","-","-","-","-","-","-","-","-","-","-","-","-","-","-","-","-","-","-","-","-","-","-","-","-","-","-","-","-","-","-","-","-","-","-","-","-","-","-","-","-","-","-","-","-","-","-","-","-","-","-","-","-","-","-","-","-","-","-","-","-","-","-","-","-","-","-","-","-","-","-","-","-","-","-","-","-","-","-","-","-","-","-","-","-","-","-","-","-","-"
"26931","Parq on 5th","BH Management Services LLC","Contact","","480-781-7035","Backflow Repair","Irrigation Backflow","Completed","Jul 21, 2026, 9:00 AM","Jul 21, 2026, 2:00 PM","07/21/2026","09:00:00","07/21/2026","14:00:00","Jul 17, 2026, 2:33 PM","2026","July 2026","Joey Reyes","805 West Brown Street, Tempe, Arizona 85281","Tempe","Arizona","85281","Main Location","Brodyn Janshen","MFH - Plumbing","Invoiced","988","0","988","0","","77750","","","77750","AZ Service:MFH","Irrigation Backflow
Raphael called in to have us out to replace/repair
POC Raphael","Arrival 9:08

Called POC who said I was at the wrong property, he said the correct property is park on 5th in Tempe. 805 W Brown St Tempe AZ 85281

Saw the irrigation backflow under 724 was leaking and Maintenance wanted it replaced. I called to make sure it was not a bid and it wasn’t. I turned the water off and I cut out and un sweated the copper coming to the vacuum breaker and then I cut a piece of the PVC off, put on a new vacuum breaker and sweated the correct copper to it and added on a new hose bib and then re-glued the irrigation side once together I leak tested, which was successful. Water is on in the vacuum breaker is working properly at this time.
Called the POC to let him know work was complete","","-","-","04:37:07","4.62","05:00:00","5","00:14:18","0.23","","0","0","0","0","0","0","0","250","438","188","250","66","550","484","0","988","988","","4770027","","","MFH - Plumbing","","Raphael","","","","","","Lowe's","Free","","Residential","Tier 1 - 8%","","","12967316","(480) 781-7035","raphael.demeo@livebh.com","","bree.macfarlane@livebh.com","Logen Uknavage","Referral","","","","","Oct 28, 2025, 12:55 PM","BH Mgmt,MFH,Commercial","Parq on 5th","Parq on 5th","Raphiel","Demeo","-","-","-","-","-","-","-","-","-","-","-","-","-","-","-","-","-","-","-","-","-","-","-","-","-","-","-","-","-","-","-","-","-","-","-","-","-","-","-","-","-","-","-","-","-","-","-","-","-","-","-","-","-","-","-","-","-","-","-","-","-","-","-","-","-","-","-","-","-","-","-","-","-","-","-","-","-","-","-","-","Jul 17, 2026, 2:33 PM","Jul 21, 2026, 9:07 AM","90:34:23","-","Jul 21, 2026, 9:12 AM","Jul 21, 2026, 9:26 AM","00:13:45","-","Jul 21, 2026, 9:26 AM","Jul 21, 2026, 1:59 PM","04:32:49","-","-","-","-","-","-","-","-","-","-","-","-","-","Jul 21, 2026, 1:59 PM","Jul 23, 2026, 4:25 PM","50:26:33","-","Jul 23, 2026, 4:25 PM","-","-","124:53:26","-","-","-","-","-","-","-","-","-","-","-","-","-","-","-","-","-","-","-","-","-","-","-","-","-","-","-","-","-","-","-","-","-","-","-","-","-","-","-","-","-","-","-","-","-","-","-","-","-","-","-","-","-","-","-","-","-","-","-","-","-","-","-","-","-","-","-","-","-","-","-","-","-","-","-","-","-","-","-","-","-","-","-","-","-","-","-","-","-","-","-","-","-","-","-","-"
"26930","Dalia Nicols","","Dalia Nicols","nicolsdalia@yahoo.com","(602) 300-3354","Sink :Lowes Simple Installs","1","Canceled","Jul 23, 2026, 8:00 AM","Jul 23, 2026, 11:00 AM","07/23/2026","08:00:00","07/23/2026","11:00:00","Jul 17, 2026, 2:32 PM","2026","July 2026","Ashley Reed","8127 West Miami Street, Phoenix, Arizona 85043","Phoenix","Arizona","85043","Main Location","Sean Marble","Lowes","Paid","50","0","0","50","","77782","","","77782","Lowes:Simple Installs","Simple installs - FORNO ACQUA MultiSINK (Glass Rinser Waterfall) Drop-in or 33-in x 22-in Stainless steel Single bowl 18 -Gauge Workstation Kitchen Sink All-in-One Kit with Drainboard/ pick up from lowe's/ 

1620 NORTH 75TH AVENUE,
Phoenix, AZ 85035
Store: #1042
Phone: (623) 845-6292

Trip charge: PR32464065","Upon the first visit, the daughter was present and she did not relay any of the information to her mother. There is mold growing underneath the sink and the countertops are falling apart. It looks like the whole countertop may cave it on itself, especially with removal of current sink, customer needs to have countertops addressed and mold situation taken care of before they can move forward. This information was all given to the Customer‘s daughter upon the first visit.","Lowes,Pick up from Lowes","-","-","","0","03:00:00","3","00:43:54","0.72","","0","0","0","0","0","0","0","0","0","0","0","5","50","45","0","50","50","","412793851","","","Lowes - Simple Installs","","","","","","","","Lowe's","Free","","Residential","Tier 1 - 8%","","","17300051","(602) 300-3354","nicolsdalia@yahoo.com","","","","IMS","","","","","Jun 25, 2026, 3:12 PM","Lowes - Simple Installs","Dalia Nicols","","Dalia","Nicols","-","-","-","-","-","-","-","-","-","-","-","-","-","-","-","-","-","-","-","-","-","-","-","-","-","-","-","-","-","-","-","-","-","-","-","-","-","-","-","-","-","-","-","-","-","-","-","-","Jul 17, 2026, 2:32 PM","Jul 23, 2026, 6:56 AM","136:24:00","-","Jul 23, 2026, 6:56 AM","Jul 23, 2026, 7:32 AM","00:36:15","-","Jul 23, 2026, 8:09 AM","Jul 23, 2026, 8:18 AM","00:08:06","-","-","-","-","-","Jul 23, 2026, 8:18 AM","Jul 27, 2026, 10:13 AM","97:55:15","-","-","-","-","-","-","-","-","-","Jul 27, 2026, 10:13 AM","-","-","35:06:03","-","-","-","-","-","-","-","-","-","-","-","-","-","-","-","-","-","-","-","-","-","-","-","-","-","-","-","-","-","-","-","-","-","-","-","-","-","-","-","-","-","-","-","-","-","-","-","-","-","-","-","-","-","-","-","-","-","-","-","-","-","-","-","-","-","-","-","-","-","-","-","-","-","-","-","-","-","-","-","-","-","-","-","-","-","-","-","-","-","-","-","-","-","-","-","-","-","-","-","-","-","-","-","-","-","-","-","-","-","-","-","-","-","-","-","-","-","-","-","-","-","-","-","-","-","-","-","-"
"26928","Katherine Davidson","","Katherine Davidson","katherinedavidson90@gmail.com","480-861-1578","Toilet :Lowes Simple Installs","1","Completed","Jul 22, 2026, 8:00 AM","Jul 22, 2026, 10:00 AM","07/22/2026","08:00:00","07/22/2026","10:00:00","Jul 17, 2026, 2:21 PM","2026","July 2026","Ashley Reed","245 W TOPEKA DR, PHOENIX, AZ 85027","PHOENIX","AZ","85027","Main Address","Erik Tange","Lowes","Paid","209","0","0","209","","77742","","","77742","Lowes:Simple Installs","Simple installs -1- Los Flexi HE19 White 19 inch Elongated Tall height 12-in Rough-In 1.28 or 1.0 GPF (4.85 LPF or 3.79 LPF) Dual Flush Soft Close 1-piece Toilet/ pick up from lowe's/ Call Eric when you are on your way 480-703-4890

2501 W. HAPPY VALLEY RD, BDG 40,
Phoenix, AZ 85085
Store: #2557
Phone: (623) 445-9840","Exsisting angle stop is 1/4 turn and works as it should.
Disconnected supply line, removed old toilet, cleaned area under old toilet. Exsisting toilet flange is in good working condition. Installed new included wax ring, installed new 1 piece toilet. Connected supply line, checked for leaks, no leaks. Toilet flushes and functions as necessary. Sealed to floor with white silicone caulking.","Lowes,Pick up from Lowes","-","-","00:40:52","0.67","02:00:00","2","00:17:47","0.28","","0","0","0","0","0","0","0","0","0","0","0","21","209","188","0","209","209","","413051936","","","Lowes - Simple Installs","","","","","","","","","","","","","","","17521665","480-861-1578","katherinedavidson90@gmail.com","null","","","IMS","","","PLUMB - ONLINE ONLY","PLUMB - ONLINE ONLY","Jul 16, 2026, 8:02 AM","","Katherine Davidson","","Katherine","Davidson","-","-","-","-","-","-","-","-","-","-","-","-","-","-","-","-","-","-","-","-","-","-","-","-","-","-","-","-","-","-","-","-","-","-","-","-","-","-","-","-","-","-","-","-","-","-","-","-","Jul 17, 2026, 2:21 PM","Jul 22, 2026, 7:12 AM","112:51:17","-","Jul 22, 2026, 7:12 AM","Jul 22, 2026, 8:33 AM","01:20:27","-","Jul 22, 2026, 8:33 AM","Jul 22, 2026, 8:50 AM","00:17:47","-","Jul 22, 2026, 8:50 AM","Jul 22, 2026, 9:31 AM","00:40:52","-","-","-","-","-","Jul 22, 2026, 9:31 AM","Jul 22, 2026, 2:31 PM","04:59:39","-","Jul 22, 2026, 2:31 PM","-","-","150:48:00","-","-","-","-","-","-","-","-","-","-","-","-","-","-","-","-","-","-","-","-","-","-","-","-","-","-","-","-","-","-","-","-","-","-","-","-","-","-","-","-","-","-","-","-","-","-","-","-","-","-","-","-","-","-","-","-","-","-","-","-","-","-","-","-","-","-","-","-","-","-","-","-","-","-","-","-","-","-","-","-","-","-","-","-","-","-","-","-","-","-","-","-","-","-","-","-","-","-","-","-","-","-","-","-","-","-","-","-","-","-","-","-","-","-","-","-","-","-","-","-","-","-","-","-","-","-","-","-","-","-","-","-"
"26927","Richard Withrow","","Richard Withrow","conlyblu@citlink.net","916-806-1725","Faucet :Lowes Simple Installs","","Completed","Jul 22, 2026, 8:00 AM","Jul 22, 2026, 9:00 AM","07/22/2026","08:00:00","07/22/2026","09:00:00","Jul 17, 2026, 2:18 PM","2026","July 2026","Brenton Heward","13702 E Via Valderrama, Vail, AZ 85641","Vail","AZ","85641","Main Address","Presidio Plumbing Eric (Contractor)","Lowes","Paid","140","0","0","140","","77734","","","77734","Lowes:Simple Installs","x1
Delta Lorain Chrome Double Handle Deck-mount Kitchen Faucet (Includes Side Sprayer)/
on site","","Lowes,onsite","-","-","","0","01:00:00","1","","0","","0","0","0","0","0","0","0","0","0","0","0","14.6","140","125.4","0","140","140","","413086153","","","Lowes - Simple Installs","","","","","","","","Lowe's","Free","","Residential","Tier 1 - 8%","","","17499984","916-806-1725","conlyblu@citlink.net","","","","IMS","","","PLUMB - GENERAL (NO SOFTENERS)","PLUMB - GENERAL (NO SOFTENERS)","Jul 14, 2026, 8:01 AM","Lowes - Simple Installs","Richard Withrow","","Richard","Withrow","-","-","-","-","-","-","-","-","-","-","-","-","-","-","-","-","-","-","-","-","-","-","-","-","-","-","-","-","-","-","-","-","-","-","-","-","-","-","-","-","-","-","-","-","-","-","-","-","Jul 17, 2026, 2:18 PM","Jul 22, 2026, 2:02 PM","119:43:39","-","-","-","-","-","-","-","-","-","-","-","-","-","-","-","-","-","-","-","-","-","Jul 22, 2026, 2:02 PM","-","-","151:17:12","-","-","-","-","-","-","-","-","-","-","-","-","-","-","-","-","-","-","-","-","-","-","-","-","-","-","-","-","-","-","-","-","-","-","-","-","-","-","-","-","-","-","-","-","-","-","-","-","-","-","-","-","-","-","-","-","-","-","-","-","-","-","-","-","-","-","-","-","-","-","-","-","-","-","-","-","-","-","-","-","-","-","-","-","-","-","-","-","-","-","-","-","-","-","-","-","-","-","-","-","-","-","-","-","-","-","-","-","-","-","-","-","-","-","-","-","-","-","-","-","-","-","-","-","-","-","-","-","-","-","-","-"
"26922","SUNNY HO","","SUNNY HO","sunnyho85@gmail.com","512-507-2373","Toilet :Lowes Simple Installs","1","Completed","Jul 23, 2026, 8:00 AM","Jul 23, 2026, 10:00 AM","07/23/2026","08:00:00","07/23/2026","10:00:00","Jul 17, 2026, 1:22 PM","2026","July 2026","Ashley Reed","13125 N TANNER ROBERT DR, ORO VALLEY, AZ 85755","ORO VALLEY","AZ","85755","Main Address","Mathew Hodges","Lowes","Paid","301.5","92.5","0","301.5","","77784, 77790, 77824","77784","Lowes:Simple Installs","77790, 77824","Lowes:Simple Installs, Lowes:Simple Installs","Simple installs -1- American Standard Champion White Elongated Chair height 12-in Rough-In 1.6 GPF Soft Close 2-piece Toilet/ pick up from lowe's/
Order #:300902196264086155

4075 WEST INA ROAD,
Tucson, AZ 85741
Store: #1707
Phone: (520) 572-7300","Came out to customers house to install American Standard toilet pulled the old toilet found out the toilet flange was not put in correctly. Customer told me that they had a company come out and do the subfloor fixed. The toilet flange ring installed new toilet with new waxing and bolts turned water back on to test for no leaks. There is no leaks at this time but I did tell the customer that they do have to call the other company back out because the subfloor is not put incorrectly because it is still soft and if you walk on it, the whole toilet moves, but I tried to shim it as much as I can. Customer is calling out the other company to fix the issue. My toilet is installed, and there’s no leaks at this time. Customer is satisfied with the work and collecting payment for fixing toilet flange ring.","Lowes,Pick up from Lowes","-","-","01:51:11","1.85","02:00:00","2","00:36:58","0.6","","0","0","0","0","11.1","92.5","81.4","0","0","0","0","32.1","301.5","269.4","0","301.5","301.5","","413250732","","","Lowes - Simple Installs","","","","","","","","","","","","","","","17521603","512-507-2373","sunnyho85@gmail.com","null","","","IMS","","","PLUMB - ONLINE ONLY","PLUMB - ONLINE ONLY","Jul 16, 2026, 8:00 AM","","SUNNY HO","","SUNNY","HO","-","-","-","-","-","-","-","-","-","-","-","-","-","-","-","-","-","-","-","-","-","-","-","-","-","-","-","-","-","-","-","-","-","-","-","-","-","-","-","-","-","-","-","-","-","-","-","-","Jul 17, 2026, 1:22 PM","Jul 23, 2026, 6:23 AM","137:00:42","-","Jul 23, 2026, 6:36 AM","Jul 23, 2026, 8:36 AM","02:00:04","-","Jul 23, 2026, 8:36 AM","Jul 23, 2026, 9:00 AM","00:23:44","-","Jul 23, 2026, 9:00 AM","Jul 23, 2026, 10:51 AM","01:51:11","-","-","-","-","-","Jul 23, 2026, 10:51 AM","Jul 23, 2026, 2:36 PM","03:45:09","-","Jul 23, 2026, 2:36 PM","-","-","126:42:29","-","-","-","-","-","-","-","-","-","-","-","-","-","-","-","-","-","-","-","-","-","-","-","-","-","-","-","-","-","-","-","-","-","-","-","-","-","-","-","-","-","-","-","-","-","-","-","-","-","-","-","-","-","-","-","-","-","-","-","-","-","-","-","-","-","-","-","-","-","-","-","-","-","-","-","-","-","-","-","-","-","-","-","-","-","-","-","-","-","-","-","-","-","-","-","-","-","-","-","-","-","-","-","-","-","-","-","-","-","-","-","-","-","-","-","-","-","-","-","-","-","-","-","-","-","-","-","-","-","-","-","-"
"26921","Kyle Casey","","Kyle Casey","sparkcasey@hotmail.com","(928) 651-5695","Septic Tank Pumping :Plumbing","","Canceled","Jul 20, 2026, 8:00 AM","Jul 20, 2026, 10:00 AM","07/20/2026","08:00:00","07/20/2026","10:00:00","Jul 17, 2026, 1:22 PM","2026","July 2026","Joey Reyes","7898 West Kachina Street, Pima, Arizona 85543","Pima","Arizona","85543","Main Location","","","","0","0","0","0","","","","","","","Kyle called into have his septic pumped. He will be uncovering the lids this weekend
QUoted $425","","","-","-","","0","02:00:00","2","","0","","0","0","0","0","0","0","0","0","0","0","0","0","0","0","0","0","0","","","","","Gila Valley - Septic","Customer Resolved","Kyle","","","","","","Lowe's","Free","","Residential","Tier 1 - 8%","","","17539123","(928) 651-5695","sparkcasey@hotmail.com","","","","Truck Wrap","","","","","Jul 17, 2026, 1:21 PM","Resi,Gila Valley","Kyle Casey","","Kyle","Casey","-","-","-","-","-","-","-","-","-","-","-","-","-","-","-","-","-","-","-","-","-","-","-","-","-","-","-","-","-","-","-","-","-","-","-","-","-","-","-","-","-","-","-","-","-","-","-","-","-","-","-","-","-","-","-","-","-","-","-","-","-","-","-","-","-","-","-","-","-","-","-","-","-","-","-","-","-","-","-","-","Jul 17, 2026, 1:22 PM","Jul 17, 2026, 3:02 PM","01:39:57","-","-","-","-","-","-","-","-","-","-","-","-","-","-","-","-","-","-","-","-","-","-","-","-","-","-","-","-","-","Jul 17, 2026, 3:02 PM","-","-","270:17:07","-","-","-","-","-","-","-","-","-","-","-","-","-","-","-","-","-","-","-","-","-","-","-","-","-","-","-","-","-","-","-","-","-","-","-","-","-","-","-","-","-","-","-","-","-","-","-","-","-","-","-","-","-","-","-","-","-","-","-","-","-","-","-","-","-","-","-","-","-","-","-","-","-","-","-","-","-","-","-","-","-","-","-","-","-","-","-","-","-","-","-","-"
"26916","Jim Huff","","Jim Huff","jhufftct@gmail.com","(512) 749-7461","Water Heater Install :Lowes Water Heaters","","Completed","Jul 21, 2026, 8:00 AM","Jul 21, 2026, 10:00 AM","07/21/2026","08:00:00","07/21/2026","10:00:00","Jul 17, 2026, 12:27 PM","2026","July 2026","Travis Germain","18904 N 71st Dr, Glendale, AZ 85308","Glendale","AZ","85308","Main Address","Matt Schlosser","Lowes","Paid","1700","2000","0","1700","","77656, 77438","77438","Lowes","77656","Lowes","WH816161
8-12noon

Order #


Model Number #


Lowes Store Address:


Notes and Details (Addon bundles, other details):","Scope of Work Performed**

* Removed two existing supply lines
* Removed one existing shut off valve 
* Disconnected the electrical
* Cut the T&P line
* Drained water heater and removed unit from the house

**Installation & Reconnection**

* Installed two new water supply lines
* Installed one new shut off valve.
* Installed 22-inch drain pan
* Re-ran T&P discharge line into the wall outlet
* Connected electrical to heater
* Filled water heater


**Testing & Closeout**

* Checked system for proper operation
* Registered new water heater 
* All documentation signed and payment collected","Lowes,In Warehouse","-","-","01:55:46","1.92","02:00:00","2","01:06:42","1.1","","0","577","804","227","300","1196","896","577","804","227","577","300","896","596","0","1700","1700","","41404084","Garage","","Lowes - Water Heaters","","","","","","","","Lowe's","Free","","Residential","Tier 1 - 8%","","","17536846","(512) 749-7461","jhufftct@gmail.com","","","Travis Germain","IME","1st Attempt","","ESTIMATE_APPOINTMENT | APPOINTMENT_SET","ESTIMATE_APPOINTMENT | APPOINTMENT_SET","Jul 17, 2026, 12:08 PM","","Jim Huff","","Jim","Huff","-","-","-","-","-","-","-","-","-","-","-","-","-","-","-","-","-","-","-","-","-","-","-","-","-","-","-","-","-","-","-","-","-","-","-","-","-","-","-","-","-","-","-","-","-","-","-","-","Jul 17, 2026, 12:27 PM","Jul 21, 2026, 7:42 AM","91:15:16","-","-","-","-","-","Jul 21, 2026, 7:42 AM","Jul 21, 2026, 8:48 AM","01:06:42","-","Jul 21, 2026, 8:48 AM","Jul 21, 2026, 10:44 AM","01:55:46","-","-","-","-","-","Jul 21, 2026, 10:44 AM","Jul 21, 2026, 11:06 AM","00:21:48","-","Jul 21, 2026, 11:06 AM","-","-","178:12:49","-","-","-","-","-","-","-","-","-","-","-","-","-","-","-","-","-","-","-","-","-","-","-","-","-","-","-","-","-","-","-","-","-","-","-","-","-","-","-","-","-","-","-","-","-","-","-","-","-","-","-","-","-","-","-","-","-","-","-","-","-","-","-","-","-","-","-","-","-","-","-","-","-","-","-","-","-","-","-","-","-","-","-","-","-","-","-","-","-","-","-","-","-","-","-","-","-","-","-","-","-","-","-","-","-","-","-","-","-","-","-","-","-","-","-","-","-","-","-","-","-","-","-","-","-","-","-","-","-","-","-","-"
"26915","Tempe 2105 Properties BK7, LLC","","Sharon Cinadr","scinadr@bkmmgmt.com","(602) 515-1208","Camera Inspection :Plumbing","","Needs to be Rescheduled","Jul 22, 2026, 12:00 PM","Jul 22, 2026, 2:00 PM","07/22/2026","12:00:00","07/22/2026","14:00:00","Jul 17, 2026, 12:11 PM","2026","July 2026","Joey Reyes","2227 South 48th Street, Tempe, Arizona 85282","Tempe","Arizona","85282","Main Location","Ian Gauvin","PHX - Plumbing","","0","0","0","0","","","","","","","Kaitlyn sent an email regarding suite J.
They have black mold and damage. Apparently sewer water is still coming in to the unit","","Hard Start Time,Camera","-","-","00:29:48","0.48","02:00:00","2","00:17:13","0.28","","0","0","0","0","0","0","0","0","0","0","0","0","0","0","0","0","0","","","","","PHX - Plumbing","","Kaitlyn","","","","","","Lowe's","Free","","Residential","Tier 1 - 8%","","","12770460","(602) 362-0813","kantrim@bkmmgmt.com","","","","Cushman & Wakefield","","","","","Oct 13, 2025, 12:57 PM","VIP","Tempe 2105 Properties BK7, LLC","Tempe 2105 Properties BK7, LLC","Kaitlyn","Antrim","-","-","-","-","-","-","-","-","-","-","-","-","-","-","-","-","-","-","-","-","-","-","-","-","-","-","-","-","-","-","-","-","-","-","-","-","-","-","-","-","-","-","-","-","-","-","-","-","-","-","-","-","-","-","-","-","-","-","-","-","-","-","-","-","-","-","-","-","-","-","-","-","-","-","-","-","-","-","-","-","Jul 17, 2026, 12:11 PM","Jul 22, 2026, 12:10 PM","119:59:25","-","Jul 22, 2026, 12:10 PM","Jul 22, 2026, 12:27 PM","00:17:12","-","Jul 22, 2026, 12:27 PM","Jul 22, 2026, 12:57 PM","00:29:48","-","-","-","-","-","Jul 22, 2026, 12:57 PM","-","-","152:21:45","-","-","-","-","-","-","-","-","-","-","-","-","-","-","-","-","-","-","-","-","-","-","-","-","-","-","-","-","-","-","-","-","-","-","-","-","-","-","-","-","-","-","-","-","-","-","-","-","-","-","-","-","-","-","-","-","-","-","-","-","-","-","-","-","-","-","-","-","-","-","-","-","-","-","-","-","-","-","-","-","-","-","-","-","-","-","-","-","-","-","-","-","-","-","-","-","-","-","-","-","-","-","-","-","-","-","-","-"
"26914","Eric Bordonaro","","Eric Bordonaro","noemailpmoc@lowes.com","520-909-8594","Toilet :Lowes Simple Installs","1","Completed","Jul 20, 2026, 1:00 PM","Jul 20, 2026, 2:45 PM","07/20/2026","13:00:00","07/20/2026","14:45:00","Jul 17, 2026, 12:03 PM","2026","July 2026","Ashley Reed","6550 N 47th Ave, Unit 118, Glendale, AZ 85301","Glendale","AZ","85301","Main Address","Matt Schlosser","Lowes","Paid","209","0","0","209","","77570, 77571","","","77570, 77571","Lowes:Simple Installs, Lowes:Simple Installs","Simple installs -1- American Standard Edgemere White Round Chair height 10-in Rough-In WaterSense 1.28 GPF Soft Close 2-piece Toilet/ pick up from lowes

5809 WEST NORTHERN AVE.,
Glendale, AZ 85301
Store: #1728
Phone: (623) 463-6120

Labor:PR32426850
Delivery Fee: PR32433135","2 piece toilet

*toilet removal and install*


Shut off angle stop and flushed toilet
Disconnected supply line, and removed bolts
Pull toilet lid and then toilet
Set wax ring on flange
Built new toilet
Installed new toilet
Connected bolts and new supply line
Turned on water and tested toilet
China caps, toilet seat, and toilet lid put on toilet
Customer requested no caulking

Door was in the way, had to remove bathroom door and put it back after I was finished","Lowes,Pick up from Lowes","-","-","00:56:52","0.93","01:45:00","1.75","00:10:23","0.17","","0","0","0","0","0","0","0","0","0","0","0","21","209","188","0","209","209","","413117618","","","Lowes - Simple Installs","","","","","","","","","","","","","","","17337404","520-909-8594","noemailpmoc@lowes.com","null","","","IMS","","","PLUMB - GENERAL (NO SOFTENERS)","PLUMB - GENERAL (NO SOFTENERS)","Jun 28, 2026, 8:01 AM","","Eric Bordonaro","","Eric","Bordonaro","-","-","-","-","-","-","-","-","-","-","-","-","-","-","-","-","-","-","-","-","-","-","-","-","-","-","-","-","-","-","-","-","-","-","-","-","-","-","-","-","-","-","-","-","-","-","-","-","Jul 17, 2026, 12:03 PM","Jul 20, 2026, 12:55 PM","72:51:36","-","-","-","-","-","Jul 20, 2026, 12:55 PM","Jul 20, 2026, 1:05 PM","00:10:22","-","Jul 20, 2026, 1:05 PM","Jul 20, 2026, 2:02 PM","00:56:52","-","-","-","-","-","Jul 20, 2026, 2:02 PM","Jul 20, 2026, 3:07 PM","01:04:34","-","Jul 20, 2026, 3:07 PM","-","-","198:12:21","-","-","-","-","-","-","-","-","-","-","-","-","-","-","-","-","-","-","-","-","-","-","-","-","-","-","-","-","-","-","-","-","-","-","-","-","-","-","-","-","-","-","-","-","-","-","-","-","-","-","-","-","-","-","-","-","-","-","-","-","-","-","-","-","-","-","-","-","-","-","-","-","-","-","-","-","-","-","-","-","-","-","-","-","-","-","-","-","-","-","-","-","-","-","-","-","-","-","-","-","-","-","-","-","-","-","-","-","-","-","-","-","-","-","-","-","-","-","-","-","-","-","-","-","-","-","-","-","-","-","-","-"
"26910","Sondra Anderson","","Sondra Anderson","ssa0512@yahoo.com","(623) 203-0256","Toilet :Lowes Simple Installs","1","Completed","Jul 20, 2026, 11:00 AM","Jul 20, 2026, 1:00 PM","07/20/2026","11:00:00","07/20/2026","13:00:00","Jul 17, 2026, 11:47 AM","2026","July 2026","Ashley Reed","5113 West Laurie Lane, Glendale, Arizona 85302","Glendale","Arizona","85302","Main Location","Matt Schlosser","Lowes","Paid","209","0","0","209","","77566, 77564","","","77566, 77564","Lowes:Simple Installs, Lowes:Simple Installs","Simple installs -1- American Standard Champion White Elongated Chair height 12-in Rough-In 1.6 GPF Soft Close 2-piece Toilet/ pick up from lowe's/ 

5809 WEST NORTHERN AVE.,
Glendale, AZ 85301
Store: #1728
Phone: (623) 463-6120

Delivery: PR32427063","2 piece toilet

*toilet removal and install*


Shut off angle stop and flushed toilet
Disconnected supply line, and removed bolts
Pull toilet lid and then toilet
Set wax ring on flange
Built new toilet
Installed new toilet
Connected bolts and new supply line
Turned on water and tested toilet
China caps, toilet seat, and toilet lid put on toilet
Customer requested no caulking","Lowes,Pick up from Lowes","-","-","00:44:37","0.73","02:00:00","2","00:08:03","0.13","","0","0","0","0","0","0","0","0","0","0","0","21","209","188","0","209","209","","413348758","","","Lowes - Simple Installs","","","","","","","","Lowe's","Free","","Residential","Tier 1 - 8%","","","14556361","(623) 203-0256","ssa0512@yahoo.com","","","","IMS","","","","","Feb 5, 2026, 2:54 PM","Lowes - Simple Installs","Sondra Anderson","","Sondra","Anderson","-","-","-","-","-","-","-","-","-","-","-","-","-","-","-","-","-","-","-","-","-","-","-","-","-","-","-","-","-","-","-","-","-","-","-","-","-","-","-","-","-","-","-","-","-","-","-","-","Jul 17, 2026, 11:47 AM","Jul 20, 2026, 11:08 AM","71:21:04","-","Jul 20, 2026, 11:08 AM","Jul 20, 2026, 12:02 PM","00:53:31","-","Jul 20, 2026, 12:02 PM","Jul 20, 2026, 12:10 PM","00:08:03","-","Jul 20, 2026, 12:10 PM","Jul 20, 2026, 12:54 PM","00:44:38","-","-","-","-","-","Jul 20, 2026, 12:54 PM","Jul 20, 2026, 2:50 PM","01:55:54","-","Jul 20, 2026, 2:50 PM","-","-","198:28:30","-","-","-","-","-","-","-","-","-","-","-","-","-","-","-","-","-","-","-","-","-","-","-","-","-","-","-","-","-","-","-","-","-","-","-","-","-","-","-","-","-","-","-","-","-","-","-","-","-","-","-","-","-","-","-","-","-","-","-","-","-","-","-","-","-","-","-","-","-","-","-","-","-","-","-","-","-","-","-","-","-","-","-","-","-","-","-","-","-","-","-","-","-","-","-","-","-","-","-","-","-","-","-","-","-","-","-","-","-","-","-","-","-","-","-","-","-","-","-","-","-","-","-","-","-","-","-","-","-","-","-","-"
"26909","Canyon State Propane","","Steve McBrayer","service@canyonstatepropane.com","(602) 566-7577","Gas Issue :Plumbing","Underground leak detection","Completed","Jul 21, 2026, 10:00 AM","Jul 21, 2026, 12:00 PM","07/21/2026","10:00:00","07/21/2026","12:00:00","Jul 17, 2026, 11:47 AM","2026","July 2026","Beatriz Garcia","7878 East Gainey Ranch Road, #15, Scottsdale, Arizona 85258","Scottsdale","Arizona","85258","7878 East Gainey Ranch Road","Ian Gauvin","PHX - Plumbing","","0","0","0","0","","","","","","","Reason for call? Underground propane leak. Please call Miguel when on the way, his number is here in the notes below

Emergency? No

Were you able to get the gas shut off? yES

Are you without heat? N/A

Who will be present to meet the technician? Miguel (Canyons service tech) 480-430-3985

NO SVC FEE
QUOTE ON SITE","per tech we cannot do job. specialized equipment needed that we do not have","Resi","-","-","00:27:51","0.45","02:00:00","2","00:27:50","0.45","","0","0","0","0","0","0","0","0","0","0","0","0","0","0","0","0","0","","","","","PHX - Plumbing","","Alex pROJECT mGR","","","","","","Lowe's","Free","","Residential","Tier 1 - 8%","","","17536089","(602) 566-7577","service@canyonstatepropane.com","","","","Google Search","","","","","Jul 17, 2026, 11:39 AM","Commercial","Canyon State Propane","Canyon State Propane","Steve","McBrayer","-","-","-","-","-","-","-","-","-","-","-","-","-","-","-","-","-","-","-","-","-","-","-","-","-","-","-","-","-","-","-","-","-","-","-","-","-","-","-","-","-","-","-","-","-","-","-","-","-","-","-","-","-","-","-","-","-","-","-","-","-","-","-","-","-","-","-","-","-","-","-","-","-","-","-","-","-","-","-","-","Jul 17, 2026, 11:47 AM","Jul 21, 2026, 10:45 AM","94:58:29","-","Jul 21, 2026, 10:45 AM","Jul 21, 2026, 11:13 AM","00:27:49","-","Jul 21, 2026, 11:13 AM","Jul 21, 2026, 11:41 AM","00:27:51","-","-","-","-","-","-","-","-","-","-","-","-","-","Jul 21, 2026, 11:41 AM","Jul 21, 2026, 11:44 AM","00:03:23","-","Jul 21, 2026, 11:44 AM","-","-","177:34:25","-","-","-","-","-","-","-","-","-","-","-","-","-","-","-","-","-","-","-","-","-","-","-","-","-","-","-","-","-","-","-","-","-","-","-","-","-","-","-","-","-","-","-","-","-","-","-","-","-","-","-","-","-","-","-","-","-","-","-","-","-","-","-","-","-","-","-","-","-","-","-","-","-","-","-","-","-","-","-","-","-","-","-","-","-","-","-","-","-","-","-","-","-","-","-","-"
"26908","Ian Nelson","","Ian Nelson","dagon26@gmail.com","949-299-6642","Toilet :Lowes Simple Installs","3","Completed","Jul 20, 2026, 9:00 AM","Jul 20, 2026, 12:30 PM","07/20/2026","09:00:00","07/20/2026","12:30:00","Jul 17, 2026, 11:40 AM","2026","July 2026","Ashley Reed","4373 E Page Ave, Gilbert, AZ 85234","Gilbert","AZ","85234","Main Address","Bryan Pickett","Lowes","Paid","607","0","0","607","","77561, 77560, 77535","","","77561, 77560, 77535","Lowes:Simple Installs, Lowes:Simple Installs, Lowes:Simple Installs","Simple installs -3- KOHLER Elliston White Elongated Chair height 12-in Rough-In WaterSense 1.28 GPF Soft Close 2-piece Toilet/ pick up from lowe's/ one is downstairs, two go upstairs (customer has cats)

1440 SOUTH HIGLEY ROAD,
Mesa, AZ 85206
Store: #714
Phone: (480) 832-1666

Trip charge: PR32430964
Delivery Fee: PR32428899","(x2) Disconnected water supply line, removed old toilet and old wax ring. Installed new waxring and new toilet. Reconnected water supply line and tested by filling tank and flushing through bowl several times while checking for leaks and moisture. No visible water, customer tested and customer satisfied.

Pickup/Delivery charge 
Toilet Install

Upstairs Guest Bathroom has countertop running along back of toilet preventing a successful install. Returned toilet to Lowes as seen in photos and informed customer of options with rescheduling.","Lowes,Pick up from Lowes","-","-","02:32:58","2.53","03:30:00","3.5","00:49:28","0.82","04:09:01","4.15","0","0","0","0","0","0","0","0","0","0","60","607","547","0","607","607","","413230001","","","Lowes - Simple Installs","","","","","","","","","","","","","","","17508280","949-299-6642","dagon26@gmail.com","null","","","IMS","","","PLUMB - GENERAL (NO SOFTENERS)","PLUMB - GENERAL (NO SOFTENERS)","Jul 15, 2026, 8:00 AM","","Ian Nelson","","Ian","Nelson","-","-","-","-","-","-","-","-","-","-","-","-","-","-","-","-","-","-","-","-","-","-","-","-","-","-","-","-","-","-","-","-","-","-","-","-","-","-","-","-","-","-","-","-","-","-","-","-","Jul 17, 2026, 11:40 AM","Jul 20, 2026, 8:54 AM","69:14:32","-","-","-","-","-","Jul 20, 2026, 8:54 AM","Jul 20, 2026, 9:44 AM","00:49:28","-","Jul 20, 2026, 9:44 AM","Jul 20, 2026, 12:17 PM","02:32:58","-","Jul 20, 2026, 12:17 PM","Jul 20, 2026, 12:58 PM","00:41:35","-","Jul 20, 2026, 12:58 PM","Jul 20, 2026, 2:43 PM","01:45:00","-","Jul 20, 2026, 2:43 PM","-","-","198:35:24","-","-","-","-","-","-","-","-","-","-","-","-","-","-","-","-","-","-","-","-","-","-","-","-","-","-","-","-","-","-","-","-","-","-","-","-","-","-","-","-","-","-","-","-","-","-","-","-","-","-","-","-","-","-","-","-","-","-","-","-","-","-","-","-","-","-","-","-","-","-","-","-","-","-","-","-","-","-","-","-","-","-","-","-","-","-","-","-","-","-","-","-","-","-","-","-","-","-","-","-","-","-","-","-","-","-","-","-","-","-","-","-","-","-","-","-","-","-","-","-","-","-","-","-","-","-","-","-","-","-","-","-"
"26906","Buddy Myers","","Buddy Myers","myersbd1@verizon.net","(972) 998-5744","Clogged Drain :Plumbing","clogged line in yard","Pending Site Visits","Jul 22, 2026, 8:00 AM","Jul 22, 2026, 10:00 AM","07/22/2026","08:00:00","07/22/2026","10:00:00","Jul 17, 2026, 11:11 AM","2026","July 2026","Beatriz Garcia","8453 W Whitehorn Way Peoria, AZ 85383","","","","Main Location","Ian Gauvin","PHX - Plumbing","Paid","79","520","0","79","","77698, 77699","77699","-","77698","-","REMINDER TO USE CAMERA AND LOOK FOR SEWER/GENERAL PIPE REPLACEMENT OPPORTUNITIES. 

Reason for call? 

Who will be present to meet the technician? Myers

Where is the primary location of the clogged drain? front yard

Are there any other drains that are backing up? yes, ther's a courtyard, he has gutters running into ground and also has 2 drains 

Are you on a septic system? If so, when was the last time it was pumped? City sewer

Is there anything else you would like technician to look at while they are there? 

How did you hear about NexLvl Services? Existing

CC on file
Quoted $79 svc fee

Per Joey- if this is something we cannot help him repair nothing will be charged. Not even the svc fee.","","Resi","-","-","01:10:04","1.17","02:00:00","2","01:00:34","1","","0","0","0","0","72.8","520","447.2","0","0","0","0","12","79","67","0","79","79","","","","","Resi Plumbing","","Buddy Myers","","","","","","Lowe's","","","","","","","12000496","(972) 998-5744","myersbd1@verizon.net","","","","IMS","","","","","Aug 19, 2025, 4:06 PM","Lowes - Simple Installs","Buddy Myers","","Buddy","Myers","-","-","-","-","-","-","-","-","-","-","-","-","-","-","-","-","-","-","-","-","-","-","-","-","-","-","-","-","-","-","-","-","-","-","-","-","-","-","-","-","-","-","-","-","-","-","-","-","-","-","-","-","-","-","-","-","-","-","-","-","-","-","-","-","-","-","-","-","-","-","-","-","-","-","-","-","-","-","-","-","Jul 17, 2026, 11:11 AM","Jul 22, 2026, 7:31 AM","116:20:01","-","Jul 22, 2026, 7:31 AM","Jul 22, 2026, 8:32 AM","01:00:35","-","Jul 22, 2026, 8:32 AM","Jul 22, 2026, 9:42 AM","01:10:04","-","Jul 27, 2026, 11:12 AM","-","-","34:06:22","-","-","-","-","-","-","-","-","Jul 22, 2026, 9:42 AM","Jul 22, 2026, 1:01 PM","03:19:16","-","Jul 22, 2026, 1:01 PM","Jul 27, 2026, 11:12 AM","118:11:18","-","-","-","-","-","-","-","-","-","-","-","-","-","-","-","-","-","-","-","-","-","-","-","-","-","-","-","-","-","-","-","-","-","-","-","-","-","-","-","-","-","-","-","-","-","-","-","-","-","-","-","-","-","-","-","-","-","-","-","-","-","-","-","-","-","-","-","-","-","-","-","-","-","-","-","-","-","-","-","-","-","-","-","-","-","-","-","-","-","-","-","-","-","-","-","-","-"
"26905","Argenta Apartments","29th Street Communities","Diana March","diana.march@29scliving.com","(925) 324-7595","Pool Equipment Repair","Pool - Sand Change and Phosphate treatment.","Completed","Jul 23, 2026, 8:00 AM","Jul 23, 2026, 12:00 PM","07/23/2026","08:00:00","07/23/2026","12:00:00","Jul 17, 2026, 11:09 AM","2026","July 2026","Joey Reyes","4104 East Broadway Road, Mesa, Arizona 85206","Mesa","Arizona","85206","Main Location","Jasper Castaneda","Pools","Sent","1540","1540","0","0","","77801, 77803, 77369","77369","AZ Service:Pools","77801, 77803","AZ Service:Pools, AZ Service:Pools","Pool Service
Sand Change and Phosphate treatment.
POC Diana","","","-","-","01:48:22","1.8","04:00:00","4","00:45:55","0.75","","0","800","1200","400","40.8","340","299.2","800","1200","400","800","40.8","340","299.2","0","1540","1540","","","","","Pool Repair","","Diana","","","","","","Lowe's","Free","","Residential","Tier 1 - 8%","","","9808428","(925) 324-7595","diana.march@29scliving.com","","sean.obrien@29scliving.com","Logen Uknavage","Referral","Won","","","","Mar 21, 2025, 8:24 AM","","Argenta Apartments","Argenta Apartments","Diana","March","-","-","-","-","-","-","-","-","-","-","-","-","-","-","-","-","-","-","-","-","-","-","-","-","-","-","-","-","-","-","-","-","-","-","-","-","-","-","-","-","-","-","-","-","-","-","-","-","-","-","-","-","-","-","-","-","-","-","-","-","-","-","-","-","-","-","-","-","-","-","-","-","-","-","-","-","-","-","-","-","Jul 17, 2026, 11:09 AM","Jul 23, 2026, 9:23 AM","142:13:53","-","Jul 23, 2026, 9:23 AM","Jul 23, 2026, 10:09 AM","00:45:55","-","Jul 23, 2026, 10:09 AM","Jul 23, 2026, 11:57 AM","01:48:22","-","-","-","-","-","-","-","-","-","-","-","-","-","Jul 23, 2026, 11:57 AM","Jul 23, 2026, 12:44 PM","00:47:25","-","Jul 23, 2026, 12:44 PM","-","-","128:34:24","-","-","-","-","-","-","-","-","-","-","-","-","-","-","-","-","-","-","-","-","-","-","-","-","-","-","-","-","-","-","-","-","-","-","-","-","-","-","-","-","-","-","-","-","-","-","-","-","-","-","-","-","-","-","-","-","-","-","-","-","-","-","-","-","-","-","-","-","-","-","-","-","-","-","-","-","-","-","-","-","-","-","-","-","-","-","-","-","-","-","-","-","-","-","-","-"
"26903","Elena Nikolaev","","Elena Nikolaev","elena_nikolaev1@yahoo.com","650 771 4040","Pool Equipment Repair","No suction","Completed","Jul 23, 2026, 1:00 PM","Jul 23, 2026, 3:00 PM","07/23/2026","13:00:00","07/23/2026","15:00:00","Jul 17, 2026, 11:02 AM","2026","July 2026","Beatriz Garcia","241 North 103rd Circle, Mesa, Arizona 85207","Mesa","Arizona","85207","Main Location","Ian Campbell","Pools","","0","0","0","0","","","","","","","Pool cleaner notes: I can’t get any suction to the skimmer or the vacuum","Backwashed and cleared impeller.
Jordan was on site when I arrived so we went over all the troubleshooting together.

Everything good over here.","Resi","-","-","00:12:44","0.2","02:00:00","2","00:10:03","0.17","","0","0","0","0","0","0","0","0","0","0","0","0","0","0","0","0","0","","","","","Pool Repair","","Elena Nikolaev","","","","","","Lowe's","Free","","Residential","Tier 1 - 8%","","","9420753","650 771 4040","elena_nikolaev1@yahoo.com","","","","","","","","","Feb 20, 2025, 10:43 AM","","Elena Nikolaev","","Elena","Nikolaev","-","-","-","-","-","-","-","-","-","-","-","-","-","-","-","-","-","-","-","-","-","-","-","-","-","-","-","-","-","-","-","-","-","-","-","-","-","-","-","-","-","-","-","-","-","-","-","-","-","-","-","-","-","-","-","-","-","-","-","-","-","-","-","-","-","-","-","-","-","-","-","-","-","-","-","-","-","-","-","-","Jul 17, 2026, 11:02 AM","Jul 23, 2026, 1:53 PM","146:51:10","-","Jul 23, 2026, 1:53 PM","Jul 23, 2026, 2:03 PM","00:10:03","-","Jul 23, 2026, 2:03 PM","Jul 23, 2026, 2:16 PM","00:12:44","-","-","-","-","-","-","-","-","-","-","-","-","-","Jul 23, 2026, 2:16 PM","Jul 24, 2026, 3:17 PM","25:01:14","-","Jul 24, 2026, 3:17 PM","-","-","102:01:47","-","-","-","-","-","-","-","-","-","-","-","-","-","-","-","-","-","-","-","-","-","-","-","-","-","-","-","-","-","-","-","-","-","-","-","-","-","-","-","-","-","-","-","-","-","-","-","-","-","-","-","-","-","-","-","-","-","-","-","-","-","-","-","-","-","-","-","-","-","-","-","-","-","-","-","-","-","-","-","-","-","-","-","-","-","-","-","-","-","-","-","-","-","-","-","-"
"26901","Donn Terrill","","Donn Terrill","phxslsrep@cox.net","602-690-3330","Garbage Disposal :Lowes Simple Installs","1","Completed","Jul 20, 2026, 8:00 AM","Jul 20, 2026, 9:00 AM","07/20/2026","08:00:00","07/20/2026","09:00:00","Jul 17, 2026, 10:52 AM","2026","July 2026","Ashley Reed","1687 W Bluebird Dr, Chandler, AZ 85286","Chandler","AZ","85286","Main Address","Bryan Pickett","Lowes","Paid","152","0","0","152","","77558, 77501","","","77558, 77501","Lowes:Simple Installs, Lowes:Simple Installs","Simple installs -1- Badger 5XP Continuous feed 3/4-HP Septic Safe Non-corded Garbage Disposal/ onsite/ does not have a new power cord and asked we try the old one first","Removed dishwasher supply line, removed existing plumbing, and uninstalled old disposal. Installed new garbage disposal and reconnected existing plumbing. Reconnected dishwasher line and tested by filling sink with water and draining with disposal running while checking for drips and leaks. No visible water, customer tested and customer satisfied

Customer purchased new power cord from truck stock","Lowes,onsite","-","-","00:50:53","0.83","01:00:00","1","00:48:28","0.8","01:40:01","1.67","0","0","0","0","0","0","20","25","5","20","13","127","114","0","152","152","","413173816","","","Lowes - Simple Installs","","","","","","","","","","","","","","","17521613","602-690-3330","phxslsrep@cox.net","null","","","IMS","","","PLUMB - GENERAL (NO SOFTENERS)","PLUMB - GENERAL (NO SOFTENERS)","Jul 16, 2026, 8:00 AM","","Donn Terrill","","Donn","Terrill","-","-","-","-","-","-","-","-","-","-","-","-","-","-","-","-","-","-","-","-","-","-","-","-","-","-","-","-","-","-","-","-","-","-","-","-","-","-","-","-","-","-","-","-","-","-","-","-","Jul 17, 2026, 10:52 AM","Jul 20, 2026, 7:15 AM","68:23:04","-","-","-","-","-","Jul 20, 2026, 7:15 AM","Jul 20, 2026, 8:03 AM","00:48:28","-","Jul 20, 2026, 8:03 AM","Jul 20, 2026, 8:54 AM","00:50:53","-","-","-","-","-","Jul 20, 2026, 8:54 AM","Jul 20, 2026, 2:39 PM","05:44:46","-","Jul 20, 2026, 2:39 PM","-","-","198:39:47","-","-","-","-","-","-","-","-","-","-","-","-","-","-","-","-","-","-","-","-","-","-","-","-","-","-","-","-","-","-","-","-","-","-","-","-","-","-","-","-","-","-","-","-","-","-","-","-","-","-","-","-","-","-","-","-","-","-","-","-","-","-","-","-","-","-","-","-","-","-","-","-","-","-","-","-","-","-","-","-","-","-","-","-","-","-","-","-","-","-","-","-","-","-","-","-","-","-","-","-","-","-","-","-","-","-","-","-","-","-","-","-","-","-","-","-","-","-","-","-","-","-","-","-","-","-","-","-","-","-","-","-"
"26900","Kurt Mohty","","Kurt Mohty","kmohty@gmail.com","(602) 509-4159","Pool Cleaning","Initial visit","Completed","Jul 21, 2026, 1:00 PM","Jul 21, 2026, 6:00 PM","07/21/2026","13:00:00","07/21/2026","18:00:00","Jul 17, 2026, 10:27 AM","2026","July 2026","Beatriz Garcia","5228 East Hartford Avenue, Scottsdale, Arizona 85254","Scottsdale","Arizona","85254","Main Location","Jasper Castaneda","Pools","Estimate","0","63","0","0","","77676","77676","-","","","Just signed up for pool cleaning. Initial visit. No gate codes. Permission to enter.","","Resi","-","-","00:01:58","0.02","05:00:00","5","","0","","0","25","63","38","0","0","0","0","0","0","0","0","0","0","0","0","0","","","","","Pool Repair","","Kurt Mohty","","","","","","Lowe's","Free","","Residential","Tier 1 - 8%","","","17530282","(602) 509-4159","kmohty@gmail.com","","","","Referral","","","","","Jul 17, 2026, 8:46 AM","Pool Cleaning,Phoenix,Resi","Kurt Mohty","","Kurt","Mohty","-","-","-","-","-","-","-","-","-","-","-","-","-","-","-","-","-","-","-","-","-","-","-","-","-","-","-","-","-","-","-","-","-","-","-","-","-","-","-","-","-","-","-","-","-","-","-","-","-","-","-","-","-","-","-","-","-","-","-","-","-","-","-","-","-","-","-","-","-","-","-","-","-","-","-","-","-","-","-","-","Jul 17, 2026, 10:27 AM","Jul 21, 2026, 2:09 PM","99:41:39","-","-","-","-","-","Jul 21, 2026, 2:09 PM","Jul 21, 2026, 2:11 PM","00:01:58","-","-","-","-","-","-","-","-","-","-","-","-","-","Jul 21, 2026, 2:11 PM","Jul 21, 2026, 2:13 PM","00:02:03","-","Jul 21, 2026, 2:13 PM","-","-","175:06:05","-","-","-","-","-","-","-","-","-","-","-","-","-","-","-","-","-","-","-","-","-","-","-","-","-","-","-","-","-","-","-","-","-","-","-","-","-","-","-","-","-","-","-","-","-","-","-","-","-","-","-","-","-","-","-","-","-","-","-","-","-","-","-","-","-","-","-","-","-","-","-","-","-","-","-","-","-","-","-","-","-","-","-","-","-","-","-","-","-","-","-","-","-","-","-","-"
"26893","Lorena Flores","","Lorena Flores","cactus1269@aol.com","(480) 290-1963","Recall :Lowes Water Heaters","","Completed","Jul 20, 2026, 8:00 AM","Jul 20, 2026, 9:30 AM","07/20/2026","08:00:00","07/20/2026","09:30:00","Jul 17, 2026, 8:20 AM","2026","July 2026","Brenton Heward","1333 E Bartlett Way, Chandler, AZ 85249","Chandler","AZ","85249","Main Address","Tanner LaForge","Lowes","","0","0","0","0","","","","","","","-Recall reason: Pan is 22"" and heater is 22"". Customer is not happy with how small it is compared to her last one. Would feel more comfortable with a larger pan.


-Original installer? Tanner L.","7/20

Returned today to drain and remove the heater and install a 24"" pan instead of the 22"" that is here. 

Replaced the pan and reattach the water lines and t&p. Reconnect gas and fill the tank. 

Turn on the burner and check for any leaks. 

Request complete. No issues","Lowes","-","-","00:52:13","0.87","01:30:00","1.5","00:25:18","0.42","","0","0","0","0","0","0","0","0","0","0","0","0","0","0","0","0","0","","","","","Lowes - Water Heaters","","","","","","","","Lowe's","Free","","Residential","Tier 1 - 8%","","","17239224","(480) 290-1963","cactus1269@aol.com","","","Travis Germain","IME","New Prospect","","ESTIMATE_APPOINTMENT | APPOINTMENT_SET","ESTIMATE_APPOINTMENT | APPOINTMENT_SET","Jun 21, 2026, 10:04 PM","","Lorena Flores","","Lorena","Flores","-","-","-","-","-","-","-","-","-","-","-","-","-","-","-","-","-","-","-","-","-","-","-","-","-","-","-","-","-","-","-","-","-","-","-","-","-","-","-","-","-","-","-","-","-","-","-","-","Jul 17, 2026, 8:20 AM","Jul 20, 2026, 7:46 AM","71:25:54","-","-","-","-","-","Jul 20, 2026, 7:46 AM","Jul 20, 2026, 8:11 AM","00:25:18","-","Jul 20, 2026, 8:11 AM","Jul 20, 2026, 9:04 AM","00:52:13","-","-","-","-","-","Jul 20, 2026, 9:04 AM","Jul 20, 2026, 9:06 AM","00:02:48","-","Jul 20, 2026, 9:06 AM","-","-","204:12:30","-","-","-","-","-","-","-","-","-","-","-","-","-","-","-","-","-","-","-","-","-","-","-","-","-","-","-","-","-","-","-","-","-","-","-","-","-","-","-","-","-","-","-","-","-","-","-","-","-","-","-","-","-","-","-","-","-","-","-","-","-","-","-","-","-","-","-","-","-","-","-","-","-","-","-","-","-","-","-","-","-","-","-","-","-","-","-","-","-","-","-","-","-","-","-","-","-","-","-","-","-","-","-","-","-","-","-","-","-","-","-","-","-","-","-","-","-","-","-","-","-","-","-","-","-","-","-","-","-","-","-","-"
"26888","Nancy Fairchild","","Nancy Fairchild","kansas323@hotmail.com","623-986-0315","Toilet :Lowes Simple Installs","2","Completed","Jul 21, 2026, 11:00 AM","Jul 21, 2026, 1:30 PM","07/21/2026","11:00:00","07/21/2026","13:30:00","Jul 16, 2026, 4:27 PM","2026","July 2026","Ashley Reed","4911 N Escondido Rd W, Litchfield Park, AZ 85340","Litchfield Park","AZ","85340","Main Address","Sean Marble","Lowes","Paid","383","0","0","383","","77464, 77679","","","77464, 77679","Lowes:Simple Installs, Lowes:Simple Installs","Simple installs- 2- KOHLER Elliston White Elongated Chair height 12-in Rough-In WaterSense 1.28 GPF Soft Close 2-piece Toilet/ pick up from lowe's/ Requested for Sean specifically 

13191 W MCDOWELL RD,
Goodyear, AZ 85338
Store: #1553
Phone: (623) 935-9157

Delivery Fee:PR32413492","Removed two toilets both flanges were in good condition. Replaced wax rings built two new toilets install installed caulking applied tested no leaks job complete","Lowes,Pick up from Lowes","-","-","01:00:58","1","02:30:00","2.5","00:13:46","0.22","","0","0","0","0","0","0","0","0","0","0","0","38","383","345","0","383","383","","413373544","","","Lowes - Simple Installs","","","","","","","","","","","","","","","17349261","623-986-0315","kansas323@hotmail.com","null","","","IMS","","","PLUMB - ONLINE ONLY","PLUMB - ONLINE ONLY","Jun 30, 2026, 8:00 AM","","Nancy Fairchild","","Nancy","Fairchild","-","-","-","-","-","-","-","-","-","-","-","-","-","-","-","-","-","-","-","-","-","-","-","-","-","-","-","-","-","-","-","-","-","-","-","-","-","-","-","-","-","-","-","-","-","-","-","-","Jul 16, 2026, 4:27 PM","Jul 21, 2026, 9:45 AM","113:18:07","-","Jul 21, 2026, 9:45 AM","Jul 21, 2026, 10:13 AM","00:27:58","-","Jul 21, 2026, 10:13 AM","Jul 21, 2026, 10:27 AM","00:13:46","-","Jul 21, 2026, 10:27 AM","Jul 21, 2026, 11:28 AM","01:00:58","-","-","-","-","-","Jul 21, 2026, 11:28 AM","Jul 21, 2026, 2:14 PM","02:46:29","-","Jul 21, 2026, 2:14 PM","-","-","175:04:23","-","-","-","-","-","-","-","-","-","-","-","-","-","-","-","-","-","-","-","-","-","-","-","-","-","-","-","-","-","-","-","-","-","-","-","-","-","-","-","-","-","-","-","-","-","-","-","-","-","-","-","-","-","-","-","-","-","-","-","-","-","-","-","-","-","-","-","-","-","-","-","-","-","-","-","-","-","-","-","-","-","-","-","-","-","-","-","-","-","-","-","-","-","-","-","-","-","-","-","-","-","-","-","-","-","-","-","-","-","-","-","-","-","-","-","-","-","-","-","-","-","-","-","-","-","-","-","-","-","-","-","-"
"26882","Ken Koenen","","Ken Koenen","lawkentoday@gmail.com","602-359-7573","Toilet seat :Lowes Simple Installs","1","Completed","Jul 20, 2026, 8:00 AM","Jul 20, 2026, 9:00 AM","07/20/2026","08:00:00","07/20/2026","09:00:00","Jul 16, 2026, 2:21 PM","2026","July 2026","Ashley Reed","12958 West Hummingbird Terrace, Peoria, Arizona 85383","Peoria","Arizona","85383","Main Location","Sean Marble","Lowes","Paid","85","0","0","85","","77390","","","77390","Lowes:Simple Installs","This is to replace the toilet seat. Customer stated the current one he has does not fit correctly. Need to pick up from lowe's/ Verify with the associate there if they want you to return the other seat

25311 N LAKE PLEASANT PKWY,
Peoria, AZ 85383
Store: #2820
Phone: (623) 537-2640","From what I can see the original toilet seat fit just fine. Installed the new toilet seat. The customer still has the same problem they had with the original one. The lip of the seat is just barely off the front really not at all. It’s the way the toilet seat is manufactured to solve this. Customer may have to buy their own custom seat. Toilet seat fits just fine.","Lowes,Warranty","-","-","00:40:08","0.67","01:00:00","1","00:17:47","0.28","","0","0","0","0","0","0","0","0","0","0","0","9","85","76","0","85","85","","WO003300492","","","Lowes - Simple Installs","","","","","","","","Lowe's","Free","","Residential","Tier 1 - 8%","","","17340981","602-359-7573","lawkentoday@gmail.com","","","","IMS","","","PLUMB - ONLINE ONLY","PLUMB - ONLINE ONLY","Jun 29, 2026, 8:00 AM","Lowes - Simple Installs","Ken Koenen","","Ken","Koenen","-","-","-","-","-","-","-","-","-","-","-","-","-","-","-","-","-","-","-","-","-","-","-","-","-","-","-","-","-","-","-","-","-","-","-","-","-","-","-","-","-","-","-","-","-","-","-","-","Jul 16, 2026, 2:21 PM","Jul 20, 2026, 7:01 AM","88:40:19","-","Jul 20, 2026, 7:01 AM","Jul 20, 2026, 8:08 AM","01:06:47","-","Jul 20, 2026, 8:08 AM","Jul 20, 2026, 8:26 AM","00:17:47","-","Jul 20, 2026, 8:26 AM","Jul 20, 2026, 9:06 AM","00:40:08","-","-","-","-","-","Jul 20, 2026, 9:06 AM","Jul 20, 2026, 9:06 AM","00:00:21","-","Jul 20, 2026, 9:06 AM","-","-","204:12:49","-","-","-","-","-","-","-","-","-","-","-","-","-","-","-","-","-","-","-","-","-","-","-","-","-","-","-","-","-","-","-","-","-","-","-","-","-","-","-","-","-","-","-","-","-","-","-","-","-","-","-","-","-","-","-","-","-","-","-","-","-","-","-","-","-","-","-","-","-","-","-","-","-","-","-","-","-","-","-","-","-","-","-","-","-","-","-","-","-","-","-","-","-","-","-","-","-","-","-","-","-","-","-","-","-","-","-","-","-","-","-","-","-","-","-","-","-","-","-","-","-","-","-","-","-","-","-","-","-","-","-","-"
"26880","Andrew Cutshall","","Andrew Cutshall","andrewcutshall5@gmail.com","(734) 612-4036","Pool Equipment Repair","Clogged in line cleaner","Pending Site Visits","Jul 20, 2026, 2:00 PM","Jul 20, 2026, 4:00 PM","07/20/2026","14:00:00","07/20/2026","16:00:00","Jul 16, 2026, 2:12 PM","2026","July 2026","Beatriz Garcia","1405 E La Jolla Dr Tempe, Arizona 85282","","Arizona","85282","Andrew Cutshall","Jasper Castaneda","Pools","Estimate","0","570","0","0","","77530","77530","AZ Service:Pools","","","Pool claner notes: In line cleaner line clogged, needs to be blown out, lots of palm tree debris","","Resi","-","-","00:21:04","0.35","02:00:00","2","00:10:14","0.17","","0","200","400","200","20.4","170","149.6","0","0","0","0","0","0","0","0","0","0","","","","","Pool Repair","","Andrew Cutshall","","","","","","","","","","","","","6707553","(734) 612-4036","andrewcutshall5@gmail.com","null","","","","","","","","Apr 23, 2024, 6:31 AM","","Andrew Cutshall","","Andrew","Cutshall","-","-","-","-","-","-","-","-","-","-","-","-","-","-","-","-","-","-","-","-","-","-","-","-","-","-","-","-","-","-","-","-","-","-","-","-","-","-","-","-","-","-","-","-","-","-","-","-","-","-","-","-","-","-","-","-","-","-","-","-","-","-","-","-","-","-","-","-","-","-","-","-","-","-","-","-","-","-","-","-","Jul 16, 2026, 2:12 PM","Jul 20, 2026, 12:00 PM","93:47:13","-","Jul 20, 2026, 12:00 PM","Jul 20, 2026, 12:10 PM","00:10:15","-","Jul 20, 2026, 12:10 PM","Jul 20, 2026, 12:31 PM","00:21:03","-","Jul 28, 2026, 10:50 AM","-","-","10:29:11","-","-","-","-","-","-","-","-","Jul 20, 2026, 12:31 PM","Jul 21, 2026, 8:49 AM","20:17:43","-","Jul 21, 2026, 8:49 AM","Jul 28, 2026, 10:50 AM","170:01:06","-","-","-","-","-","-","-","-","-","-","-","-","-","-","-","-","-","-","-","-","-","-","-","-","-","-","-","-","-","-","-","-","-","-","-","-","-","-","-","-","-","-","-","-","-","-","-","-","-","-","-","-","-","-","-","-","-","-","-","-","-","-","-","-","-","-","-","-","-","-","-","-","-","-","-","-","-","-","-","-","-","-","-","-","-","-","-","-","-","-","-","-","-","-","-","-","-"
"26876","john kilass","","john kilass","john.kilass.85@gmail.com","707-322-0291","Toilet :Lowes Simple Installs","2","Canceled","Jul 21, 2026, 10:00 AM","Jul 21, 2026, 1:00 PM","07/21/2026","10:00:00","07/21/2026","13:00:00","Jul 16, 2026, 12:26 PM","2026","July 2026","Ashley Reed","308 Leisure World, Mesa, AZ 85206","Mesa","AZ","85206","Main Address","Bryan Pickett","Lowes","Paid","85","0","0","85","","77651, 77463","","","77651, 77463","Lowes:Simple Installs, Lowes:Simple Installs","Simple installs -2- Project Source Pro-flush White Elongated Chair height 12-in Rough-In WaterSense 1.28 GPF 2-piece Toilet with XL Trapway/ pick up from lowes/ when you get to the guard give him the customers address

1440 SOUTH HIGLEY ROAD,
Mesa, AZ 85206
Store: #714
Phone: (480) 832-1666

Delivery Fee: PR32416719
Trip Charge: PR32440246","Master Bath: Disconnected water supply line, removed old toilet and old wax ring. Installed new waxring and new toilet. Reconnected water supply line and tested by filling tank and flushing through bowl several times while checking for leaks and moisture. No visible water, customer tested and customer satisfied.

Pickup/Delivery charge 
Toilet Install

Guest Bathroom: Toilet was not accepted by customer, states that he purchased an Tall model that was supposed to be 2 inches taller. Informed customer of return and rescheduling options. Returned toilet to lowes as seen in photos.","Lowes,Pick up from Lowes","-","-","01:23:08","1.38","03:00:00","3","00:31:33","0.52","02:26:39","2.43","0","0","0","0","0","0","0","0","0","0","9","85","76","0","85","85","","412882356","","","Lowes - Simple Installs","","","","","","","","Lowe's","Free","","Residential","Tier 1 - 8%","","","17465556","707-322-0291","john.kilass.85@gmail.com","","","","IMS","","","PLUMB - GENERAL (NO SOFTENERS)","PLUMB - GENERAL (NO SOFTENERS)","Jul 10, 2026, 8:00 AM","","john kilass","","john","kilass","-","-","-","-","-","-","-","-","-","-","-","-","-","-","-","-","-","-","-","-","-","-","-","-","-","-","-","-","-","-","-","-","-","-","-","-","-","-","-","-","-","-","-","-","-","-","-","-","Jul 16, 2026, 12:26 PM","Jul 21, 2026, 9:03 AM","116:36:43","-","-","-","-","-","Jul 21, 2026, 9:03 AM","Jul 21, 2026, 9:34 AM","00:31:33","-","Jul 21, 2026, 9:34 AM","Jul 21, 2026, 10:57 AM","01:23:08","-","Jul 21, 2026, 10:57 AM","Jul 27, 2026, 10:14 AM","143:16:46","-","-","-","-","-","-","-","-","-","Jul 27, 2026, 10:14 AM","-","-","35:04:47","-","-","-","-","-","-","-","-","-","-","-","-","-","-","-","-","-","-","-","-","-","-","-","-","-","-","-","-","-","-","-","-","-","-","-","-","-","-","-","-","-","-","-","-","-","-","-","-","-","-","-","-","-","-","-","-","-","-","-","-","-","-","-","-","-","-","-","-","-","-","-","-","-","-","-","-","-","-","-","-","-","-","-","-","-","-","-","-","-","-","-","-","-","-","-","-","-","-","-","-","-","-","-","-","-","-","-","-","-","-","-","-","-","-","-","-","-","-","-","-","-","-","-","-","-","-","-","-"
"26875","TODD GETNER","","TODD GETNER","tgetner@gmail.com","602-321-7400","Toilet :Lowes Simple Installs","1","Completed","Jul 22, 2026, 10:00 AM","Jul 22, 2026, 12:00 PM","07/22/2026","10:00:00","07/22/2026","12:00:00","Jul 16, 2026, 12:17 PM","2026","July 2026","Ashley Reed","6102 W Dublin Ln, Chandler, AZ 85226","Chandler","AZ","85226","Main Address","Bryan Pickett","Lowes","Paid","174","0","0","174","","77738","","","77738","Lowes:Simple Installs","Simple installs -1- TOTO Drake Cotton Elongated Chair height 12-in Rough-In 1.6 GPF Soft Close 2-piece Toilet/ toilet was delivered to the customer and he checked it the best he could, said there were no issues that he saw. I let him know that if we do find a crack or break, we could return it to the store to help 

7100 WEST RAY ROAD,
Chandler, AZ 85226","Disconnected water supply line, removed old toilet and old wax ring. Installed new waxring and new toilet. Reconnected water supply line and tested by filling tank and flushing through bowl several times while checking for leaks and moisture. No visible water, customer tested and customer satisfied.

Toilet Install","Lowes,onsite","-","-","01:24:06","1.4","02:00:00","2","00:40:47","0.67","02:01:12","2.02","0","0","0","0","0","0","0","0","0","0","17","174","157","0","174","174","","412926159","","","Lowes - Simple Installs","","","","","","","","","","","","","","","17508424","602-321-7400","tgetner@gmail.com","null","","","IMS","","","PLUMB - GENERAL (NO SOFTENERS)","PLUMB - GENERAL (NO SOFTENERS)","Jul 15, 2026, 8:06 AM","","TODD GETNER","","TODD","GETNER","-","-","-","-","-","-","-","-","-","-","-","-","-","-","-","-","-","-","-","-","-","-","-","-","-","-","-","-","-","-","-","-","-","-","-","-","-","-","-","-","-","-","-","-","-","-","-","-","Jul 16, 2026, 12:17 PM","Jul 22, 2026, 9:18 AM","141:00:29","-","-","-","-","-","Jul 22, 2026, 9:18 AM","Jul 22, 2026, 9:58 AM","00:40:47","-","Jul 22, 2026, 9:58 AM","Jul 22, 2026, 11:23 AM","01:24:06","-","-","-","-","-","Jul 22, 2026, 11:23 AM","Jul 22, 2026, 2:20 PM","02:57:17","-","Jul 22, 2026, 2:20 PM","-","-","150:59:00","-","-","-","-","-","-","-","-","-","-","-","-","-","-","-","-","-","-","-","-","-","-","-","-","-","-","-","-","-","-","-","-","-","-","-","-","-","-","-","-","-","-","-","-","-","-","-","-","-","-","-","-","-","-","-","-","-","-","-","-","-","-","-","-","-","-","-","-","-","-","-","-","-","-","-","-","-","-","-","-","-","-","-","-","-","-","-","-","-","-","-","-","-","-","-","-","-","-","-","-","-","-","-","-","-","-","-","-","-","-","-","-","-","-","-","-","-","-","-","-","-","-","-","-","-","-","-","-","-","-","-","-"
"26873","Harry Margulies","","Harry Margulies","marghar33@gmail.com","(602) 391-8779","Faucet :Lowes Simple Installs","1","Completed","Jul 22, 2026, 10:00 AM","Jul 22, 2026, 11:15 AM","07/22/2026","10:00:00","07/22/2026","11:15:00","Jul 16, 2026, 12:01 PM","2026","July 2026","Ashley Reed","8923 East Surrey Avenue, Scottsdale, Arizona 85260","Scottsdale","Arizona","85260","Main Location","Erik Tange","Lowes","Paid","380","245","0","380","","77705, 77724, 77743","77705","Lowes:Simple Installs","77724, 77743","Lowes:Simple Installs, Lowes:Simple Installs","Simple installs -1- Moen Medina Spot Resist Stainless Single Handle Deck-mount Pull-out Kitchen Faucet with Sprayer (Includes Deck Plate)/onsite","Exsisting angle stops are gate valves and show heavy signs of corrosion. I suggested to customer they should have them replaced, customer agreed to quote and invoice.
Turned water off to house, disconnected faucet supply lines and dishwasher supply line. Disconnected p-trap and under sink drain plumbing, also disconnected disposal to make room to work on angle stops.
Removed old single handle kitchen faucet, cleaned countertop area under old faucet. Removed old angle stops. Cut 1/4"" off ends of copper pipe, **installed new dual outlet angle stop on hot side, and new single outlet angle stop on cold side.** 
Turned water on to house, checked angle stops for leaks, no leaks. 
Installed new single handle kitchen faucet, connected supply lines, checked for leaks, no leaks. 
Reconnected disposal, under sink drain plumbing and p-trap. Checked for leaks, no leaks. Faucet, disposal and drain all function as necessary.","Lowes,onsite","-","-","01:49:45","1.82","01:15:00","1.25","00:27:21","0.45","","0","34","60","26","22.2","185","162.8","34","60","26","34","36.2","320","283.8","0","380","380","","413123222","","","Lowes - Simple Installs","","","","","","","","Lowe's","Free","","Residential","Tier 1 - 8%","","","17525285","(602) 391-8779","marghar33@gmail.com","","","","IMS","","","","","Jul 16, 2026, 11:50 AM","Lowes - Simple Installs","Harry Margulies","","Harry","Margulies","-","-","-","-","-","-","-","-","-","-","-","-","-","-","-","-","-","-","-","-","-","-","-","-","-","-","-","-","-","-","-","-","-","-","-","-","-","-","-","-","-","-","-","-","-","-","-","-","Jul 16, 2026, 12:01 PM","Jul 22, 2026, 9:45 AM","141:43:21","-","-","-","-","-","Jul 22, 2026, 9:45 AM","Jul 22, 2026, 10:12 AM","00:27:21","-","Jul 22, 2026, 10:12 AM","Jul 22, 2026, 12:02 PM","01:49:45","-","-","-","-","-","Jul 22, 2026, 12:02 PM","Jul 22, 2026, 2:33 PM","02:31:02","-","Jul 22, 2026, 2:33 PM","-","-","150:46:00","-","-","-","-","-","-","-","-","-","-","-","-","-","-","-","-","-","-","-","-","-","-","-","-","-","-","-","-","-","-","-","-","-","-","-","-","-","-","-","-","-","-","-","-","-","-","-","-","-","-","-","-","-","-","-","-","-","-","-","-","-","-","-","-","-","-","-","-","-","-","-","-","-","-","-","-","-","-","-","-","-","-","-","-","-","-","-","-","-","-","-","-","-","-","-","-","-","-","-","-","-","-","-","-","-","-","-","-","-","-","-","-","-","-","-","-","-","-","-","-","-","-","-","-","-","-","-","-","-","-","-","-"
"26872","Jim Cresto","","Jim Cresto","jcresto1@cox.net","(602) 909-5451","Toilet :Lowes Simple Installs","1","Completed","Jul 21, 2026, 8:00 AM","Jul 21, 2026, 10:00 AM","07/21/2026","08:00:00","07/21/2026","10:00:00","Jul 16, 2026, 11:36 AM","2026","July 2026","Ashley Reed","2573 E ESTRELLA ST, GILBERT, AZ 85296","GILBERT","AZ","85296","Main Address","Bryan Pickett, Sean Marble","Lowes","Paid","209","0","0","209","","77677","","","77677","Lowes:Simple Installs","Simple installs -1- DeerValley ADA Toilets White Elongated Chair height 12-in Rough-In WaterSense 1.28 1.0 GPF (4.85 3.79 LPF) Dual Flush Soft Close 1-piece Toilet/ pick up from lowe's/ 

1440 SOUTH HIGLEY ROAD,
Mesa, AZ 85206
Store: #714
Phone: (480) 832-1666","Disconnected water supply line, removed old toilet and old wax ring. Installed new waxring and new toilet. Reconnected water supply line and tested by filling tank and flushing through bowl several times while checking for leaks and moisture. No visible water, customer tested and customer satisfied.

Pickup/Delivery charge 
Toilet Install","Lowes,Pick up from Lowes,Helper","-","-","00:49:55","0.82","02:00:00","2","00:47:34","0.78","01:47:28","1.78","0","0","0","0","0","0","0","0","0","0","21","209","188","0","209","209","","412504703","","","Lowes - Simple Installs","","","","","","","","Lowe's","Free","","Residential","Tier 1 - 8%","","","17521734","(602) 909-5451","jcresto1@cox.net","","","","IMS","","","PLUMB - ONLINE ONLY","PLUMB - ONLINE ONLY","Jul 16, 2026, 8:03 AM","","Jim Cresto","","Jim","Cresto","-","-","-","-","-","-","-","-","-","-","-","-","-","-","-","-","-","-","-","-","-","-","-","-","-","-","-","-","-","-","-","-","-","-","-","-","-","-","-","-","-","-","-","-","-","-","-","-","Jul 16, 2026, 11:36 AM","Jul 21, 2026, 7:15 AM","115:39:05","-","Jul 21, 2026, 7:15 AM","Jul 21, 2026, 7:15 AM","00:00:03","-","Jul 21, 2026, 7:15 AM","Jul 21, 2026, 8:03 AM","00:47:34","-","Jul 21, 2026, 8:03 AM","Jul 21, 2026, 8:53 AM","00:49:55","-","-","-","-","-","Jul 21, 2026, 8:53 AM","Jul 21, 2026, 2:11 PM","05:18:52","-","Jul 21, 2026, 2:11 PM","-","-","175:07:24","-","-","-","-","-","-","-","-","-","-","-","-","-","-","-","-","-","-","-","-","-","-","-","-","-","-","-","-","-","-","-","-","-","-","-","-","-","-","-","-","-","-","-","-","-","-","-","-","-","-","-","-","-","-","-","-","-","-","-","-","-","-","-","-","-","-","-","-","-","-","-","-","-","-","-","-","-","-","-","-","-","-","-","-","-","-","-","-","-","-","-","-","-","-","-","-","-","-","-","-","-","-","-","-","-","-","-","-","-","-","-","-","-","-","-","-","-","-","-","-","-","-","-","-","-","-","-","-","-","-","-","-"
"26871","Jean Verbeck","","Jean Verbeck","","(480) 832-6665","Pool Equipment Repair","","Completed","Jul 23, 2026, 3:00 PM","Jul 23, 2026, 5:00 PM","07/23/2026","15:00:00","07/23/2026","17:00:00","Jul 16, 2026, 11:35 AM","2026","July 2026","Joey Reyes","1131 North Roadrunner Drive, Gilbert, Arizona 85234","Gilbert","Arizona","85234","Jean Verbeck","Ian Campbell","Pools","Estimate","0","2650","0","0","","77858, 77859","77858, 77859","AZ Service:Pools, AZ Service:Pools","","","Jean called in to have us come out to look at her pool. She has a few problems and is wanting to know what's going on with it
$79 service charge","","","-","-","01:37:23","1.62","02:00:00","2","00:30:53","0.5","","0","1400","1960","560","82.8","690","607.2","0","0","0","0","0","0","0","0","0","0","","","","","Pool Repair","","Jasper","","","","","","Lowe's","Free","","Residential","Tier 1 - 8%","","","6709433","(480) 832-6665","","","","","","","","","","Apr 23, 2024, 6:32 AM","Pools,Phoenix","Jean Verbeck","","Jean","Verbeck","-","-","-","-","-","-","-","-","-","-","-","-","-","-","-","-","-","-","-","-","-","-","-","-","-","-","-","-","-","-","-","-","-","-","-","-","-","-","-","-","-","-","-","-","-","-","-","-","-","-","-","-","-","-","-","-","-","-","-","-","-","-","-","-","-","-","-","-","-","-","-","-","-","-","-","-","-","-","-","-","Jul 16, 2026, 11:35 AM","Jul 23, 2026, 2:16 PM","170:41:15","-","Jul 23, 2026, 2:16 PM","Jul 23, 2026, 2:47 PM","00:30:53","-","Jul 23, 2026, 2:47 PM","Jul 23, 2026, 4:24 PM","01:37:23","-","Jul 24, 2026, 8:24 AM","Jul 24, 2026, 4:25 PM","08:00:55","-","-","-","-","-","-","-","-","-","Jul 23, 2026, 4:24 PM","Jul 24, 2026, 8:24 AM","16:00:01","-","Jul 24, 2026, 4:25 PM","-","-","100:53:40","-","-","-","-","-","-","-","-","-","-","-","-","-","-","-","-","-","-","-","-","-","-","-","-","-","-","-","-","-","-","-","-","-","-","-","-","-","-","-","-","-","-","-","-","-","-","-","-","-","-","-","-","-","-","-","-","-","-","-","-","-","-","-","-","-","-","-","-","-","-","-","-","-","-","-","-","-","-","-","-","-","-","-","-","-","-","-","-","-","-","-","-","-","-","-","-"
"26857","eleanor blas","","eleanor blas","blas_duarte@msn.com","520-249-3777","Toilet :Lowes Simple Installs","1","Completed","Jul 20, 2026, 8:00 AM","Jul 20, 2026, 10:00 AM","07/20/2026","08:00:00","07/20/2026","10:00:00","Jul 16, 2026, 9:43 AM","2026","July 2026","Brenton Heward","4923 E Foothills Dr, Sierra Vista, AZ 85635","Sierra Vista","AZ","85635","Main Address","Mathew Hodges","Lowes","Paid","351.5","142.5","0","351.5","","77440, 77544, 77499, 77513","77499","Lowes:Simple Installs","77440, 77544, 77513","Lowes:Simple Installs, Lowes:Simple Installs, Lowes:Simple Installs","x1
American Standard Mainstream White Round Chair height 12-in Rough-In WaterSense 1.28 GPF Soft Close 2-piece Toilet
Order#: 202663192261796692

Store: 3700 MARTIN LUTHER KING PARKWAY,
Sierra Vista, AZ 85635

Delivery fee: PR32414449","Came out to customers house to install American Standard toilet inside master bedroom toilet was already removed. Customer pulled inside toilet flange had to remove the ring of the toilet flange to replace it because it was rusty and old and it broke went to the store came back with the new ring for the flange. Got that all replaced put new waxing and bolts set new toilet down turned water back onto test for no leaks. There’s no leaks at this time caulked around toilet also put salt before I set the toilet down then no roots get inside of the toilet anymore. customer satisfied with the work and I did tell the customer to wait 24 hours for mopping the floor.","Lowes,Pick up from Lowes","-","-","01:48:36","1.8","02:00:00","2","00:08:07","0.13","","0","15","50","35","11.1","92.5","81.4","15","50","35","15","32.1","301.5","269.4","0","351.5","351.5","","412983221","","","Lowes - Simple Installs","","","","","","","","","","","","","","","17487477","520-249-3777","blas_duarte@msn.com","null","","","IMS","","","PLUMB - GENERAL (NO SOFTENERS)","PLUMB - GENERAL (NO SOFTENERS)","Jul 12, 2026, 8:00 AM","","eleanor blas","","eleanor","blas","-","-","-","-","-","-","-","-","-","-","-","-","-","-","-","-","-","-","-","-","-","-","-","-","-","-","-","-","-","-","-","-","-","-","-","-","-","-","-","-","-","-","-","-","-","-","-","-","Jul 16, 2026, 9:43 AM","Jul 20, 2026, 7:49 AM","94:05:07","-","Jul 20, 2026, 7:49 AM","Jul 20, 2026, 8:08 AM","00:19:29","-","Jul 20, 2026, 8:08 AM","Jul 20, 2026, 8:16 AM","00:08:08","-","Jul 20, 2026, 8:16 AM","Jul 20, 2026, 10:05 AM","01:48:35","-","-","-","-","-","Jul 20, 2026, 10:05 AM","Jul 20, 2026, 1:25 PM","03:20:42","-","Jul 20, 2026, 1:25 PM","-","-","199:53:24","-","-","-","-","-","-","-","-","-","-","-","-","-","-","-","-","-","-","-","-","-","-","-","-","-","-","-","-","-","-","-","-","-","-","-","-","-","-","-","-","-","-","-","-","-","-","-","-","-","-","-","-","-","-","-","-","-","-","-","-","-","-","-","-","-","-","-","-","-","-","-","-","-","-","-","-","-","-","-","-","-","-","-","-","-","-","-","-","-","-","-","-","-","-","-","-","-","-","-","-","-","-","-","-","-","-","-","-","-","-","-","-","-","-","-","-","-","-","-","-","-","-","-","-","-","-","-","-","-","-","-","-"
"26854","Todd Southwick","Old Republic Home Protection","Todd Southwick","toddburnswick@gmail.com","(602) 292-3975","Pool Leak","Auto filler keaking","Pending Site Visits","Jul 20, 2026, 8:00 AM","Jul 20, 2026, 10:00 AM","07/20/2026","08:00:00","07/20/2026","10:00:00","Jul 16, 2026, 9:02 AM","2026","July 2026","Beatriz Garcia","4509 East Joan De Arc Avenue, Phoenix, Arizona 85032","Phoenix","Arizona","85032","Main Location","Ian Campbell","Pools","","0","0","0","0","","","","","","","Autofiller just got replaced and is leaking in the ground, cust says you can hear it and was pointed out by his pool cleaner","","Resi","-","-","00:27:53","0.45","02:00:00","2","00:44:39","0.73","","0","0","0","0","0","0","0","0","0","0","0","0","0","0","0","0","0","","7503-6151","","","Pool Repair","","Todd Southwick","","","","","","Lowe's","Free","","Residential","Tier 1 - 8%","","","17523579","(602) 292-3975","toddburnswick@gmail.com","","","","","","","","","Jul 16, 2026, 8:57 AM","Resi","Todd Southwick","","Todd","Southwick","-","-","-","-","-","-","-","-","-","-","-","-","-","-","-","-","-","-","-","-","-","-","-","-","-","-","-","-","-","-","-","-","-","-","-","-","-","-","-","-","-","-","-","-","-","-","-","-","-","-","-","-","-","-","-","-","-","-","-","-","-","-","-","-","-","-","-","-","-","-","-","-","-","-","-","-","-","-","-","-","Jul 16, 2026, 9:02 AM","Jul 20, 2026, 10:36 AM","97:33:36","-","Jul 20, 2026, 10:36 AM","Jul 20, 2026, 11:21 AM","00:44:40","-","Jul 20, 2026, 11:21 AM","Jul 20, 2026, 11:48 AM","00:27:52","-","Jul 28, 2026, 8:24 AM","-","-","12:55:08","-","-","-","-","Jul 20, 2026, 11:48 AM","Jul 28, 2026, 8:24 AM","188:35:18","-","-","-","-","-","-","-","-","-","-","-","-","-","-","-","-","-","-","-","-","-","-","-","-","-","-","-","-","-","-","-","-","-","-","-","-","-","-","-","-","-","-","-","-","-","-","-","-","-","-","-","-","-","-","-","-","-","-","-","-","-","-","-","-","-","-","-","-","-","-","-","-","-","-","-","-","-","-","-","-","-","-","-","-","-","-","-","-","-","-","-","-","-","-","-","-","-","-","-","-","-","-","-","-","-"
"26840","MAA Old Town","","Dawn Williams","dawn.williams@maac.com","623-280-1810","Pool Equipment Repair","Backwash piston handle","Completed","Jul 20, 2026, 10:00 AM","Jul 20, 2026, 12:00 PM","07/20/2026","10:00:00","07/20/2026","12:00:00","Jul 15, 2026, 3:43 PM","2026","July 2026","Beatriz Garcia","2929 North 70th Street, Scottsdale, Arizona 85251","Scottsdale","Arizona","85251","Main Location","Ian Campbell","Pools","","0","0","0","0","","","","","","","Lock box code: 4444

Pool cleaner notes: Needs new backwash piston handle for second pool, recommend replacing the whole thing hold backwashing it’s messed up. Backwash drain still overflows was the clogg ever fixed? Spa heater at first pool looks like there’s a leak underneath it somewhere","Estimate sent on 7/10 for bw piston and heater inspection.","Commercial","-","-","","0","02:00:00","2","","0","","0","0","0","0","0","0","0","0","0","0","0","0","0","0","0","0","0","","","","","Pool Repair","","Pool cleaner - Justin","","","","","","Lowe's","Free","","Residential","Tier 1 - 8%","","","10319468","623-280-1810","dawn.williams@maac.com","","","Kris Driggs","Referral","","","","Lock box code: 4444","Apr 29, 2025, 4:36 PM","Commercial","MAA Old Town","MAA old Town Scottsdale","Dawn","Williams","-","-","-","-","-","-","-","-","-","-","-","-","-","-","-","-","-","-","-","-","-","-","-","-","-","-","-","-","-","-","-","-","-","-","-","-","-","-","-","-","-","-","-","-","-","-","-","-","-","-","-","-","-","-","-","-","-","-","-","-","-","-","-","-","-","-","-","-","-","-","-","-","-","-","-","-","-","-","-","-","Jul 15, 2026, 3:43 PM","Jul 20, 2026, 2:13 PM","118:30:05","-","-","-","-","-","-","-","-","-","-","-","-","-","-","-","-","-","-","-","-","-","Jul 20, 2026, 2:13 PM","Jul 20, 2026, 3:51 PM","01:38:39","-","Jul 20, 2026, 3:51 PM","-","-","197:27:35","-","-","-","-","-","-","-","-","-","-","-","-","-","-","-","-","-","-","-","-","-","-","-","-","-","-","-","-","-","-","-","-","-","-","-","-","-","-","-","-","-","-","-","-","-","-","-","-","-","-","-","-","-","-","-","-","-","-","-","-","-","-","-","-","-","-","-","-","-","-","-","-","-","-","-","-","-","-","-","-","-","-","-","-","-","-","-","-","-","-","-","-","-","-","-","-"
"26834","Atlas Real Estate","","Hannah Erickson","hannah.erickson@realatlas.com","480-757-9200","Pool Equipment Repair","Pool light","Completed","Jul 20, 2026, 10:00 AM","Jul 20, 2026, 12:00 PM","07/20/2026","10:00:00","07/20/2026","12:00:00","Jul 15, 2026, 3:22 PM","2026","July 2026","Beatriz Garcia","20824 East Vía Del Palo, Queen Creek, Arizona 85142","Queen Creek","Arizona","85142","20824 East Vía Del Palo","Jasper Castaneda","Pools","Estimate","0","810","0","0","","77514","77514","AZ Service:Pools","","","Pool cleaner notes - Lights come out of its housing and vacuum needs repaired.

Vacuum repairs have already been quoted. Estimate #75318.","","Resi","-","-","00:07:34","0.12","02:00:00","2","00:12:52","0.2","","0","400","640","240","20.4","170","149.6","0","0","0","0","0","0","0","0","0","0","","","","","Pool Repair","","Pool cleaner - Jordan","","","","","","Lowe's","Free","","Residential","Tier 1 - 8%","","","6710785","480-757-9200","hannah.erickson@realatlas.com","","yasamin.sahak@realatlas.com","","","","","","","Apr 23, 2024, 6:33 AM","Commercial,Pools,Pool Cleaning","Atlas Real Estate","Atlas Real Estate","Hannah","Erickson","-","-","-","-","-","-","-","-","-","-","-","-","-","-","-","-","-","-","-","-","-","-","-","-","-","-","-","-","-","-","-","-","-","-","-","-","-","-","-","-","-","-","-","-","-","-","-","-","-","-","-","-","-","-","-","-","-","-","-","-","-","-","-","-","-","-","-","-","-","-","-","-","-","-","-","-","-","-","-","-","Jul 15, 2026, 3:22 PM","Jul 20, 2026, 10:10 AM","114:47:56","-","Jul 20, 2026, 10:10 AM","Jul 20, 2026, 10:23 AM","00:12:52","-","Jul 20, 2026, 10:23 AM","Jul 20, 2026, 10:31 AM","00:07:34","-","-","-","-","-","-","-","-","-","-","-","-","-","Jul 20, 2026, 10:31 AM","Jul 21, 2026, 8:24 AM","21:53:10","-","Jul 21, 2026, 8:24 AM","-","-","180:55:11","-","-","-","-","-","-","-","-","-","-","-","-","-","-","-","-","-","-","-","-","-","-","-","-","-","-","-","-","-","-","-","-","-","-","-","-","-","-","-","-","-","-","-","-","-","-","-","-","-","-","-","-","-","-","-","-","-","-","-","-","-","-","-","-","-","-","-","-","-","-","-","-","-","-","-","-","-","-","-","-","-","-","-","-","-","-","-","-","-","-","-","-","-","-","-","-"
"26832","Ken Hall.","","Ken Hall.","","(650) 720-0185","Faucet :Lowes Simple Installs","1","Completed","Jul 22, 2026, 8:00 AM","Jul 22, 2026, 9:00 AM","07/22/2026","08:00:00","07/22/2026","09:00:00","Jul 15, 2026, 3:00 PM","2026","July 2026","Ashley Reed","12930 North 127th Drive, El Mirage, Arizona 85335","El Mirage","Arizona","85335","Main Location","Sean Marble","Lowes","Paid","135","0","0","135","","77745","","","77745","Lowes:Simple Installs","Simple installs -1- Pfister Masey Brushed Nickel 4-in centerset 2-handle WaterSense Mid-arc Residential Handle Bathroom Sink Faucet with Drain with Deck Plate/onsite","Removed existing faucet installed new faucet existing P-trap was made out of ABS not typical tubular did not have the parts to reseal and transition with the new parts. Customer said he would get those and do that on his own time. No leaks job complete.","Lowes,onsite","-","-","00:31:42","0.52","01:00:00","1","01:05:39","1.08","","0","0","0","0","0","0","0","0","0","0","0","14","135","121","0","135","135","","413157425","","","Lowes - Simple Installs","","","","","","","","Lowe's","Free","","Residential","Tier 1 - 8%","","","17518760","(650) 720-0185","","(530) 921-8412","","","IMS","","","","","Jul 15, 2026, 2:55 PM","Lowes - Simple Installs","Ken Hall.","","Ken","Hall.","-","-","-","-","-","-","-","-","-","-","-","-","-","-","-","-","-","-","-","-","-","-","-","-","-","-","-","-","-","-","-","-","-","-","-","-","-","-","-","-","-","-","-","-","-","-","-","-","Jul 15, 2026, 3:00 PM","Jul 22, 2026, 7:05 AM","160:04:14","-","-","-","-","-","Jul 22, 2026, 7:05 AM","Jul 22, 2026, 8:10 AM","01:05:39","-","Jul 22, 2026, 8:10 AM","Jul 22, 2026, 8:42 AM","00:31:42","-","-","-","-","-","Jul 22, 2026, 8:42 AM","Jul 22, 2026, 2:39 PM","05:56:38","-","Jul 22, 2026, 2:39 PM","-","-","150:40:13","-","-","-","-","-","-","-","-","-","-","-","-","-","-","-","-","-","-","-","-","-","-","-","-","-","-","-","-","-","-","-","-","-","-","-","-","-","-","-","-","-","-","-","-","-","-","-","-","-","-","-","-","-","-","-","-","-","-","-","-","-","-","-","-","-","-","-","-","-","-","-","-","-","-","-","-","-","-","-","-","-","-","-","-","-","-","-","-","-","-","-","-","-","-","-","-","-","-","-","-","-","-","-","-","-","-","-","-","-","-","-","-","-","-","-","-","-","-","-","-","-","-","-","-","-","-","-","-","-","-","-","-"
"26811","ReNae Carnell","","ReNae Carnell","renaecarnell2@gmail.com","(928) 235-0969","Active Water Leak :Plumbing","bathroom leak","Completed","Jul 20, 2026, 10:00 AM","Jul 20, 2026, 12:00 PM","07/20/2026","10:00:00","07/20/2026","12:00:00","Jul 15, 2026, 10:37 AM","2026","July 2026","Destinee Kastner","32 East Center Street, Pima, Arizona 85543","Pima","Arizona","85543","Main Location","AJ Diaz","Gila Valley","","0","0","0","0","","","","","","","Reason for call? water leak in one of the bathrooms 

Who will be present to meet the technician? tenant landlord is renae

- Where is the water leak? bathroom 

- How bad is it? Spraying? Dripping? Flowing? dripping

- Is water valve shut off? no

Is there anything else you would like technician to look at while they are there?  no

How did you hear about NexLvl Services?","","Resi","-","-","","0","02:00:00","2","02:22:44","2.37","","0","0","0","0","0","0","0","0","0","0","0","0","0","0","0","0","0","","","","","Gila Valley - Plumbing","","Renae","","","","","","Lowe's","Free","","Residential","Tier 1 - 8%","","","17514122","(928) 235-0969","renaecarnell2@gmail.com","","","","","","","","","Jul 15, 2026, 10:35 AM","","ReNae Carnell","","ReNae","Carnell","-","-","-","-","-","-","-","-","-","-","-","-","-","-","-","-","-","-","-","-","-","-","-","-","-","-","-","-","-","-","-","-","-","-","-","-","-","-","-","-","-","-","-","-","-","-","-","-","-","-","-","-","-","-","-","-","-","-","-","-","-","-","-","-","-","-","-","-","-","-","-","-","-","-","-","-","-","-","-","-","Jul 15, 2026, 10:37 AM","Jul 20, 2026, 8:00 AM","117:23:04","-","Jul 20, 2026, 8:00 AM","Jul 20, 2026, 10:22 AM","02:22:44","-","-","-","-","-","Jul 20, 2026, 10:22 AM","Jul 27, 2026, 1:01 PM","170:38:33","-","-","-","-","-","-","-","-","-","-","-","-","-","Jul 27, 2026, 1:01 PM","-","-","32:17:49","-","-","-","-","-","-","-","-","-","-","-","-","-","-","-","-","-","-","-","-","-","-","-","-","-","-","-","-","-","-","-","-","-","-","-","-","-","-","-","-","-","-","-","-","-","-","-","-","-","-","-","-","-","-","-","-","-","-","-","-","-","-","-","-","-","-","-","-","-","-","-","-","-","-","-","-","-","-","-","-","-","-","-","-","-","-","-","-","-","-","-","-","-","-","-","-"
"26810","Ray Dovalina","","Ray Dovalina","ray.dovalina@gmail.com","480-332-2400","Fixture Issues :Plumbing","Loose shower heads","Canceled","Jul 20, 2026, 8:00 AM","Jul 20, 2026, 10:00 AM","07/20/2026","08:00:00","07/20/2026","10:00:00","Jul 15, 2026, 10:36 AM","2026","July 2026","Beatriz Garcia","4114 East Calle Redonda, unit 47, Phoenix, Arizona 85018","Phoenix","Arizona","85018","Main Location","","","","0","0","0","0","","","","","","","LOWES LEAD SENT FROM ASHLEY

Reason for call? Customer expressed interest in having a residential tech come out to give an estimate to repair/replace loose shower handle

Who will be present to meet the technician? Ray

Is there anything else you would like technician to look at while they are there? N/A

How did you hear about NexLvl Services? Lowes Lead","No answer at door or phone","Lowes,Resi","-","-","00:12:46","0.2","02:00:00","2","00:20:28","0.33","","0","0","0","0","0","0","0","0","0","0","0","0","0","0","0","0","0","","","","","Resi Plumbing","Availability","Ray Dovalina","","","","","","Lowe's","Free","","Residential","Tier 1 - 8%","","","17458475","480-332-2400","ray.dovalina@gmail.com","","","","IMS","","","PLUMB - ONLINE ONLY","PLUMB - ONLINE ONLY","Jul 9, 2026, 8:02 AM","Lowes - Simple Installs","Ray Dovalina","","Ray","Dovalina","-","-","-","-","-","-","-","-","-","-","-","-","-","-","-","-","-","-","-","-","-","-","-","-","-","-","-","-","-","-","-","-","-","-","-","-","-","-","-","-","-","-","-","-","-","-","-","-","-","-","-","-","-","-","-","-","-","-","-","-","-","-","-","-","-","-","-","-","-","-","-","-","-","-","-","-","-","-","-","-","Jul 15, 2026, 10:36 AM","Jul 20, 2026, 7:41 AM","117:04:41","-","Jul 20, 2026, 7:41 AM","Jul 20, 2026, 8:01 AM","00:20:29","-","Jul 20, 2026, 8:01 AM","Jul 20, 2026, 8:14 AM","00:12:45","-","-","-","-","-","-","-","-","-","-","-","-","-","Jul 20, 2026, 8:14 AM","Jul 20, 2026, 10:02 AM","01:47:40","-","-","-","-","-","Jul 20, 2026, 10:02 AM","-","-","203:17:03","-","-","-","-","-","-","-","-","-","-","-","-","-","-","-","-","-","-","-","-","-","-","-","-","-","-","-","-","-","-","-","-","-","-","-","-","-","-","-","-","-","-","-","-","-","-","-","-","-","-","-","-","-","-","-","-","-","-","-","-","-","-","-","-","-","-","-","-","-","-","-","-","-","-","-","-","-","-","-","-","-","-","-","-","-","-","-","-","-","-","-","-"
"26807","Brittany Woodward","","Brittany Woodward","brittany.p.woodward@gmail.com","(480) 862-0807","Pool Equipment Repair","Pool light","Canceled","Jul 20, 2026, 2:00 PM","Jul 20, 2026, 4:00 PM","07/20/2026","14:00:00","07/20/2026","16:00:00","Jul 15, 2026, 10:09 AM","2026","July 2026","Beatriz Garcia","1055 West Lakeridge Drive, Gilbert, Arizona 85233","Gilbert","Arizona","85233","Main Location","","","","0","0","0","0","","","","","","","Problem with their pool light, which is loose and floating in the pool

NO SVC FEE","","Resi","-","-","","0","02:00:00","2","","0","","0","0","0","0","0","0","0","0","0","0","0","0","0","0","0","0","0","","","","","Pool Repair","Customer Resolved","Brittany Woodward","","","","","","Lowe's","Free","","Residential","Tier 1 - 8%","","","12309136","(480) 862-0807","brittany.p.woodward@gmail.com","","","Josh Harris","Google Search","1st Attempt","","","","Sep 15, 2025, 10:54 AM","Pools","Brittany Woodward","","Brittany","Woodward","-","-","-","-","-","-","-","-","-","-","-","-","-","-","-","-","-","-","-","-","-","-","-","-","-","-","-","-","-","-","-","-","-","-","-","-","-","-","-","-","-","-","-","-","-","-","-","-","-","-","-","-","-","-","-","-","-","-","-","-","-","-","-","-","-","-","-","-","-","-","-","-","-","-","-","-","-","-","-","-","Jul 15, 2026, 10:09 AM","Jul 20, 2026, 8:30 AM","118:21:27","-","-","-","-","-","-","-","-","-","-","-","-","-","-","-","-","-","-","-","-","-","-","-","-","-","-","-","-","-","Jul 20, 2026, 8:30 AM","-","-","204:48:36","-","-","-","-","-","-","-","-","-","-","-","-","-","-","-","-","-","-","-","-","-","-","-","-","-","-","-","-","-","-","-","-","-","-","-","-","-","-","-","-","-","-","-","-","-","-","-","-","-","-","-","-","-","-","-","-","-","-","-","-","-","-","-","-","-","-","-","-","-","-","-","-","-","-","-","-","-","-","-","-","-","-","-","-","-","-","-","-","-","-","-","-"
"26804","Patricia / Marcelino Castillo","Old Republic Home Protection","Patricia / Marcelino Castillo","marcelinocastillojr@gmail.com","408-460-0992","Pool Equipment Repair","Pop ups not working","Completed","Jul 24, 2026, 8:00 AM","Jul 24, 2026, 10:00 AM","07/24/2026","08:00:00","07/24/2026","10:00:00","Jul 15, 2026, 9:56 AM","2026","July 2026","Beatriz Garcia","9237 East Wood Drive, Scottsdale, Arizona 85260","Scottsdale","Arizona","85260","Main Location","Jasper Castaneda","Pools","Estimate","0","810","0","0","","77864","77864","-","","","Symptoms: Valve is frozen. Pop-up sprinkler system is malfunctioning","","Resi","-","-","00:10:15","0.17","02:00:00","2","","0","","0","400","640","240","20.4","170","149.6","0","0","0","0","0","0","0","0","0","0","","7502-9266","","","Pool Repair","","Marcelino Castillo","","","","","","Lowe's","Free","","Residential","Tier 1 - 8%","","","17510265","408-460-0992","marcelinocastillojr@gmail.com","","","","","","","","Symptoms: Valve is frozen","Jul 15, 2026, 8:55 AM","Resi","Patricia / Marcelino Castillo","","Patricia / Marcelino","Castillo","-","-","-","-","-","-","-","-","-","-","-","-","-","-","-","-","-","-","-","-","-","-","-","-","-","-","-","-","-","-","-","-","-","-","-","-","-","-","-","-","-","-","-","-","-","-","-","-","-","-","-","-","-","-","-","-","-","-","-","-","-","-","-","-","-","-","-","-","-","-","-","-","-","-","-","-","-","-","-","-","Jul 15, 2026, 9:56 AM","Jul 24, 2026, 9:27 AM","215:31:12","-","-","-","-","-","Jul 24, 2026, 9:27 AM","Jul 24, 2026, 9:37 AM","00:10:16","-","-","-","-","-","-","-","-","-","-","-","-","-","Jul 24, 2026, 9:37 AM","Jul 27, 2026, 2:41 PM","77:03:55","-","Jul 27, 2026, 2:41 PM","-","-","30:37:57","-","-","-","-","-","-","-","-","-","-","-","-","-","-","-","-","-","-","-","-","-","-","-","-","-","-","-","-","-","-","-","-","-","-","-","-","-","-","-","-","-","-","-","-","-","-","-","-","-","-","-","-","-","-","-","-","-","-","-","-","-","-","-","-","-","-","-","-","-","-","-","-","-","-","-","-","-","-","-","-","-","-","-","-","-","-","-","-","-","-","-","-","-","-","-","-"
"26784","Guillermo Juarez","","Guillermo Juarez","gmjuarez46@gmail.com","480-710-8468","Toilet :Lowes Simple Installs","2","Completed","Jul 20, 2026, 12:00 PM","Jul 20, 2026, 1:00 PM","07/20/2026","12:00:00","07/20/2026","13:00:00","Jul 14, 2026, 3:43 PM","2026","July 2026","Ashley Reed","6901 Mercury Dr, Lakeside, AZ 85929","Lakeside","AZ","85929","Main Address","Dave Barber Show Low (Contactor)","Lowes","Paid","383","0","0","383","","77642, 77341","","","77642, 77341","Lowes:Simple Installs, Lowes:Simple Installs","Simple installs -2
KOHLER Elliston White Elongated Chair height 12-in Rough-In WaterSense 1.28 GPF Soft Close 2-piece Toilet
KOHLER Elliston White Elongated Tall height 12-in Rough-In WaterSense 1.28 GPF Soft Close 2-piece Toilet

Lowe's of Show Low
5800 S WHITE MOUNTAIN ROAD,
Show Low, AZ 85901
Store: #2833
Phone: (928) 532-2620

Delivery fee: PR32390706","","Lowes,Pick up from Lowes","-","-","","0","01:00:00","1","","0","","0","0","0","0","0","0","0","0","0","0","0","38","383","345","0","383","383","","411884245","","","Lowes - Simple Installs","","","","","","","","","","","","","","","17465598","480-710-8468","gmjuarez46@gmail.com","null","","","IMS","","","PLUMB - GENERAL (NO SOFTENERS)","PLUMB - GENERAL (NO SOFTENERS)","Jul 10, 2026, 8:04 AM","","Guillermo Juarez","","Guillermo","Juarez","-","-","-","-","-","-","-","-","-","-","-","-","-","-","-","-","-","-","-","-","-","-","-","-","-","-","-","-","-","-","-","-","-","-","-","-","-","-","-","-","-","-","-","-","-","-","-","-","Jul 14, 2026, 3:43 PM","Jul 21, 2026, 9:09 AM","161:26:29","-","-","-","-","-","-","-","-","-","-","-","-","-","-","-","-","-","-","-","-","-","Jul 21, 2026, 9:09 AM","-","-","180:09:24","-","-","-","-","-","-","-","-","-","-","-","-","-","-","-","-","-","-","-","-","-","-","-","-","-","-","-","-","-","-","-","-","-","-","-","-","-","-","-","-","-","-","-","-","-","-","-","-","-","-","-","-","-","-","-","-","-","-","-","-","-","-","-","-","-","-","-","-","-","-","-","-","-","-","-","-","-","-","-","-","-","-","-","-","-","-","-","-","-","-","-","-","-","-","-","-","-","-","-","-","-","-","-","-","-","-","-","-","-","-","-","-","-","-","-","-","-","-","-","-","-","-","-","-","-","-","-","-","-","-","-","-"
"26782","ATI Restoration","","Contact","phxinvoices@atirestoration.com","","Job for ATI Restoration","2600216460 Wh Install","Completed","Jul 21, 2026, 6:00 AM","Jul 21, 2026, 10:00 AM","07/21/2026","06:00:00","07/21/2026","10:00:00","Jul 14, 2026, 3:33 PM","2026","July 2026","Destinee Kastner","22815 North 120th Lane, Sun City, Arizona 85373","Sun City","Arizona","85373","22815 North 120th Lane","Hunter Howell","MFH - Plumbing","Sent","2505","1800","0","0","","77645, 77646","77645","-","77646","AZ Service","Need to install a water heater at a residential","Includes:
Turned water off to the system.
Drained the system.
Removed the existing angle stops and capped the water lines.
Replaced the water heater.
Restored water service.
Leak tested all connections.
Cleaned up the work area.
Excludes:
Work beyond listed scope.
Water damage.
Modifications to existing plumbing beyond the point of connection.","Resi","-","-","01:45:12","1.75","04:00:00","4","","0","","0","800","1200","400","62.4","600","537.6","800","1350","550","800","93.6","1155","1061.4","0","2505","2505","","001-099543","","","PHX - Plumbing","","","","","","","","Lowe's","Free","","Residential","Tier 1 - 8%","","","15944328","","phxinvoices@atirestoration.com","","","Chris Marrs","Referral","","","","","Apr 21, 2026, 9:12 AM","Commercial,VIP","ATI Restoration","ATI Restoration","","","-","-","-","-","-","-","-","-","-","-","-","-","-","-","-","-","-","-","-","-","-","-","-","-","-","-","-","-","-","-","-","-","-","-","-","-","-","-","-","-","-","-","-","-","-","-","-","-","-","-","-","-","-","-","-","-","-","-","-","-","-","-","-","-","-","-","-","-","-","-","-","-","-","-","-","-","-","-","-","-","Jul 14, 2026, 3:33 PM","Jul 21, 2026, 8:08 AM","160:34:42","-","-","-","-","-","Jul 21, 2026, 9:51 AM","Jul 21, 2026, 9:53 AM","00:01:47","-","-","-","-","-","-","-","-","-","-","-","-","-","Jul 21, 2026, 9:53 AM","Jul 23, 2026, 10:16 AM","48:23:39","-","Jul 23, 2026, 10:16 AM","-","-","131:02:23","-","-","-","-","-","-","-","-","-","-","-","-","-","-","-","-","-","-","-","-","-","-","-","-","-","-","-","-","-","-","-","-","-","-","-","-","-","-","-","-","-","-","-","-","-","-","-","-","-","-","-","-","-","-","-","-","-","-","-","-","-","-","-","-","-","-","-","-","-","-","-","-","-","-","-","-","-","-","-","-","-","-","-","-","-","-","-","-","-","-","-","-","-","-","-","-"
"26781","Aaron Carol","","Aaron Carol","cellochip22@gmail.com","(928) 324-4198","Clogged Drain :Plumbing","everything is clogged","Waiting on Parts","Jul 20, 2026, 10:00 AM","Jul 20, 2026, 12:00 PM","07/20/2026","10:00:00","07/20/2026","12:00:00","Jul 14, 2026, 3:31 PM","2026","July 2026","Destinee Kastner","208 West 7th Street, Safford, Arizona 85546","Safford","Arizona","85546","Main Location","David Edholm","Gila Valley","Estimate","0","2250","0","0","","77539","77539","AZ Service:Gila Valley","","","REMINDER TO USE CAMERA AND LOOK FOR SEWER/GENERAL PIPE REPLACEMENT OPPORTUNITIES. 

Reason for call? everythign is clogged and everything backs up when they use wash clothes

Who will be present to meet the technician? Aaron

Where is the primary location of the clogged drain? all of them 

Are there any other drains that are backing up? yes

Are you on a septic system? If so, when was the last time it was pumped? no

Is there anything else you would like technician to look at while they are there? 

How did you hear about NexLvl Services?

REMINDER TO USE CAMERA AND LOOK FOR SEWER/GENERAL PIPE REPLACEMENT OPPORTUNITIES. 

Reason for call?

Who will be present to meet the technician? 

Where is the primary location of the clogged drain?

Are there any other drains that are backing up?

Are you on a septic system? If so, when was the last time it was pumped?

Is there anything else you would like technician to look at while they are there? 

How did you hear about NexLvl Services?","Tom 928-651-4089(father)","Resi,Gila Valley","-","-","168:55:19","168.92","02:00:00","2","00:10:35","0.17","","0","200","400","200","233.5","1850","1616.5","0","0","0","0","0","0","0","0","0","0","","","","","Gila Valley - Plumbing","","Aaron","","","","","","Lowe's","Free","","Residential","Tier 1 - 8%","","","17505416","(928) 324-4198","cellochip22@gmail.com","","","","Word of Mouth","","","","","Jul 14, 2026, 3:28 PM","Gila Valley","Aaron Carol","","Aaron","Carol","-","-","-","-","-","-","-","-","-","-","-","-","-","-","-","-","-","-","-","-","-","-","-","-","-","-","-","-","-","-","-","-","-","-","-","-","-","-","-","-","-","-","-","-","-","-","-","-","-","-","-","-","-","-","-","-","-","-","-","-","-","-","-","-","-","-","-","-","-","-","-","-","-","-","-","-","-","-","-","-","Jul 14, 2026, 3:31 PM","Jul 20, 2026, 11:56 AM","140:25:31","-","Jul 20, 2026, 11:56 AM","Jul 20, 2026, 12:07 PM","00:10:35","-","Jul 20, 2026, 12:07 PM","Jul 27, 2026, 1:02 PM","168:55:19","-","-","-","-","-","-","-","-","-","Jul 27, 2026, 1:02 PM","-","-","32:16:39","-","-","-","-","-","-","-","-","-","-","-","-","-","-","-","-","-","-","-","-","-","-","-","-","-","-","-","-","-","-","-","-","-","-","-","-","-","-","-","-","-","-","-","-","-","-","-","-","-","-","-","-","-","-","-","-","-","-","-","-","-","-","-","-","-","-","-","-","-","-","-","-","-","-","-","-","-","-","-","-","-","-","-","-","-","-","-","-","-","-","-","-","-","-","-","-","-","-","-","-","-","-","-","-"
"26778","JILL COSTANTINO","","JILL COSTANTINO","jlcostantino5@gmail.com","(909) 964-9597","Faucet :Lowes Simple Installs","1","Completed","Jul 20, 2026, 8:00 AM","Jul 20, 2026, 9:00 AM","07/20/2026","08:00:00","07/20/2026","09:00:00","Jul 14, 2026, 3:20 PM","2026","July 2026","Ashley Reed","1533 E Cielo Azul Way, San Tan Valley, AZ 85140","San Tan Valley","AZ","85140","Main Address","Erik Tange","Lowes","Paid","135","0","0","135","","77574","","","77574","Lowes:Simple Installs","Simple installs -1- Delta Lenta Touch2O Matte Black Single Handle Deck-mount Touch-on Pull-down Kitchen Faucet with Sprayer (Includes Deck Plate)/ onsite/ he also stated he has a very sweet golden doodle that will great you at the door","Exsisting angle stops are 1/4 turn and work as they should. Disconnected supply lines, removed old single handle touchless kitchen faucet. Cleaned countertop area under old faucet. Installed new single handle touchless kitchen faucet. Connected supply lines, checked for leaks, no leaks. Faucet functions as necessary.","Lowes,onsite","-","-","00:43:12","0.72","01:00:00","1","00:03:13","0.05","","0","0","0","0","0","0","0","0","0","0","0","14","135","121","0","135","135","","412836976","","","Lowes - Simple Installs","","","","","","","","Lowe's","Free","","Residential","Tier 1 - 8%","","","17486433","(909) 964-9597","jlcostantino5@gmail.com","909-227-4775","","","IMS","","","PLUMB - GENERAL (NO SOFTENERS)","PLUMB - GENERAL (NO SOFTENERS)","Jul 11, 2026, 8:01 AM","","JILL COSTANTINO","","JILL","COSTANTINO","-","-","-","-","-","-","-","-","-","-","-","-","-","-","-","-","-","-","-","-","-","-","-","-","-","-","-","-","-","-","-","-","-","-","-","-","-","-","-","-","-","-","-","-","-","-","-","-","Jul 14, 2026, 3:20 PM","Jul 20, 2026, 8:08 AM","136:48:19","-","-","-","-","-","Jul 20, 2026, 8:08 AM","Jul 20, 2026, 8:11 AM","00:03:13","-","Jul 20, 2026, 8:11 AM","Jul 20, 2026, 8:54 AM","00:43:12","-","-","-","-","-","Jul 20, 2026, 8:54 AM","Jul 20, 2026, 3:13 PM","06:18:09","-","Jul 20, 2026, 3:13 PM","-","-","198:06:21","-","-","-","-","-","-","-","-","-","-","-","-","-","-","-","-","-","-","-","-","-","-","-","-","-","-","-","-","-","-","-","-","-","-","-","-","-","-","-","-","-","-","-","-","-","-","-","-","-","-","-","-","-","-","-","-","-","-","-","-","-","-","-","-","-","-","-","-","-","-","-","-","-","-","-","-","-","-","-","-","-","-","-","-","-","-","-","-","-","-","-","-","-","-","-","-","-","-","-","-","-","-","-","-","-","-","-","-","-","-","-","-","-","-","-","-","-","-","-","-","-","-","-","-","-","-","-","-","-","-","-","-"
"26777","Jason Valentino.","","Jason Valentino.","nyankees3@hotmail.com","(702) 234-9364","Garbage Disposal :Lowes Simple Installs","1","Completed","Jul 20, 2026, 9:00 AM","Jul 20, 2026, 10:00 AM","07/20/2026","09:00:00","07/20/2026","10:00:00","Jul 14, 2026, 3:11 PM","2026","July 2026","Ashley Reed","2926 North Coronado Drive, Florence, Arizona 85132","Florence","Arizona","85132","Main Location","Erik Tange","Lowes","Paid","162","0","0","182","","77575, 77255","","","77575, 77255","Lowes:Simple Installs, Lowes:Simple Installs","simple installs- 1- Badger 5XL Continuous feed 1/2-HP Septic Safe Non-corded Garbage Disposal/ onsite/ will purchase a power cord from us, invoice created","House was vacant upon arrival, customer contact was 45 min away, they gave location of key and permission to enter.  Customer will need to be called to collect payment for power cord.

Disconnected p-trap and under sink drain plumbing, disconnected dishwasher drain hose, removed old disposal, removed old disposal flange. Cleaned sink area under old flange. 

**Installed new power cord**, popped out dishwasher drain plug, installed new disposal flange, installed new disposal, reconnected under sink drain plumbing and p-trap, reconnected dishwasher drain hose. Checked for leaks, no leaks. Disposal and drain function as necessary.","Lowes,onsite","-","-","00:31:55","0.52","01:00:00","1","00:46:00","0.77","","0","0","0","0","0","0","0","20","35","15","20","13","127","114","0","162","162","","412808532","","","Lowes - Simple Installs","","","","","","","","Lowe's","Free","","Residential","Tier 1 - 8%","","","17484337","(702) 234-9364","nyankees3@hotmail.com","","","","IMS","","","","","Jul 10, 2026, 4:03 PM","Lowes - Simple Installs","Jason Valentino.","","Jason","Valentino.","-","-","-","-","-","-","-","-","-","-","-","-","-","-","-","-","-","-","-","-","-","-","-","-","-","-","-","-","-","-","-","-","-","-","-","-","-","-","-","-","-","-","-","-","-","-","-","-","Jul 14, 2026, 3:11 PM","Jul 20, 2026, 9:05 AM","137:54:05","-","-","-","-","-","Jul 20, 2026, 9:05 AM","Jul 20, 2026, 9:51 AM","00:46:00","-","Jul 20, 2026, 9:51 AM","Jul 20, 2026, 10:23 AM","00:31:55","-","-","-","-","-","Jul 20, 2026, 10:23 AM","Jul 20, 2026, 3:18 PM","04:55:08","-","Jul 20, 2026, 3:18 PM","-","-","198:00:56","-","-","-","-","-","-","-","-","-","-","-","-","-","-","-","-","-","-","-","-","-","-","-","-","-","-","-","-","-","-","-","-","-","-","-","-","-","-","-","-","-","-","-","-","-","-","-","-","-","-","-","-","-","-","-","-","-","-","-","-","-","-","-","-","-","-","-","-","-","-","-","-","-","-","-","-","-","-","-","-","-","-","-","-","-","-","-","-","-","-","-","-","-","-","-","-","-","-","-","-","-","-","-","-","-","-","-","-","-","-","-","-","-","-","-","-","-","-","-","-","-","-","-","-","-","-","-","-","-","-","-","-"
"26775","Dan Antiya","","Dan Antiya","aantaya@centurylink.net","(480) 326-7664","Pool Equipment Repair","Drain plug broken","Canceled","Jul 20, 2026, 8:00 AM","Jul 20, 2026, 10:00 AM","07/20/2026","08:00:00","07/20/2026","10:00:00","Jul 14, 2026, 2:55 PM","2026","July 2026","Beatriz Garcia","913 E Baylor Ln Chandler, Arizona 85225","","Arizona","85225","Dan Antiya","","","","0","0","0","0","","","","","","","broken drain plug in their Pentair system, customer might order part

CC on file
Quoted $79 svc fee","","Resi","-","-","","0","02:00:00","2","","0","","0","0","0","0","0","0","0","0","0","0","0","0","0","0","0","0","0","","","","","Pool Repair","Customer Resolved","Angie Antiya","","","","","","Lowe's","Free","","Residential","Tier 1 - 8%","","","6708322","(480) 326-7664","aantaya@centurylink.net","","","","","","","","","Apr 23, 2024, 6:31 AM","Resi","Dan Antiya","","Dan","Antiya","-","-","-","-","-","-","-","-","-","-","-","-","-","-","-","-","-","-","-","-","-","-","-","-","-","-","-","-","-","-","-","-","-","-","-","-","-","-","-","-","-","-","-","-","-","-","-","-","-","-","-","-","-","-","-","-","-","-","-","-","-","-","-","-","-","-","-","-","-","-","-","-","-","-","-","-","-","-","-","-","Jul 14, 2026, 2:55 PM","Jul 14, 2026, 4:45 PM","01:50:18","-","-","-","-","-","-","-","-","-","-","-","-","-","-","-","-","-","-","-","-","-","-","-","-","-","-","-","-","-","Jul 14, 2026, 4:45 PM","-","-","340:33:37","-","-","-","-","-","-","-","-","-","-","-","-","-","-","-","-","-","-","-","-","-","-","-","-","-","-","-","-","-","-","-","-","-","-","-","-","-","-","-","-","-","-","-","-","-","-","-","-","-","-","-","-","-","-","-","-","-","-","-","-","-","-","-","-","-","-","-","-","-","-","-","-","-","-","-","-","-","-","-","-","-","-","-","-","-","-","-","-","-","-","-","-"
"26774","Patricia Green","","Patricia Green","pagreen14@gmail.com","520-256-6030","Toilet :Lowes Simple Installs","1","Completed","Jul 20, 2026, 10:00 AM","Jul 20, 2026, 12:00 PM","07/20/2026","10:00:00","07/20/2026","12:00:00","Jul 14, 2026, 2:51 PM","2026","July 2026","Ashley Reed","2172 w morning jewel pl, Tucson, AZ 85742","Tucson","AZ","85742","Main Address","Mathew Hodges","Lowes","Paid","209","185","0","209","","77545, 77573","77545","Lowes:Simple Installs","77573","Lowes:Simple Installs","Simple installs -1- KOHLER Elliston White Elongated Chair height 12-in Rough-In WaterSense 1.28 GPF Soft Close 2-piece Toilet/ pick up from lowe's/
Order#: 300902193263825948 

4075 WEST INA ROAD,
Tucson, AZ 85741
Store: #1707
Phone: (520) 572-7300","Came out to customers house to install Kohler toilet I had to fix toilet flans ring to make it back to level. Got that fixed. Didn’t have to replace it just to fix it then I put new bolts and wax ring. Set the new toilet down turned water back on to test for no leaks. There is no leaks at this time. Toilet is now functional. I let customer know not to mop or clean the area for 24 hours because of the caulking, customer is satisfied with the work. and we gave customer an estimate to replace angle stops as well. Sent email to wife. She just hasn’t got back to it yet. We might have to return to replace the ankle stops one downstairs one upstairs whenever she says OK for the replacing of the angle stops.","Lowes,Pick up from Lowes","-","-","01:32:58","1.53","02:00:00","2","00:12:35","0.2","","0","0","0","0","22.2","185","162.8","0","0","0","0","21","209","188","0","209","209","","413009069","","","Lowes - Simple Installs","","","","","","","","","","","","","","","17490401","520-256-6030","pagreen14@gmail.com","null","","","IMS","","","PLUMB - ONLINE ONLY","PLUMB - ONLINE ONLY","Jul 13, 2026, 8:00 AM","","Patricia Green","","Patricia","Green","-","-","-","-","-","-","-","-","-","-","-","-","-","-","-","-","-","-","-","-","-","-","-","-","-","-","-","-","-","-","-","-","-","-","-","-","-","-","-","-","-","-","-","-","-","-","-","-","Jul 14, 2026, 2:51 PM","Jul 20, 2026, 10:16 AM","139:25:14","-","Jul 20, 2026, 10:16 AM","Jul 20, 2026, 12:19 PM","02:03:06","-","Jul 20, 2026, 12:19 PM","Jul 20, 2026, 12:32 PM","00:12:34","-","Jul 20, 2026, 12:32 PM","Jul 20, 2026, 2:05 PM","01:32:58","-","-","-","-","-","Jul 20, 2026, 2:05 PM","Jul 20, 2026, 3:08 PM","01:03:05","-","Jul 20, 2026, 3:08 PM","-","-","198:11:04","-","-","-","-","-","-","-","-","-","-","-","-","-","-","-","-","-","-","-","-","-","-","-","-","-","-","-","-","-","-","-","-","-","-","-","-","-","-","-","-","-","-","-","-","-","-","-","-","-","-","-","-","-","-","-","-","-","-","-","-","-","-","-","-","-","-","-","-","-","-","-","-","-","-","-","-","-","-","-","-","-","-","-","-","-","-","-","-","-","-","-","-","-","-","-","-","-","-","-","-","-","-","-","-","-","-","-","-","-","-","-","-","-","-","-","-","-","-","-","-","-","-","-","-","-","-","-","-","-","-","-","-"
"26771","Daniel Phillips","","Daniel Phillips","dan68123@gmail.com","402-319-0911","Toilet :Lowes Simple Installs","1","Completed","Jul 20, 2026, 10:00 AM","Jul 20, 2026, 12:00 PM","07/20/2026","10:00:00","07/20/2026","12:00:00","Jul 14, 2026, 2:28 PM","2026","July 2026","Ashley Reed","43449 W NEELY DR, MARICOPA, AZ 85138","MARICOPA","AZ","85138","Main Address","Erik Tange","Lowes","Invoiced","356.5","147.5","35","321.5","","77532, 77576, 77546, 77339","77532","Lowes:Simple Installs","77576, 77546, 77339","Lowes:Simple Installs, Lowes:Simple Installs, Lowes:Simple Installs","Simple installs -1- American Standard Esteem VorMax White Elongated Chair height 12-in Rough-In WaterSense 1.28 GPF Soft Close 2-piece Toilet/ pick up from lowes

44400 W. HONEYCUTT AVENUE,
Maricopa, AZ 85138
Store: #3068
Phone: (520) 607-5540

Delivery Date: PR32385561","Exsisting angle stop is single piece gate valve. I suggested to customer they should have it replaced. Customer agreed to quote and invoice.
Turned water off to house, disconnected supply line, removed old toilet, cleaned area under old toilet. Exsisting toilet flange has minimal surface rust, but otherwise in good working condition.
Removed old angle stop, cut 1/4"" off end of copper pipe. **Installed new 1/4 turn angle stop, installed new 16"" toilet supply line.** Turned water on to house, checked angle stop for leaks, no leaks. 
Installed new included wax ring, installed toilet bowl, as I was installing tank I noticed one of the bolts was stripped, upon further inspection I noticed that bolt was missing an interior rubber washer from the factory. (Check included pics.) 

 I replaced that bolt and rubber washer with an extra from my bag. Installed toilet tank, checked for leaks, no leaks. Toilet flushes and functions as necessary. Sealed to floor with white silicone caulking.","Pick up from Lowes,Lowes","-","-","01:09:25","1.15","02:00:00","2","00:06:26","0.1","","0","24.5","55","30.5","11.1","92.5","81.4","24.5","55","30.5","24.5","32.1","301.5","269.4","0","356.5","356.5","","412944805","","","Lowes - Simple Installs","","","","","","","","Lowe's","Free","","Residential","Tier 1 - 8%","","","17486431","402-319-0911","dan68123@gmail.com","","","","IMS","","","PLUMB - GENERAL (NO SOFTENERS)","PLUMB - GENERAL (NO SOFTENERS)","Jul 11, 2026, 8:00 AM","","Daniel Phillips","","Daniel","Phillips","-","-","-","-","-","-","-","-","-","-","-","-","-","-","-","-","-","-","-","-","-","-","-","-","-","-","-","-","-","-","-","-","-","-","-","-","-","-","-","-","-","-","-","-","-","-","-","-","Jul 14, 2026, 2:28 PM","Jul 20, 2026, 10:29 AM","140:01:02","-","Jul 20, 2026, 10:29 AM","Jul 20, 2026, 12:24 PM","01:54:44","-","Jul 20, 2026, 12:24 PM","Jul 20, 2026, 12:30 PM","00:06:26","-","Jul 20, 2026, 12:30 PM","Jul 20, 2026, 1:40 PM","01:09:25","-","-","-","-","-","Jul 20, 2026, 1:40 PM","Jul 20, 2026, 3:20 PM","01:39:51","-","Jul 20, 2026, 3:20 PM","-","-","197:59:16","-","-","-","-","-","-","-","-","-","-","-","-","-","-","-","-","-","-","-","-","-","-","-","-","-","-","-","-","-","-","-","-","-","-","-","-","-","-","-","-","-","-","-","-","-","-","-","-","-","-","-","-","-","-","-","-","-","-","-","-","-","-","-","-","-","-","-","-","-","-","-","-","-","-","-","-","-","-","-","-","-","-","-","-","-","-","-","-","-","-","-","-","-","-","-","-","-","-","-","-","-","-","-","-","-","-","-","-","-","-","-","-","-","-","-","-","-","-","-","-","-","-","-","-","-","-","-","-","-","-","-","-"
"26770","Karen Hayden","","Karen Hayden","karenhayden@aol.com","520-822-1311","Faucet :Lowes Simple Installs","1","Completed","Jul 21, 2026, 1:00 PM","Jul 21, 2026, 2:15 PM","07/21/2026","13:00:00","07/21/2026","14:15:00","Jul 14, 2026, 2:26 PM","2026","July 2026","Brenton Heward","12695 S Cherokee Ln, Tucson, AZ 85736","Tucson","AZ","85736","Main Address","Mathew Hodges","Lowes","Paid","185","0","0","190","","77446, 77690","","","77446, 77690","Lowes:Simple Installs, Lowes:Simple Installs","x1
Elements of Design Victorian Satin nickel Double Handle Deck-mount Kitchen Faucet (Includes Deck Plate) (Includes Side Sprayer)
on site

Trip Charge: PR32415469","The faucet needs extra long supply lines. So rescheduling so customer can pick up the right size from Lowes.

Came out to customers house to install think and customer supplied supply lines turned off water to remove the old sink started install installing the new sink. Turned water back on to test for no leaks. There’s no leaks at this time. Customer is satisfied with the work.","Lowes,onsite","-","-","01:21:40","1.35","01:15:00","1.25","00:55:36","0.92","","0","0","0","0","0","0","0","0","0","0","0","19","185","166","0","185","185","","412689971","","","Lowes - Simple Installs","","","","","","","","","","","","","","","17486437","520-822-1311","karenhayden@aol.com","null","","","IMS","","","PLUMB - GENERAL (NO SOFTENERS)","PLUMB - GENERAL (NO SOFTENERS)","Jul 11, 2026, 8:02 AM","","Karen Hayden","","Karen","Hayden","-","-","-","-","-","-","-","-","-","-","-","-","-","-","-","-","-","-","-","-","-","-","-","-","-","-","-","-","-","-","-","-","-","-","-","-","-","-","-","-","-","-","-","-","-","-","-","-","Jul 17, 2026, 1:36 PM","Jul 21, 2026, 2:21 PM","96:44:44","-","-","-","-","-","Jul 21, 2026, 2:21 PM","Jul 21, 2026, 3:17 PM","00:55:37","-","Jul 21, 2026, 3:17 PM","Jul 21, 2026, 4:19 PM","01:02:09","-","Jul 17, 2026, 1:34 PM","Jul 17, 2026, 1:36 PM","00:02:42","-","Jul 21, 2026, 4:19 PM","Jul 21, 2026, 4:22 PM","00:03:21","-","Jul 21, 2026, 4:22 PM","-","-","172:56:35","-","-","-","-","-","-","-","-","-","-","-","-","-","-","-","-","-","-","-","-","-","-","-","-","-","-","-","-","-","-","-","-","-","-","-","-","-","-","-","-","-","-","-","-","-","-","-","-","-","-","-","-","-","-","-","-","-","-","-","-","-","-","-","-","-","-","-","-","-","-","-","-","-","-","-","-","-","-","-","-","-","-","-","-","-","-","-","-","-","-","-","-","-","-","-","-","-","-","-","-","-","-","-","-","-","-","-","-","-","-","-","-","-","-","-","-","-","-","-","-","-","-","-","-","-","-","-","-","-","-","-","-"
"26768","Michael Renovato","","Michael Renovato","mikeyt1927@gmail.com","(928) 965-9656","Active Water Leak :Plumbing","sink leraking","Completed","Jul 20, 2026, 8:00 AM","Jul 20, 2026, 10:00 AM","07/20/2026","08:00:00","07/20/2026","10:00:00","Jul 14, 2026, 2:10 PM","2026","July 2026","Beatriz Garcia","5074 South 14th Avenue, Safford, Arizona 85546","Safford","Arizona","85546","Main Location","David Edholm","Gila Valley","Paid","427.5","427.5","0","427.5","","77508, 77526","77508","-","77526","-","Reason for call? Masterbathroom sink leaking

Who will be present to meet the technician? Amanda (sister)

- Where is the water leak? Master bathroom

- How bad is it? Spraying? Dripping? Flowing? Dripping

- Is water valve shut off? No

Is there anything else you would like technician to look at while they are there? 

How did you hear about NexLvl Services? existing

CC on file
Quoted $79 svc fee","","Resi,Gila Valley","-","-","02:20:26","2.33","02:00:00","2","00:22:37","0.37","","0","75","150","75","36.75","277.5","240.75","75","150","75","75","36.75","277.5","240.75","0","427.5","427.5","","","","","Gila Valley - Plumbing","","Michael Renovato","","","","","","Lowe's","Free","","Residential","Tier 1 - 8%","","","8404191","(928) 965-9656","mikeyt1927@gmail.com","","","","","","","","","Nov 19, 2024, 11:56 AM","Resi,Gila Valley","Michael Renovato","","Michael","Renovato","-","-","-","-","-","-","-","-","-","-","-","-","-","-","-","-","-","-","-","-","-","-","-","-","-","-","-","-","-","-","-","-","-","-","-","-","-","-","-","-","-","-","-","-","-","-","-","-","-","-","-","-","-","-","-","-","-","-","-","-","-","-","-","-","-","-","-","-","-","-","-","-","-","-","-","-","-","-","-","-","Jul 14, 2026, 2:10 PM","Jul 20, 2026, 9:12 AM","139:02:21","-","Jul 20, 2026, 9:12 AM","Jul 20, 2026, 9:35 AM","00:22:37","-","Jul 20, 2026, 9:35 AM","Jul 20, 2026, 11:55 AM","02:20:26","-","Jul 21, 2026, 11:03 AM","Jul 21, 2026, 11:04 AM","00:01:11","-","-","-","-","-","-","-","-","-","Jul 20, 2026, 11:55 AM","Jul 21, 2026, 11:03 AM","23:07:55","-","Jul 21, 2026, 11:04 AM","-","-","178:14:27","-","-","-","-","-","-","-","-","-","-","-","-","-","-","-","-","-","-","-","-","-","-","-","-","-","-","-","-","-","-","-","-","-","-","-","-","-","-","-","-","-","-","-","-","-","-","-","-","-","-","-","-","-","-","-","-","-","-","-","-","-","-","-","-","-","-","-","-","-","-","-","-","-","-","-","-","-","-","-","-","-","-","-","-","-","-","-","-","-","-","-","-","-","-","-","-"
"26765","Sage Mesa","Sparrow Capital Partners LLC","Scott Johnson","scott.johnson@sparrowliving.com","(480) 674-2995","Backflow Test","MSI- Backflow testing","Completed","Jul 23, 2026, 8:00 AM","Jul 23, 2026, 10:00 AM","07/23/2026","08:00:00","07/23/2026","10:00:00","Jul 14, 2026, 2:00 PM","2026","July 2026","Jess Gonzalez","10529 East Hampton Avenue, Mesa, Arizona 85209","Mesa","Arizona","85209","Main Location","","","Sent","237","237","0","0","","77014, 77921","77014","-","77921","-","**MSI scheduled 23rd @ 7Am
MSI- Fire backflow testing

- Reached out to Scott let him know MSI","","","-","-","","0","02:00:00","2","","0","","0","0","0","0","195","237","42","0","0","0","0","195","237","42","0","237","237","","","","","MFH - Plumbing","","Scott","","","","","","Lowe's","Free","","Residential","Tier 1 - 8%","","","17413906","(480) 674-2995","scott.johnson@sparrowliving.com","","","Logen Uknavage","","","","","","Jul 2, 2026, 9:25 AM","","Sage Mesa","Sage Mesa","Scott","Johnson","-","-","-","-","-","-","-","-","-","-","-","-","-","-","-","-","-","-","-","-","-","-","-","-","-","-","-","-","-","-","-","-","-","-","-","-","-","-","-","-","-","-","-","-","-","-","-","-","-","-","-","-","-","-","-","-","-","-","-","-","-","-","-","-","-","-","-","-","-","-","-","-","-","-","-","-","-","-","-","-","Jul 14, 2026, 2:00 PM","Jul 24, 2026, 3:54 PM","241:53:36","-","-","-","-","-","-","-","-","-","-","-","-","-","-","-","-","-","-","-","-","-","-","-","-","-","Jul 24, 2026, 3:54 PM","-","-","101:25:15","-","-","-","-","-","-","-","-","-","-","-","-","-","-","-","-","-","-","-","-","-","-","-","-","-","-","-","-","-","-","-","-","-","-","-","-","-","-","-","-","-","-","-","-","-","-","-","-","-","-","-","-","-","-","-","-","-","-","-","-","-","-","-","-","-","-","-","-","-","-","-","-","-","-","-","-","-","-","-","-","-","-","-","-","-","-","-","-","-","-","-","-","-","-","-","-"
"26759","Susan Earl","","Susan Earl","sgearl06@gmail.com","602-819-0872","Faucet :Lowes Simple Installs","1","Completed","Jul 20, 2026, 10:30 AM","Jul 20, 2026, 11:45 AM","07/20/2026","10:30:00","07/20/2026","11:45:00","Jul 14, 2026, 1:21 PM","2026","July 2026","Brenton Heward","16038 N 25th Dr, Phoenix, AZ 85023","Phoenix","AZ","85023","Main Address","Sean Marble","Lowes","Paid","135","0","0","135","","77562","","","77562","Lowes:Simple Installs","x1
Project Source Ellesburg Stainless Steel Single Handle Deck-mount Pull-down Kitchen Faucet with Sprayer (Includes Deck Plate)/on site.","Existing faucet removed new faucet install installed and built tested at all points water connection. No leaks faucet works job complete.","Lowes,onsite","-","-","00:23:25","0.38","01:15:00","1.25","00:15:40","0.25","","0","0","0","0","0","0","0","0","0","0","0","14","135","121","0","135","135","","412956340","","","Lowes - Simple Installs","","","","","","","","","","","","","","","17486430","602-819-0872","sgearl06@gmail.com","null","","","IMS","","","PLUMB - GENERAL (NO SOFTENERS)","PLUMB - GENERAL (NO SOFTENERS)","Jul 11, 2026, 8:00 AM","","Susan Earl","","Susan","Earl","-","-","-","-","-","-","-","-","-","-","-","-","-","-","-","-","-","-","-","-","-","-","-","-","-","-","-","-","-","-","-","-","-","-","-","-","-","-","-","-","-","-","-","-","-","-","-","-","Jul 14, 2026, 1:21 PM","Jul 20, 2026, 9:49 AM","140:27:17","-","-","-","-","-","Jul 20, 2026, 9:49 AM","Jul 20, 2026, 10:04 AM","00:15:40","-","Jul 20, 2026, 10:04 AM","Jul 20, 2026, 10:28 AM","00:23:25","-","-","-","-","-","Jul 20, 2026, 10:28 AM","Jul 20, 2026, 2:46 PM","04:17:51","-","Jul 20, 2026, 2:46 PM","-","-","198:33:21","-","-","-","-","-","-","-","-","-","-","-","-","-","-","-","-","-","-","-","-","-","-","-","-","-","-","-","-","-","-","-","-","-","-","-","-","-","-","-","-","-","-","-","-","-","-","-","-","-","-","-","-","-","-","-","-","-","-","-","-","-","-","-","-","-","-","-","-","-","-","-","-","-","-","-","-","-","-","-","-","-","-","-","-","-","-","-","-","-","-","-","-","-","-","-","-","-","-","-","-","-","-","-","-","-","-","-","-","-","-","-","-","-","-","-","-","-","-","-","-","-","-","-","-","-","-","-","-","-","-","-","-"
"26752","PATRICIA BUCHINO","","PATRICIA BUCHINO","pbuchino58@gmail.com","708-363-2137","Faucet :Lowes Simple Installs","1","Completed","Jul 22, 2026, 9:00 AM","Jul 22, 2026, 11:00 AM","07/22/2026","09:00:00","07/22/2026","11:00:00","Jul 14, 2026, 12:20 PM","2026","July 2026","Ashley Reed","16801 S 175TH AVE, GOODYEAR, AZ 85338","GOODYEAR","AZ","85338","Main Address","Sean Marble","Lowes","Paid","135","180","0","135","","77225, 77746","77225","Lowes:Simple Installs","77746","Lowes:Simple Installs","Simple installs -1- Delta Alpen SpotShield Stainless Steel Single Handle Deck-mount Pull-down Kitchen Faucet with Sprayer (Includes Deck Plate) (Includes Soap Dispenser)/ onsite/ VERY sweet older lady

Customer wants us to repair 3 bathroom faucets with kits they purchase. If it takes an hr $185 is what we're charging. Over an hr we will need to adjust the quote.","Removed existing faucet and replaced with new delta faucet tested no leaks job complete as soon as I arrive Customer told me they changed their mind about repairing their other faucets and are going another route","Lowes,onsite","-","-","00:21:57","0.35","02:00:00","2","00:52:41","0.87","","0","25","180","155","0","0","0","0","0","0","0","14","135","121","0","135","135","","412986169","","","Lowes - Simple Installs","","","","","","","","","","","","","","","17487476","708-363-2137","pbuchino58@gmail.com","null","","","IMS","","","PLUMB - GENERAL (NO SOFTENERS)","PLUMB - GENERAL (NO SOFTENERS)","Jul 12, 2026, 8:00 AM","","PATRICIA BUCHINO","","PATRICIA","BUCHINO","-","-","-","-","-","-","-","-","-","-","-","-","-","-","-","-","-","-","-","-","-","-","-","-","-","-","-","-","-","-","-","-","-","-","-","-","-","-","-","-","-","-","-","-","-","-","-","-","Jul 14, 2026, 12:20 PM","Jul 22, 2026, 8:43 AM","188:23:41","-","-","-","-","-","Jul 22, 2026, 8:43 AM","Jul 22, 2026, 9:36 AM","00:52:41","-","Jul 22, 2026, 9:36 AM","Jul 22, 2026, 9:58 AM","00:21:57","-","-","-","-","-","Jul 22, 2026, 9:58 AM","Jul 22, 2026, 2:50 PM","04:51:58","-","Jul 22, 2026, 2:50 PM","-","-","150:28:59","-","-","-","-","-","-","-","-","-","-","-","-","-","-","-","-","-","-","-","-","-","-","-","-","-","-","-","-","-","-","-","-","-","-","-","-","-","-","-","-","-","-","-","-","-","-","-","-","-","-","-","-","-","-","-","-","-","-","-","-","-","-","-","-","-","-","-","-","-","-","-","-","-","-","-","-","-","-","-","-","-","-","-","-","-","-","-","-","-","-","-","-","-","-","-","-","-","-","-","-","-","-","-","-","-","-","-","-","-","-","-","-","-","-","-","-","-","-","-","-","-","-","-","-","-","-","-","-","-","-","-","-"
"26748","Heather Price","Old Republic Home Protection","Heather Price","bambam0097@gmail.com","(480) 326-6406","Pool Equipment Repair","Pump making loud noises","Completed","Jul 20, 2026, 12:00 PM","Jul 20, 2026, 2:00 PM","07/20/2026","12:00:00","07/20/2026","14:00:00","Jul 14, 2026, 11:45 AM","2026","July 2026","Beatriz Garcia","4241 East Dover Street, Mesa, Arizona 85205","Mesa","Arizona","85205","Main Location","Jasper Castaneda","Pools","Estimate","0","810","0","0","","77520","77520","AZ Service:Pools","","","Symptoms: Pump making loud noises

ORHP WO# 7502-6872","","Resi","-","-","00:08:06","0.13","02:00:00","2","00:27:41","0.45","","0","400","640","240","20.4","170","149.6","0","0","0","0","0","0","0","0","0","0","","7502-6872","","","Pool Repair","","Josh","","","","","","Lowe's","Free","","Residential","Tier 1 - 8%","","","17503548","(480) 326-6406","bambam0097@gmail.com","","","","","","","","Symptoms: Pump making loud noises

ORHP WO# 7502-6872","Jul 14, 2026, 11:36 AM","Resi","Heather Price","","Heather","Price","-","-","-","-","-","-","-","-","-","-","-","-","-","-","-","-","-","-","-","-","-","-","-","-","-","-","-","-","-","-","-","-","-","-","-","-","-","-","-","-","-","-","-","-","-","-","-","-","-","-","-","-","-","-","-","-","-","-","-","-","-","-","-","-","-","-","-","-","-","-","-","-","-","-","-","-","-","-","-","-","Jul 14, 2026, 11:45 AM","Jul 20, 2026, 10:48 AM","143:02:26","-","Jul 20, 2026, 10:48 AM","Jul 20, 2026, 11:15 AM","00:27:41","-","Jul 20, 2026, 11:15 AM","Jul 20, 2026, 11:24 AM","00:08:06","-","-","-","-","-","-","-","-","-","-","-","-","-","Jul 20, 2026, 11:24 AM","Jul 21, 2026, 8:26 AM","21:02:02","-","Jul 21, 2026, 8:26 AM","-","-","180:53:15","-","-","-","-","-","-","-","-","-","-","-","-","-","-","-","-","-","-","-","-","-","-","-","-","-","-","-","-","-","-","-","-","-","-","-","-","-","-","-","-","-","-","-","-","-","-","-","-","-","-","-","-","-","-","-","-","-","-","-","-","-","-","-","-","-","-","-","-","-","-","-","-","-","-","-","-","-","-","-","-","-","-","-","-","-","-","-","-","-","-","-","-","-","-","-","-"
"26742","Jessica Howard-Tilleman","","Jessica Howard-Tilleman","jbhoward95@gmail.com","520-208-3523","Toilet :Lowes Simple Installs","1","Completed","Jul 24, 2026, 10:00 AM","Jul 24, 2026, 12:00 PM","07/24/2026","10:00:00","07/24/2026","12:00:00","Jul 14, 2026, 11:13 AM","2026","July 2026","Brenton Heward","4816 E KACHINA TRL, PHOENIX, AZ 85044","PHOENIX","AZ","85044","Main Address","Bryan Pickett","Lowes","Paid","209","0","0","209","","77889","","","77889","Lowes:Simple Installs","x1
KOHLER Elliston White Elongated Chair height 12-in Rough-In WaterSense 1.28 GPF Soft Close 2-piece Toilet

store: 7100 WEST RAY ROAD,
Chandler, AZ 85226

Customer does have a Bidet they potentially want reinstalled for $92.50.","Disconnected water supply line, removed old toilet and old wax ring. Installed new waxring and new toilet. Reconnected water supply line and tested by filling tank and flushing through bowl several times while checking for leaks and moisture. No visible water, customer tested and customer satisfied.

Pickup/Delivery charge 
Toilet Install","Lowes,Pick up from Lowes","-","-","00:12:59","0.2","02:00:00","2","01:39:19","1.65","01:56:14","1.93","0","0","0","0","0","0","0","0","0","0","21","209","188","0","209","209","","412967942","","","Lowes - Simple Installs","","","","","","","","","","","","","","","17487479","520-208-3523","jbhoward95@gmail.com","null","","","IMS","","","PLUMB - ONLINE ONLY","PLUMB - ONLINE ONLY","Jul 12, 2026, 8:01 AM","","Jessica Howard-Tilleman","","Jessica","Howard-Tilleman","-","-","-","-","-","-","-","-","-","-","-","-","-","-","-","-","-","-","-","-","-","-","-","-","-","-","-","-","-","-","-","-","-","-","-","-","-","-","-","-","-","-","-","-","-","-","-","-","Jul 14, 2026, 11:13 AM","Jul 24, 2026, 9:35 AM","238:22:25","-","-","-","-","-","Jul 24, 2026, 9:35 AM","Jul 24, 2026, 11:15 AM","01:39:20","-","Jul 24, 2026, 11:15 AM","Jul 24, 2026, 11:28 AM","00:12:58","-","-","-","-","-","Jul 24, 2026, 11:28 AM","Jul 24, 2026, 12:14 PM","00:46:22","-","Jul 24, 2026, 12:14 PM","-","-","105:04:50","-","-","-","-","-","-","-","-","-","-","-","-","-","-","-","-","-","-","-","-","-","-","-","-","-","-","-","-","-","-","-","-","-","-","-","-","-","-","-","-","-","-","-","-","-","-","-","-","-","-","-","-","-","-","-","-","-","-","-","-","-","-","-","-","-","-","-","-","-","-","-","-","-","-","-","-","-","-","-","-","-","-","-","-","-","-","-","-","-","-","-","-","-","-","-","-","-","-","-","-","-","-","-","-","-","-","-","-","-","-","-","-","-","-","-","-","-","-","-","-","-","-","-","-","-","-","-","-","-","-","-","-"
"26689","Andrew Dropps","","Andrew Dropps","chargerscatpack@hotmail.com","(651) 815-5542","Active Water Leak :Plumbing","water heater leak","Completed","Jul 20, 2026, 8:00 AM","Jul 20, 2026, 10:00 AM","07/20/2026","08:00:00","07/20/2026","10:00:00","Jul 13, 2026, 1:12 PM","2026","July 2026","Beatriz Garcia","5374 Emory Road, Safford, Arizona 85546","Safford","Arizona","85546","Main Location","AJ Diaz","Gila Valley","Estimate","0","395","0","0","","77509","77509","AZ Service:Gila Valley","","","Text 45 mins to 1 hour before arrival 
Reason for call? Water heater leak

Who will be present to meet the technician? Andrew

- Where is the water leak? Out in the deck

- How bad is it? Spraying? Dripping? Flowing? Dripping

- Is water valve shut off? N/A

Is there anything else you would like technician to look at while they are there? N/A

How did you hear about NexLvl Services? Google

CC on file
Quote $79 svc fee","","Resi,Gila Valley","-","-","00:36:42","0.6","02:00:00","2","00:44:02","0.73","","0","50","125","75","44.4","270","225.6","0","0","0","0","0","0","0","0","0","0","","","","","Gila Valley - Plumbing","","Andrew Dropps","","","","","","Lowe's","Free","","Residential","Tier 1 - 8%","","","17494044","(651) 815-5542","chargerscatpack@hotmail.com","","","","Google Search","","","5374 S Emory Rd","","Jul 13, 2026, 1:09 PM","Gila Valley,Resi","Andrew Dropps","","Andrew","Dropps","-","-","-","-","-","-","-","-","-","-","-","-","-","-","-","-","-","-","-","-","-","-","-","-","-","-","-","-","-","-","-","-","-","-","-","-","-","-","-","-","-","-","-","-","-","-","-","-","-","-","-","-","-","-","-","-","-","-","-","-","-","-","-","-","-","-","-","-","-","-","-","-","-","-","-","-","-","-","-","-","Jul 13, 2026, 1:12 PM","Jul 20, 2026, 9:02 AM","163:49:39","-","Jul 20, 2026, 9:02 AM","Jul 20, 2026, 9:46 AM","00:44:02","-","Jul 20, 2026, 9:46 AM","Jul 20, 2026, 10:23 AM","00:36:42","-","-","-","-","-","-","-","-","-","-","-","-","-","-","-","-","-","Jul 20, 2026, 10:23 AM","-","-","202:56:17","-","-","-","-","-","-","-","-","-","-","-","-","-","-","-","-","-","-","-","-","-","-","-","-","-","-","-","-","-","-","-","-","-","-","-","-","-","-","-","-","-","-","-","-","-","-","-","-","-","-","-","-","-","-","-","-","-","-","-","-","-","-","-","-","-","-","-","-","-","-","-","-","-","-","-","-","-","-","-","-","-","-","-","-","-","-","-","-","-","-","-","-","-","-","-","-"
"26662","Jose  Tellez","","Jose Tellez","bernietellez@yahoo.com","(928) 322-1014","Clogged Drain :Plumbing","Clogged roof vent","Canceled","Jul 20, 2026, 10:00 AM","Jul 20, 2026, 11:00 PM","07/20/2026","10:00:00","07/20/2026","23:00:00","Jul 13, 2026, 10:17 AM","2026","July 2026","Beatriz Garcia","1896 East Lone Star Road, Safford, Arizona 85546","Safford","Arizona","85546","Main Location","","","","0","0","0","0","","","","","","","REMINDER TO USE CAMERA AND LOOK FOR SEWER/GENERAL PIPE REPLACEMENT OPPORTUNITIES. 

Reason for call? Clogged roof vent

Who will be present to meet the technician? Bernie

Where is the primary location of the clogged drain? Roof

Are there any other drains that are backing up? No

Are you on a septic system? If so, when was the last time it was pumped? Yes, about 4 years

Is there anything else you would like technician to look at while they are there? 

How did you hear about NexLvl Services?","","Gila Valley,Resi","-","-","","0","13:00:00","13","","0","","0","0","0","0","0","0","0","0","0","0","0","0","0","0","0","0","0","","","","","Gila Valley - Plumbing","Customer Resolved","Jose Tellez","","","","","","Lowe's","Free","","Residential","Tier 1 - 8%","","","17492154","(928) 322-1014","bernietellez@yahoo.com","","","","Google Search","","","","","Jul 13, 2026, 10:14 AM","Resi,Gila Valley","Jose  Tellez","","Jose","Tellez","-","-","-","-","-","-","-","-","-","-","-","-","-","-","-","-","-","-","-","-","-","-","-","-","-","-","-","-","-","-","-","-","-","-","-","-","-","-","-","-","-","-","-","-","-","-","-","-","-","-","-","-","-","-","-","-","-","-","-","-","-","-","-","-","-","-","-","-","-","-","-","-","-","-","-","-","-","-","-","-","Jul 13, 2026, 10:17 AM","Jul 14, 2026, 4:25 PM","30:07:44","-","-","-","-","-","-","-","-","-","-","-","-","-","-","-","-","-","-","-","-","-","-","-","-","-","-","-","-","-","Jul 14, 2026, 4:25 PM","-","-","340:54:18","-","-","-","-","-","-","-","-","-","-","-","-","-","-","-","-","-","-","-","-","-","-","-","-","-","-","-","-","-","-","-","-","-","-","-","-","-","-","-","-","-","-","-","-","-","-","-","-","-","-","-","-","-","-","-","-","-","-","-","-","-","-","-","-","-","-","-","-","-","-","-","-","-","-","-","-","-","-","-","-","-","-","-","-","-","-","-","-","-","-","-","-"
"26652","Elcharro","","Contact","Thomas@myelcharro.com","(928) 965-4875","Active Water Leak :Plumbing","leaking pipe","Canceled","Jul 20, 2026, 10:00 AM","Jul 20, 2026, 12:00 PM","07/20/2026","10:00:00","07/20/2026","12:00:00","Jul 13, 2026, 9:26 AM","2026","July 2026","Destinee Kastner","601 West Main Street, Safford, AZ 85546","Safford","AZ","85546","Main Location","","","","0","0","0","0","","","","","","","Reason for call? Thomas Biggs called to report a leaking shark pipe by back door of restuarant","","Commercial","-","-","","0","02:00:00","2","","0","","0","0","0","0","0","0","0","0","0","0","0","0","0","0","0","0","0","","","","","Gila Valley - Plumbing","Availability","Thomas","","","","","","","","","","","","","8169434","(928) 965-4875","Thomas@myelcharro.com","","","","HVAC","","","","","Oct 31, 2024, 10:21 PM","","Elcharro","Elcharro","Valerie","","-","-","-","-","-","-","-","-","-","-","-","-","-","-","-","-","-","-","-","-","-","-","-","-","-","-","-","-","-","-","-","-","-","-","-","-","-","-","-","-","-","-","-","-","-","-","-","-","-","-","-","-","-","-","-","-","-","-","-","-","-","-","-","-","-","-","-","-","-","-","-","-","-","-","-","-","-","-","-","-","Jul 13, 2026, 9:26 AM","Jul 14, 2026, 4:26 PM","31:00:34","-","-","-","-","-","-","-","-","-","-","-","-","-","-","-","-","-","-","-","-","-","-","-","-","-","-","-","-","-","Jul 14, 2026, 4:26 PM","-","-","340:52:47","-","-","-","-","-","-","-","-","-","-","-","-","-","-","-","-","-","-","-","-","-","-","-","-","-","-","-","-","-","-","-","-","-","-","-","-","-","-","-","-","-","-","-","-","-","-","-","-","-","-","-","-","-","-","-","-","-","-","-","-","-","-","-","-","-","-","-","-","-","-","-","-","-","-","-","-","-","-","-","-","-","-","-","-","-","-","-","-","-","-","-","-"
"26556","Aziza Osman","","Aziza Osman","azizaosman2013@gmail.com","(480) 330-8331","Pool Equipment Repair","Processor failed error code","Completed","Jul 20, 2026, 12:00 PM","Jul 20, 2026, 2:00 PM","07/20/2026","12:00:00","07/20/2026","14:00:00","Jul 9, 2026, 2:19 PM","2026","July 2026","Beatriz Garcia","1045 South 131st Street, Gilbert, Arizona 85233","Gilbert","Arizona","85233","Main Location","Ian Campbell","Pools","Estimate","0","150","0","0","","77537","77537","AZ Service:Pools","","","Pool cleaner notes: Processor failed error code, showing on here Hayward variable speed. Pool shut off at Killswitch. 

On 7/16 pool alert: Motor running again, but sounds awful, left off at the Killswitch

Per Destinee: Schedule Ian next available","Pump indeed sounds bad, has cavitation.
Need to clean and inspect filter elements to rule out any other issues with suction and filtration.

Pump was installed August 2025, so if after filter clean and full prime motor is still screeching we will have to contact Hayward warranty.

Called and left vm for approval on site, no answer.
Moving on for now.","Resi","-","-","00:23:38","0.38","02:00:00","2","","0","","0","0","0","0","0","150","150","0","0","0","0","0","0","0","0","0","0","","","","","Pool Repair","","Destinee","","","","","","","","","","","","","9058825","(480) 330-8331","azizaosman2013@gmail.com","","","","","","","","","Jan 16, 2025, 10:20 AM","Resi,Pools","Aziza Osman","","Aziza","Osman","-","-","-","-","-","-","-","-","-","-","-","-","-","-","-","-","-","-","-","-","-","-","-","-","-","-","-","-","-","-","-","-","-","-","-","-","-","-","-","-","-","-","-","-","-","-","-","-","-","-","-","-","-","-","-","-","-","-","-","-","-","-","-","-","-","-","-","-","-","-","-","-","-","-","-","-","-","-","-","-","Jul 15, 2026, 2:59 PM","Jul 20, 2026, 12:33 PM","117:33:58","-","-","-","-","-","Jul 20, 2026, 12:33 PM","Jul 20, 2026, 12:56 PM","00:23:37","-","-","-","-","-","Jul 15, 2026, 2:53 PM","Jul 15, 2026, 2:59 PM","00:05:54","-","-","-","-","-","Jul 20, 2026, 12:56 PM","Jul 20, 2026, 3:51 PM","02:55:10","-","Jul 20, 2026, 3:51 PM","-","-","197:27:24","-","-","-","-","-","-","-","-","-","-","-","-","-","-","-","-","-","-","-","-","-","-","-","-","-","-","-","-","-","-","-","-","-","-","-","-","-","-","-","-","-","-","-","-","-","-","-","-","-","-","-","-","-","-","-","-","-","-","-","-","-","-","-","-","-","-","-","-","-","-","-","-","-","-","-","-","-","-","-","-","-","-","-","-","-","-","-","-","-","-","-","-","-","-","-","-"
"26521","Bruce Ruehl","","Bruce Ruehl","bruceruehl1@gmail.com","(203) 550-9313","Toilet :Lowes Simple Installs","2","Canceled","Jul 21, 2026, 10:30 AM","Jul 21, 2026, 1:00 PM","07/21/2026","10:30:00","07/21/2026","13:00:00","Jul 8, 2026, 4:47 PM","2026","July 2026","Ashley Reed","2550 East River Road, unit 7106, Tucson, Arizona 85718","Tucson","Arizona","85718","Main Location","Mathew Hodges","Lowes","Paid","345","295","0","345","","77668, 77670, 77686","77668","Lowes:Simple Installs","77670, 77686","Lowes:Simple Installs, Lowes:Simple Installs","Simple installs -
1- Mainstream White Round Chair height 12-in Rough-In WaterSense 1.28 GPF Soft Close 2-
1- Mainstream White Elongated Chair height 12-in Rough-In WaterSense 1.28 GPF Soft
both toilets are onsite/ customer is also going to have us replace his shut off and supply lines/ he knows about the additional charge and ok'd it. The water to the whole complex will be off from 8-5pm

Bruce has to leave by 10:15.

Trip Charge: PR32445977","Came up to customers house to install two American Standard toilets on my arrival. The sister-in-law was here and told me that I have to replace both of the angle stops and supply lines. He called the homeowner. I had to make sure that he let the HOA know or the property know that we have to shut off water to replace these angle stops. Shut off water started replacing angle stops turn water back on to test for no leaks. There’s no leaks at this time started removing old toilets and setting up outside guest bathroom toilet got that fully installed with angle stop and supply line talk around the toilet and turned water on to make sure there was no leaks. There is no leaks at this time in that bathroom went to the master bathroom built the toilet trying to see if that one will fit toilet does not fit the toilet that he got was a 12 on center. It needs a 10 on center of drain. Told the customer about that dispatch collected payment for replacing supply lines and angle stops. Customer has to take toilet back to change it for another one. I asked customer did he want me to break down the toilet and put it back into the box. He said don’t worry about it. I will do it later. Whenever customer is ready he will call back to reschedule for us to come out and install toilet inside Mr. bedroom","Lowes,onsite","-","-","03:18:26","3.3","02:30:00","2.5","00:25:23","0.42","","0","49","110","61","22.2","185","162.8","49","110","61","49","27.2","235","207.8","0","345","345","","407712757","","","Lowes - Simple Installs","","","","","","","","Lowe's","","","","","","","10540558","(203) 550-9313","bruceruehl1@gmail.com","","","Josh Harris","IMS","1st Attempt","","ESTIMATE_APPOINTMENT | APPOINTMENT_SET","ESTIMATE_APPOINTMENT | APPOINTMENT_SET","May 12, 2025, 9:13 AM","Lowes,Resi","Bruce Ruehl","","Bruce","Ruehl","-","-","-","-","-","-","-","-","-","-","-","-","-","-","-","-","-","-","-","-","-","-","-","-","-","-","-","-","-","-","-","-","-","-","-","-","-","-","-","-","-","-","-","-","-","-","-","-","Jul 8, 2026, 4:47 PM","Jul 21, 2026, 10:36 AM","305:49:00","-","-","-","-","-","Jul 21, 2026, 10:36 AM","Jul 21, 2026, 11:02 AM","00:25:23","-","Jul 21, 2026, 11:02 AM","Jul 21, 2026, 2:20 PM","03:18:27","-","Jul 21, 2026, 2:29 PM","Jul 27, 2026, 10:19 AM","139:49:56","-","Jul 21, 2026, 2:20 PM","Jul 21, 2026, 2:29 PM","00:08:43","-","-","-","-","-","Jul 27, 2026, 10:19 AM","-","-","35:00:01","-","-","-","-","-","-","-","-","-","-","-","-","-","-","-","-","-","-","-","-","-","-","-","-","-","-","-","-","-","-","-","-","-","-","-","-","-","-","-","-","-","-","-","-","-","-","-","-","-","-","-","-","-","-","-","-","-","-","-","-","-","-","-","-","-","-","-","-","-","-","-","-","-","-","-","-","-","-","-","-","-","-","-","-","-","-","-","-","-","-","-","-","-","-","-","-","-","-","-","-","-","-","-","-","-","-","-","-","-","-","-","-","-","-","-","-","-","-","-","-","-","-","-","-","-","-","-","-"
"26291","Janet Alder","","Janet Alder","azhomes.janet@gmail.com","(520) 349-5797","Septic Inspection  :Plumbing","Septic inspection & pumping","Canceled","Jul 20, 2026, 8:00 AM","Jul 20, 2026, 10:00 AM","07/20/2026","08:00:00","07/20/2026","10:00:00","Jul 1, 2026, 12:03 PM","2026","July 2026","Beatriz Garcia","175 Calle De Buena Vista, Safford, Arizona 85546","Safford","Arizona","85546","Main Location","","","","0","0","0","0","","","","","","","GET CREDIT CARD ON FILE (REQUIRED FOR US TO GO ON SITE)

Reason for call? septic inspection

When is the close date? 7/29/26

Do you know where the lid is? Yes

Is it uncovered? If not, are the lids able to be accessed with a tractor? No, we will uncover, tractor needed

When was the last time the tank was pumped? November 2020

When was your home built? 1978

What is the Parcel Number? 10629108

Who will be present to meet the technician? Janet and/or Tim

Who is the Title Company? Pioneer Title

What is the email and phone number of the Title Company contact? (lindsey.wilson@pioneertitleagency.com  or/ and teamlindsey@ptaaz.com - 928-428-0180 

Who needs the inspection and invoice emailed to them? And what is their email? Only send her the insepction: Lindsey Wilson. (lindsey.wilson@pioneertitleagency.com  or/ and teamlindsey@ptaaz.com)

How did you hear about NexLvl Services? Green's Plumbing

Pump & inspection $750
Uncover lid $150

175 E Calle Buena Vista Road Safford.","","Resi,Gila Valley,Tractor Needed","-","-","","0","02:00:00","2","","0","","0","0","0","0","0","0","0","0","0","0","0","0","0","0","0","0","0","","","","","Gila Valley - Septic","","janet alder","","","","","","Lowe's","Free","","Residential","Tier 1 - 8%","","","17370513","(520) 349-5797","azhomes.janet@gmail.com","(928) 792-3333","","","Word of Mouth","","","","","Jul 1, 2026, 11:52 AM","Gila Valley,Resi","Janet Alder","","Janet","Alder","-","-","-","-","-","-","-","-","-","-","-","-","-","-","-","-","-","-","-","-","-","-","-","-","-","-","-","-","-","-","-","-","-","-","-","-","-","-","-","-","-","-","-","-","-","-","-","-","-","-","-","-","-","-","-","-","-","-","-","-","-","-","-","-","-","-","-","-","-","-","-","-","-","-","-","-","-","-","-","-","Jul 1, 2026, 12:03 PM","Jul 2, 2026, 4:05 PM","28:02:43","-","-","-","-","-","-","-","-","-","-","-","-","-","-","-","-","-","-","-","-","-","-","-","-","-","-","-","-","-","Jul 2, 2026, 4:05 PM","-","-","629:13:34","-","-","-","-","-","-","-","-","-","-","-","-","-","-","-","-","-","-","-","-","-","-","-","-","-","-","-","-","-","-","-","-","-","-","-","-","-","-","-","-","-","-","-","-","-","-","-","-","-","-","-","-","-","-","-","-","-","-","-","-","-","-","-","-","-","-","-","-","-","-","-","-","-","-","-","-","-","-","-","-","-","-","-","-","-","-","-","-","-","-","-","-"
"26094","Latha Begur","","Latha Begur","skbalu@hotmail.com","623-377-3463","Faucet/toilet :Lowes Simple Installs","1/1","Completed","Jul 20, 2026, 9:00 AM","Jul 20, 2026, 10:30 AM","07/20/2026","09:00:00","07/20/2026","10:30:00","Jun 26, 2026, 3:37 PM","2026","June 2026","Ashley Reed","19423 N 62ND AVE, GLENDALE, AZ 85308","GLENDALE","AZ","85308","Main Address","Sean Marble","Lowes","","0","0","0","0","","","","","","","Simple install- this is to try and fix the scratches that were put in the sink when the faucet was installed, Mike said for paint to get the smallest one that you can. the toilet is also making a thud noise when they sit and get up","Will come back for the rest of the sink chip repair when we get the correct color toilet was tight. Customer was explaining a sound that they heard from their pipe and the repair flange underneath the toilet. This toilet is on the second story and the pipe around the flange the subfloor has been eaten away from when we had to do the first flange repair toilet is not rocking and is secured to the floor. The noise that the customer hears is the pipe in the subfloor moving slightly because of previous damage from bad flange.","Lowes","-","-","00:03:06","0.05","01:30:00","1.5","00:29:48","0.48","","0","0","0","0","0","0","0","0","0","0","0","0","0","0","0","0","0","","","","","Lowes - Simple Installs","","","","","","","","Lowe's","Free","","Residential","Tier 1 - 8%","","","16602900","623-377-3463","skbalu@hotmail.com","","","","IMS","","","PLUMB - ONLINE ONLY","PLUMB - ONLINE ONLY","May 15, 2026, 8:00 AM","Do Not Service","Latha Begur","","Latha","Begur","-","-","-","-","-","-","-","-","-","-","-","-","-","-","-","-","-","-","-","-","-","-","-","-","-","-","-","-","-","-","-","-","-","-","-","-","-","-","-","-","-","-","-","-","-","-","-","-","-","-","-","-","-","-","-","-","-","-","-","-","-","-","-","-","-","-","-","-","-","-","-","-","-","-","-","-","-","-","-","-","Jun 26, 2026, 3:37 PM","Jul 20, 2026, 9:12 AM","569:34:32","-","Jul 20, 2026, 9:12 AM","Jul 20, 2026, 9:42 AM","00:29:48","-","Jul 20, 2026, 9:42 AM","Jul 20, 2026, 9:45 AM","00:03:07","-","-","-","-","-","-","-","-","-","-","-","-","-","Jul 20, 2026, 9:45 AM","Jul 20, 2026, 2:44 PM","04:59:10","-","Jul 20, 2026, 2:44 PM","-","-","198:34:56","-","-","-","-","-","-","-","-","-","-","-","-","-","-","-","-","-","-","-","-","-","-","-","-","-","-","-","-","-","-","-","-","-","-","-","-","-","-","-","-","-","-","-","-","-","-","-","-","-","-","-","-","-","-","-","-","-","-","-","-","-","-","-","-","-","-","-","-","-","-","-","-","-","-","-","-","-","-","-","-","-","-","-","-","-","-","-","-","-","-","-","-","-","-","-","-"
"25006","Safford Ranch Mobile Home Park","","Gordon Gibbs","","","Septic Inspection","","Waiting on Parts","Jul 23, 2026, 8:00 AM","Jul 23, 2026, 11:00 AM","07/23/2026","08:00:00","07/23/2026","11:00:00","May 28, 2026, 1:41 PM","2026","May 2026","Joey Reyes","3201 E U.S. Hwy 70 Safford, Arizona 85546","","Arizona","85546","Frank Rogers","Jeff Green, Jaxon Bryant","Gila Valley","Invoiced","675","0","675","0","","77802","","","77802","AZ Service:Gila Valley","Frank requested to have us out 2 weeks to inspect one tank.
Need to coordinate with Gordon the day prior to confirm he will be there, and he will direct us to the tank we are working on.
Please make sure the tank is indicated on the invoice.","","VIP","-","-","","0","03:00:00","3","","0","","0","0","0","0","0","0","0","0","0","0","0","44.4","675","630.6","0","675","675","","","","","Plumbing Service","","Frank","","","","","","Lowe's","","","","","","","6708933","","","","","","Cushman & Wakefield","","","","","Apr 23, 2024, 6:32 AM","Gila Valley,VIP,Commercial","Safford Ranch Mobile Home Park","Safford Ranch Mobile Home Park","Gordon","Gibbs","-","-","-","-","-","-","-","-","-","-","-","-","-","-","-","-","-","-","-","-","-","-","-","-","-","-","-","-","-","-","-","-","-","-","-","-","-","-","-","-","-","-","-","-","-","-","-","-","-","-","-","-","-","-","-","-","-","-","-","-","-","-","-","-","-","-","-","-","-","-","-","-","-","-","-","-","-","-","-","-","May 28, 2026, 1:41 PM","Jul 23, 2026, 12:19 PM","1342:37:48","-","-","-","-","-","-","-","-","-","-","-","-","-","-","-","-","-","Jul 24, 2026, 3:13 PM","-","-","102:05:23","Jul 23, 2026, 12:19 PM","Jul 24, 2026, 3:13 PM","26:53:29","-","Jul 24, 2026, 3:13 PM","Jul 24, 2026, 3:13 PM","00:00:57","-","-","-","-","-","-","-","-","-","-","-","-","-","-","-","-","-","-","-","-","-","-","-","-","-","-","-","-","-","-","-","-","-","-","-","-","-","-","-","-","-","-","-","-","-","-","-","-","-","-","-","-","-","-","-","-","-","-","-","-","-","-","-","-","-","-","-","-","-","-","-","-","-","-","-","-","-","-","-","-","-","-","-","-","-","-","-","-","-","-","-","-","-","-","-","-","-"
"24033","Chewy Distribution","","Chris Ellerman","cellerman@chewy.com","(602) 566-3928","Plumbing Inspection","Weekly Inspection","Completed","Jul 23, 2026, 8:00 AM","Jul 23, 2026, 11:45 AM","07/23/2026","08:00:00","07/23/2026","11:45:00","May 4, 2026, 10:34 AM","2026","May 2026","Joey Reyes","255 S 143rd Avenue, Goodyear, AZ 85338","Goodyear","AZ","85338","255 S 143rd Avenue","Adam George","PHX - Plumbing","Sent","2013","0","0","0","","78072, 78078","","","78072, 78078","AZ Service, -","This is the weekly maintenance visit. We are to invoice $215 for each visit, unless there is work performed. 
PO CHI167572 is only valid 5/1-7/31","Men's urinal #7- Replaced diaphragm and actuator motor head.
Women's inbound stall 8- replaced diaphragm
Women's inbound stall 7 - Replaced diaphragm, vacuum breaker, and actuator head; sanded and cleaned every seal surface. Unit is still continuously running; will need to replace head body due to the put-in not allowing the diaphragm to seat properly. Will provide estimate for this. PoC said it is fine to repair this next service
Men's inbound far sink- replaced faucet as solenoid seal has failed, allowing faucet to continuously
Men's outbound stall 4. Seeing eye cover and button were broken; replaced with new.

Purchased 5 vacuum breakers with poc concent; cost $21
4 hours in site","VIP","-","-","02:57:00","2.95","03:45:00","3.75","","0","","0","0","0","0","0","0","0","50","113","63","50","249.6","1900","1650.4","0","2013","2013","","","","","PHX - Plumbing","","Chris","","","","","","Lowe's","Free","","Residential","Tier 1 - 8%","","","6724734","(602) 566-3928","cellerman@chewy.com","","","Kris Driggs","Cushman & Wakefield","","","Every estimate $5000 or more may need to be itemized for all material being used.","","Apr 23, 2024, 4:10 PM","VIP,Commercial,Net 45,Coupa","Chewy Distribution","Chewy Distribution","Chris","Ellerman","-","-","-","-","-","-","-","-","-","-","-","-","-","-","-","-","-","-","-","-","-","-","-","-","-","-","-","-","-","-","-","-","-","-","-","-","-","-","-","-","-","-","-","-","-","-","-","-","-","-","-","-","-","-","-","-","-","-","-","-","-","-","-","-","-","-","-","-","-","-","-","-","-","-","-","-","-","-","-","-","May 4, 2026, 10:34 AM","Jul 23, 2026, 9:45 AM","1919:10:55","-","-","-","-","-","Jul 23, 2026, 9:45 AM","Jul 23, 2026, 12:42 PM","02:57:00","-","-","-","-","-","-","-","-","-","Jul 24, 2026, 3:14 PM","Jul 27, 2026, 2:25 PM","71:10:56","-","Jul 23, 2026, 12:42 PM","Jul 24, 2026, 3:14 PM","26:31:52","-","Jul 27, 2026, 2:25 PM","-","-","30:54:10","-","-","-","-","-","-","-","-","-","-","-","-","-","-","-","-","-","-","-","-","-","-","-","-","-","-","-","-","-","-","-","-","-","-","-","-","-","-","-","-","-","-","-","-","-","-","-","-","-","-","-","-","-","-","-","-","-","-","-","-","-","-","-","-","-","-","-","-","-","-","-","-","-","-","-","-","-","-","-","-","-","-","-","-","-","-","-","-","-","-","-","-","-","-","-","-"